2025-03-27 11:36:21,686 - INFO - ============================================================
2025-03-27 11:36:21,686 - INFO - Instagram Auto Scraper Starting
2025-03-27 11:36:21,686 - INFO - ============================================================
2025-03-27 11:36:21,686 - INFO - Auto-scraper script started
2025-03-27 11:36:21,686 - INFO - Inspecting links file for format issues
2025-03-27 11:36:21,686 - INFO - Links file contains 1862 lines
2025-03-27 11:36:21,687 - INFO - First 3 links: ['https://www.instagram.com/shuheisakaue/', 'https://www.instagram.com/catsoupai/', 'https://www.instagram.com/soloslop.memes/']
2025-03-27 11:36:21,687 - INFO - Last 3 links: ['https://www.instagram.com/young.brando/', 'https://www.instagram.com/yuukakazami0/', 'https://www.instagram.com/cucny/']
2025-03-27 11:36:21,687 - INFO - Performing initial duplicate check on following links
2025-03-27 11:36:21,687 - INFO - No duplicate links found in instagram_data/followingLinks.txt
2025-03-27 11:36:21,687 - INFO - Checking and removing already processed links
2025-03-27 11:36:21,687 - INFO - remove_processed_links function is disabled to allow re-scraping of potential rate-limited accounts
2025-03-27 11:36:21,687 - INFO - Fetching current follower and following counts from profile...
2025-03-27 11:36:54,578 - INFO - PROFILE CHECK: Logged in using button: //button[contains(.,'Log in')]
2025-03-27 11:36:54,578 - INFO - PROFILE CHECK: Logged in successfully!
2025-03-27 11:36:54,578 - INFO - PROFILE CHECK: Logged in as fretin98
2025-03-27 11:36:54,578 - INFO - PROFILE CHECK: Profile Stats: {'followers': 881, 'following': 1868, 'posts': 242}
2025-03-27 11:36:54,578 - INFO - Found profile stats
2025-03-27 11:36:54,578 - INFO - PROFILE CHECK: Followers: 881, Following: 1868
2025-03-27 11:36:54,578 - INFO - Extracted total followers: 881
2025-03-27 11:36:54,578 - INFO - Extracted total following: 1868
2025-03-27 11:36:54,578 - INFO - PROFILE CHECK: Session completed successfully!
2025-03-27 11:36:54,578 - INFO - PROFILE CHECK: Browser closed.
2025-03-27 11:36:54,650 - INFO - Updating status with initial profile counts - Followers: 881, Following: 1868
2025-03-27 11:36:54,652 - INFO - Saved data to instagram_data/auto_scrape_status.json
2025-03-27 11:36:54,652 - INFO - Current counts in status file - Followers: 881, Following: 1868
2025-03-27 11:36:54,652 - INFO - Following collection progress: 1862/1868 (99.7%)
2025-03-27 11:36:54,652 - INFO - Followers collection progress: 879/881 (99.8%)
2025-03-27 11:36:54,652 - INFO - Current counts in status file - Followers: 881, Following: 1868
2025-03-27 11:36:54,653 - INFO - Current counts in status file - Followers: 881, Following: 1868
2025-03-27 11:36:54,656 - INFO - Only 4.8 minutes since last run. Waiting at least 15 minutes between runs.
2025-03-27 11:36:54,656 - INFO - Not safe to run right now. Waiting 60 minutes before checking again
2025-03-27 11:56:54,715 - INFO - Current counts in status file - Followers: 881, Following: 1868
2025-03-27 11:56:54,719 - INFO - Current counts in status file - Followers: 881, Following: 1868
2025-03-27 11:56:54,725 - INFO - Starting new scraping session
2025-03-27 11:56:54,732 - INFO - Current counts in status file - Followers: 881, Following: 1868
2025-03-27 11:56:54,732 - INFO - Need to collect more following accounts: 1862/1868
2025-03-27 11:56:54,732 - INFO - Need to collect more followers: 879/881
2025-03-27 11:56:54,735 - INFO - Using 6 max pages for this session
2025-03-27 11:57:31,317 - INFO - SCRAPER: Logged in using button: //button[contains(.,'Log in')]
2025-03-27 11:57:31,318 - INFO - SCRAPER: Logged in successfully!
2025-03-27 11:57:31,318 - INFO - SCRAPER: Logged in as fretin98
2025-03-27 11:57:31,318 - INFO - SCRAPER: Resuming previous session...
2025-03-27 11:57:31,318 - INFO - SCRAPER: Loaded 879 followers and 1862 following from previous session
2025-03-27 11:57:31,318 - INFO - SCRAPER: Profile Stats: {'followers': 881, 'following': 1868, 'posts': 242}
2025-03-27 11:57:31,318 - INFO - Found profile stats line
2025-03-27 11:57:31,318 - INFO - SCRAPER: Followers: 881, Following: 1868
2025-03-27 11:57:31,318 - INFO - Extracted total followers: 881
2025-03-27 11:57:31,318 - INFO - Extracted total following: 1868
2025-03-27 11:57:31,318 - INFO - SCRAPER: Scraping followers...
2025-03-27 11:57:31,318 - INFO - SCRAPER: Already collected 879/881 followers (≥95%). Skipping followers scraping.
2025-03-27 11:57:31,318 - INFO - SCRAPER: Scraping following...
2025-03-27 11:57:31,318 - INFO - SCRAPER: Already collected 1862/1868 following accounts (≥95%). Skipping following scraping.
2025-03-27 11:57:31,318 - INFO - SCRAPER: Getting links to following accounts...
2025-03-27 11:57:31,318 - INFO - SCRAPER: Created 1862 following links from usernames
2025-03-27 11:57:31,318 - INFO - SCRAPER: Updated following links file: instagram_data/followingLinks.txt
2025-03-27 11:57:31,318 - INFO - SCRAPER: Updated adjacency list file: instagram_data/adjList.txt
2025-03-27 11:57:31,318 - INFO - SCRAPER: Added 0 new relationships (total: 25025)
2025-03-27 11:57:31,318 - INFO - SCRAPER: Retrieved 1862 following links
2025-03-27 11:57:31,318 - INFO - SCRAPER: Session completed successfully!
2025-03-27 11:57:31,318 - INFO - SCRAPER: Browser closed.
2025-03-27 11:57:31,433 - INFO - Updating status with dynamic counts - Followers: 881, Following: 1868
2025-03-27 11:57:31,435 - INFO - Saved data to instagram_data/auto_scrape_status.json
2025-03-27 11:57:31,435 - INFO - Now running a session to scrape following accounts network data...
2025-03-27 11:57:31,435 - INFO - Starting following accounts scraping session
2025-03-27 11:57:31,435 - INFO - remove_processed_links function is disabled to allow re-scraping of potential rate-limited accounts
2025-03-27 11:57:31,435 - INFO - DEBUG: Checking for duplicates before processing
2025-03-27 11:57:31,437 - INFO - No duplicate links found in instagram_data/followingLinks.txt
2025-03-27 11:57:31,438 - INFO - DEBUG: Before processing - 1862 accounts in queue
2025-03-27 11:57:31,442 - INFO - Using random batch size of 46 accounts for this session
2025-03-27 11:59:32,988 - INFO - FOLLOWING SCRAPER: DEBUG MODE ENABLED
2025-03-27 11:59:32,993 - INFO - FOLLOWING SCRAPER: Loaded scraping progress: 1472 accounts processed
2025-03-27 11:59:32,993 - INFO - FOLLOWING SCRAPER: Will process 46 accounts in this session
2025-03-27 11:59:32,993 - INFO - FOLLOWING SCRAPER: Logged in using button: //button[contains(.,'Log in')]
2025-03-27 11:59:32,993 - INFO - FOLLOWING SCRAPER: Logged in successfully!
2025-03-27 11:59:32,993 - INFO - FOLLOWING SCRAPER: Rate limit statistics: 1 accounts marked as rate-limited
2025-03-27 11:59:32,993 - INFO - FOLLOWING SCRAPER: Examples of rate-limited accounts: ['benton.down']
2025-03-27 11:59:32,993 - INFO - FOLLOWING SCRAPER: Loaded 1862 links from instagram_data/followingLinks.txt
2025-03-27 11:59:32,993 - INFO - FOLLOWING SCRAPER: Loaded adjacency list from instagram_data/adjList.txt
2025-03-27 11:59:32,993 - INFO - FOLLOWING SCRAPER: Deduplicating adjacency list...
2025-03-27 11:59:32,993 - INFO - FOLLOWING SCRAPER: No duplicates found in adjList.txt
2025-03-27 11:59:32,998 - INFO - FOLLOWING SCRAPER: DEBUG: Found 6161 already processed accounts in adjList.txt
2025-03-27 11:59:32,998 - INFO - FOLLOWING SCRAPER: Found 6161 accounts that have already been processed
2025-03-27 11:59:32,998 - INFO - FOLLOWING SCRAPER: Starting batch processing of 46 accounts
2025-03-27 11:59:32,999 - INFO - FOLLOWING SCRAPER: Pre-checking accounts to prioritize ones with reasonable follower/following counts...
2025-03-27 11:59:32,999 - INFO - FOLLOWING SCRAPER: ✓ shuheisakaue: Good candidate with 18 followers, 895 following
2025-03-27 11:59:32,999 - INFO - FOLLOWING SCRAPER: ✓ catsoupai: Good candidate with 189 followers, 189 following
2025-03-27 11:59:32,999 - INFO - FOLLOWING SCRAPER: ✓ soloslop.memes: Good candidate with 70 followers, 67 following
2025-03-27 11:59:32,999 - INFO - FOLLOWING SCRAPER: ✓ phillipsauction: Good candidate with 428 followers, 434 following
2025-03-27 11:59:32,999 - INFO - FOLLOWING SCRAPER: ✓ filmmovement: Good candidate with 12 followers, 708 following
2025-03-27 11:59:33,001 - INFO - FOLLOWING SCRAPER: ✗ rubahitam_: Too many connections (48 followers, 1153 following)
2025-03-27 11:59:33,001 - INFO - FOLLOWING SCRAPER: ✗ chinatown_cowboy.mp4: Too many connections (2383 followers, 0 following)
2025-03-27 11:59:33,001 - INFO - FOLLOWING SCRAPER: ✓ asian_redbozicowboy: Good candidate with 29 followers, 250 following
2025-03-27 11:59:33,001 - INFO - FOLLOWING SCRAPER: ✓ ccpxi_8964: Good candidate with 10 followers, 97 following
2025-03-27 11:59:33,001 - INFO - FOLLOWING SCRAPER: ✓ ngr.ev: Good candidate with 114 followers, 188 following
2025-03-27 11:59:33,002 - INFO - FOLLOWING SCRAPER: ✓ cinema_nighttt: Good candidate with 401 followers, 15 following
2025-03-27 11:59:33,003 - INFO - FOLLOWING SCRAPER: ✓ thedizzyviper: Good candidate with 179 followers, 902 following
2025-03-27 11:59:33,003 - INFO - FOLLOWING SCRAPER: ✗ arabbitsfoot: Too many connections (63 followers, 1570 following)
2025-03-27 11:59:33,003 - INFO - FOLLOWING SCRAPER: ✓ laclefrevival: Good candidate with 23 followers, 503 following
2025-03-27 11:59:33,004 - INFO - FOLLOWING SCRAPER: ✓ byboyfantasy: Good candidate with 83 followers, 609 following
2025-03-27 11:59:33,004 - INFO - FOLLOWING SCRAPER: ✓ manofdutch: Good candidate with 29 followers, 55 following
2025-03-27 11:59:33,004 - INFO - FOLLOWING SCRAPER: ✗ fernandosev7n: Too many connections (235 followers, 1534 following)
2025-03-27 11:59:33,004 - INFO - FOLLOWING SCRAPER: ✓ thefineartcollective: Good candidate with 673 followers, 919 following
2025-03-27 11:59:33,009 - INFO - FOLLOWING SCRAPER: ✗ xidan_zhang: Too many connections (2743 followers, 901 following)
2025-03-27 11:59:33,009 - INFO - FOLLOWING SCRAPER: ✗ zihaosong: Too many connections (10 followers, 2448 following)
2025-03-27 11:59:33,009 - INFO - FOLLOWING SCRAPER: ✗ young.brando: Too many connections (17 followers, 2455 following)
2025-03-27 11:59:33,009 - INFO - FOLLOWING SCRAPER: ✗ gentleman.gasmask: Too many connections (364 followers, 1661 following)
2025-03-27 11:59:33,009 - INFO - FOLLOWING SCRAPER: ✗ yuukakazami0: Too many connections (1343 followers, 519 following)
2025-03-27 11:59:33,009 - INFO - FOLLOWING SCRAPER: ✗ cucny: Too many connections (2783 followers, 38 following)
2025-03-27 11:59:33,009 - INFO - FOLLOWING SCRAPER: ✗ thepennclub: Too many connections (4056 followers, 632 following)
2025-03-27 11:59:33,009 - INFO - FOLLOWING SCRAPER: ✗ lsmartfund: Too many connections (4169 followers, 586 following)
2025-03-27 11:59:33,009 - INFO - FOLLOWING SCRAPER: ✗ perpetual.passion: Too many connections (38 followers, 2352 following)
2025-03-27 11:59:33,011 - INFO - FOLLOWING SCRAPER: Found 14 accounts with reasonable follower/following counts
2025-03-27 11:59:33,011 - INFO - FOLLOWING SCRAPER: DEBUG: Sanitizing and saving 1862 links
2025-03-27 11:59:33,011 - INFO - FOLLOWING SCRAPER: DEBUG: After sanitization: 1862 links (removed 0)
2025-03-27 11:59:33,011 - INFO - FOLLOWING SCRAPER: DEBUG: Successfully saved 1862 links to instagram_data/followingLinks.txt
2025-03-27 11:59:33,011 - INFO - FOLLOWING SCRAPER: Links reordered to prioritize accounts with reasonable follower/following counts
2025-03-27 11:59:33,011 - INFO - FOLLOWING SCRAPER: Randomly selecting 46 accounts from 1862 available accounts
2025-03-27 11:59:33,012 - INFO - FOLLOWING SCRAPER: DEBUG: Processing randomly selected link #1062/1862: https://www.instagram.com/hiusinng/
2025-03-27 11:59:33,012 - INFO - FOLLOWING SCRAPER: DEBUG: Before processing - 1862 links in queue
2025-03-27 11:59:33,012 - INFO - FOLLOWING SCRAPER: DEBUG: Account hiusinng in progress data with rate_limited=False
2025-03-27 11:59:33,016 - INFO - FOLLOWING SCRAPER: DEBUG: Skipping already processed account: hiusinng
2025-03-27 11:59:33,017 - INFO - FOLLOWING SCRAPER: Error during batch processing: list.remove(x): x not in list
2025-03-27 11:59:33,017 - INFO - FOLLOWING SCRAPER: Browser closed. Script complete.
2025-03-27 11:59:33,755 - ERROR - DEBUG: ISSUE DETECTED - Queue size didn't decrease. Before: 1862, After: 1862, Diff: 0
2025-03-27 11:59:33,755 - INFO - DEBUG: Checking for duplicates after processing
2025-03-27 11:59:33,756 - INFO - No duplicate links found in instagram_data/followingLinks.txt
2025-03-27 11:59:33,757 - INFO - remove_processed_links function is disabled to allow re-scraping of potential rate-limited accounts
2025-03-27 11:59:33,757 - INFO - Following accounts scraping session completed with result: True
2025-03-27 11:59:33,757 - INFO - Sessions completed. Waiting 0 hours and 30 minutes before next sessions...
2025-03-27 12:30:24,777 - INFO - Current counts in status file - Followers: 881, Following: 1868
2025-03-27 12:30:24,781 - INFO - Current counts in status file - Followers: 881, Following: 1868
2025-03-27 12:30:24,782 - INFO - Starting new scraping session
2025-03-27 12:30:24,784 - INFO - Current counts in status file - Followers: 881, Following: 1868
2025-03-27 12:30:24,784 - INFO - Need to collect more following accounts: 1862/1868
2025-03-27 12:30:24,784 - INFO - Need to collect more followers: 879/881
2025-03-27 12:30:24,784 - INFO - Using 7 max pages for this session
2025-03-27 12:30:57,524 - INFO - SCRAPER: Logged in using button: //button[contains(.,'Log in')]
2025-03-27 12:30:57,525 - INFO - SCRAPER: Logged in successfully!
2025-03-27 12:30:57,525 - INFO - SCRAPER: Logged in as fretin98
2025-03-27 12:30:57,525 - INFO - SCRAPER: Resuming previous session...
2025-03-27 12:30:57,525 - INFO - SCRAPER: Loaded 879 followers and 1862 following from previous session
2025-03-27 12:30:57,525 - INFO - SCRAPER: Profile Stats: {'followers': 881, 'following': 1868, 'posts': 242}
2025-03-27 12:30:57,525 - INFO - Found profile stats line
2025-03-27 12:30:57,525 - INFO - SCRAPER: Followers: 881, Following: 1868
2025-03-27 12:30:57,525 - INFO - Extracted total followers: 881
2025-03-27 12:30:57,525 - INFO - Extracted total following: 1868
2025-03-27 12:30:57,525 - INFO - SCRAPER: Scraping followers...
2025-03-27 12:30:57,525 - INFO - SCRAPER: Already collected 879/881 followers (≥95%). Skipping followers scraping.
2025-03-27 12:30:57,525 - INFO - SCRAPER: Scraping following...
2025-03-27 12:30:57,525 - INFO - SCRAPER: Already collected 1862/1868 following accounts (≥95%). Skipping following scraping.
2025-03-27 12:30:57,525 - INFO - SCRAPER: Getting links to following accounts...
2025-03-27 12:30:57,526 - INFO - SCRAPER: Created 1862 following links from usernames
2025-03-27 12:30:57,526 - INFO - SCRAPER: Updated following links file: instagram_data/followingLinks.txt
2025-03-27 12:30:57,526 - INFO - SCRAPER: Updated adjacency list file: instagram_data/adjList.txt
2025-03-27 12:30:57,526 - INFO - SCRAPER: Added 0 new relationships (total: 25025)
2025-03-27 12:30:57,526 - INFO - SCRAPER: Retrieved 1862 following links
2025-03-27 12:30:57,526 - INFO - SCRAPER: Session completed successfully!
2025-03-27 12:30:57,526 - INFO - SCRAPER: Browser closed.
2025-03-27 12:30:57,580 - INFO - Updating status with dynamic counts - Followers: 881, Following: 1868
2025-03-27 12:30:57,581 - INFO - Saved data to instagram_data/auto_scrape_status.json
2025-03-27 12:30:57,581 - INFO - Now running a session to scrape following accounts network data...
2025-03-27 12:30:57,581 - INFO - Starting following accounts scraping session
2025-03-27 12:30:57,581 - INFO - remove_processed_links function is disabled to allow re-scraping of potential rate-limited accounts
2025-03-27 12:30:57,581 - INFO - DEBUG: Checking for duplicates before processing
2025-03-27 12:30:57,581 - INFO - No duplicate links found in instagram_data/followingLinks.txt
2025-03-27 12:30:57,582 - INFO - DEBUG: Before processing - 1862 accounts in queue
2025-03-27 12:30:57,585 - INFO - Using random batch size of 40 accounts for this session
2025-03-27 12:33:02,641 - INFO - FOLLOWING SCRAPER: DEBUG MODE ENABLED
2025-03-27 12:33:02,641 - INFO - FOLLOWING SCRAPER: Loaded scraping progress: 1472 accounts processed
2025-03-27 12:33:02,642 - INFO - FOLLOWING SCRAPER: Will process 40 accounts in this session
2025-03-27 12:33:02,642 - INFO - FOLLOWING SCRAPER: Login might have failed. Current URL still shows login page.
2025-03-27 12:33:02,642 - INFO - FOLLOWING SCRAPER: Rate limit statistics: 1 accounts marked as rate-limited
2025-03-27 12:33:02,642 - INFO - FOLLOWING SCRAPER: Examples of rate-limited accounts: ['benton.down']
2025-03-27 12:33:02,642 - INFO - FOLLOWING SCRAPER: Loaded 1862 links from instagram_data/followingLinks.txt
2025-03-27 12:33:02,642 - INFO - FOLLOWING SCRAPER: Loaded adjacency list from instagram_data/adjList.txt
2025-03-27 12:33:02,642 - INFO - FOLLOWING SCRAPER: Deduplicating adjacency list...
2025-03-27 12:33:02,642 - INFO - FOLLOWING SCRAPER: No duplicates found in adjList.txt
2025-03-27 12:33:02,642 - INFO - FOLLOWING SCRAPER: DEBUG: Found 6161 already processed accounts in adjList.txt
2025-03-27 12:33:02,642 - INFO - FOLLOWING SCRAPER: Found 6161 accounts that have already been processed
2025-03-27 12:33:02,642 - INFO - FOLLOWING SCRAPER: Starting batch processing of 40 accounts
2025-03-27 12:33:02,642 - INFO - FOLLOWING SCRAPER: Pre-checking accounts to prioritize ones with reasonable follower/following counts...
2025-03-27 12:33:02,642 - INFO - FOLLOWING SCRAPER: ✓ shuheisakaue: Good candidate with 18 followers, 895 following
2025-03-27 12:33:02,642 - INFO - FOLLOWING SCRAPER: ✓ catsoupai: Good candidate with 0 followers, 0 following
2025-03-27 12:33:02,642 - INFO - FOLLOWING SCRAPER: ✓ soloslop.memes: Good candidate with 70 followers, 67 following
2025-03-27 12:33:02,642 - INFO - FOLLOWING SCRAPER: ✓ phillipsauction: Good candidate with 0 followers, 0 following
2025-03-27 12:33:02,642 - INFO - FOLLOWING SCRAPER: ✓ filmmovement: Good candidate with 12 followers, 708 following
2025-03-27 12:33:02,642 - INFO - FOLLOWING SCRAPER: ✓ rubahitam_: Good candidate with 0 followers, 0 following
2025-03-27 12:33:02,642 - INFO - FOLLOWING SCRAPER: ✓ chinatown_cowboy.mp4: Good candidate with 0 followers, 0 following
2025-03-27 12:33:02,642 - INFO - FOLLOWING SCRAPER: ✓ asian_redbozicowboy: Good candidate with 0 followers, 0 following
2025-03-27 12:33:02,642 - INFO - FOLLOWING SCRAPER: ✓ ccpxi_8964: Good candidate with 0 followers, 0 following
2025-03-27 12:33:02,642 - INFO - FOLLOWING SCRAPER: ✓ ngr.ev: Good candidate with 0 followers, 0 following
2025-03-27 12:33:02,642 - INFO - FOLLOWING SCRAPER: ✓ cinema_nighttt: Good candidate with 0 followers, 0 following
2025-03-27 12:33:02,642 - INFO - FOLLOWING SCRAPER: ✓ thedizzyviper: Good candidate with 0 followers, 0 following
2025-03-27 12:33:02,642 - INFO - FOLLOWING SCRAPER: ✓ arabbitsfoot: Good candidate with 0 followers, 0 following
2025-03-27 12:33:02,642 - INFO - FOLLOWING SCRAPER: ✓ laclefrevival: Good candidate with 23 followers, 503 following
2025-03-27 12:33:02,642 - INFO - FOLLOWING SCRAPER: ✓ byboyfantasy: Good candidate with 0 followers, 0 following
2025-03-27 12:33:02,642 - INFO - FOLLOWING SCRAPER: ✓ manofdutch: Good candidate with 0 followers, 0 following
2025-03-27 12:33:02,642 - INFO - FOLLOWING SCRAPER: ✓ fernandosev7n: Good candidate with 0 followers, 0 following
2025-03-27 12:33:02,642 - INFO - FOLLOWING SCRAPER: ✓ thefineartcollective: Good candidate with 0 followers, 0 following
2025-03-27 12:33:02,642 - INFO - FOLLOWING SCRAPER: ✗ xidan_zhang: Too many connections (2743 followers, 901 following)
2025-03-27 12:33:02,642 - INFO - FOLLOWING SCRAPER: ✓ zihaosong: Good candidate with 0 followers, 0 following
2025-03-27 12:33:02,642 - INFO - FOLLOWING SCRAPER: ✗ young.brando: Too many connections (17 followers, 2455 following)
2025-03-27 12:33:02,642 - INFO - FOLLOWING SCRAPER: ✓ gentleman.gasmask: Good candidate with 0 followers, 0 following
2025-03-27 12:33:02,642 - INFO - FOLLOWING SCRAPER: ✓ yuukakazami0: Good candidate with 0 followers, 0 following
2025-03-27 12:33:02,642 - INFO - FOLLOWING SCRAPER: ✗ cucny: Too many connections (2783 followers, 38 following)
2025-03-27 12:33:02,642 - INFO - FOLLOWING SCRAPER: Found 21 accounts with reasonable follower/following counts
2025-03-27 12:33:02,642 - INFO - FOLLOWING SCRAPER: DEBUG: Sanitizing and saving 1862 links
2025-03-27 12:33:02,642 - INFO - FOLLOWING SCRAPER: DEBUG: After sanitization: 1862 links (removed 0)
2025-03-27 12:33:02,642 - INFO - FOLLOWING SCRAPER: DEBUG: Successfully saved 1862 links to instagram_data/followingLinks.txt
2025-03-27 12:33:02,642 - INFO - FOLLOWING SCRAPER: Links reordered to prioritize accounts with reasonable follower/following counts
2025-03-27 12:33:02,642 - INFO - FOLLOWING SCRAPER: Randomly selecting 40 accounts from 1862 available accounts
2025-03-27 12:33:02,642 - INFO - FOLLOWING SCRAPER: DEBUG: Processing randomly selected link #1725/1862: https://www.instagram.com/euphoria_0920/
2025-03-27 12:33:02,642 - INFO - FOLLOWING SCRAPER: DEBUG: Before processing - 1862 links in queue
2025-03-27 12:33:02,642 - INFO - FOLLOWING SCRAPER: Processing: https://www.instagram.com/euphoria_0920/
2025-03-27 12:33:02,642 - INFO - FOLLOWING SCRAPER: Scraping euphoria_0920
2025-03-27 12:33:02,642 - INFO - FOLLOWING SCRAPER: Early detection: Account has too many followers (12) or following (3017). Skipping detailed scraping.
2025-03-27 12:33:02,642 - INFO - FOLLOWING SCRAPER: Saved data to instagram_data/scraping_progress.json
2025-03-27 12:33:02,642 - INFO - FOLLOWING SCRAPER: DEBUG: Removing link from queue: https://www.instagram.com/euphoria_0920/
2025-03-27 12:33:02,642 - INFO - FOLLOWING SCRAPER: Error processing https://www.instagram.com/euphoria_0920/: list.remove(x): x not in list
2025-03-27 12:33:02,643 - INFO - FOLLOWING SCRAPER: DEBUG: Moving failed link to end of queue: https://www.instagram.com/euphoria_0920/
2025-03-27 12:33:02,643 - INFO - FOLLOWING SCRAPER: Error during batch processing: list.remove(x): x not in list
2025-03-27 12:33:02,643 - INFO - FOLLOWING SCRAPER: Browser closed. Script complete.
2025-03-27 12:33:02,768 - ERROR - DEBUG: ISSUE DETECTED - Queue size didn't decrease. Before: 1862, After: 1862, Diff: 0
2025-03-27 12:33:02,768 - INFO - DEBUG: Checking for duplicates after processing
2025-03-27 12:33:02,768 - INFO - No duplicate links found in instagram_data/followingLinks.txt
2025-03-27 12:33:02,768 - INFO - remove_processed_links function is disabled to allow re-scraping of potential rate-limited accounts
2025-03-27 12:33:02,768 - INFO - Following accounts scraping session completed with result: True
2025-03-27 12:33:02,768 - INFO - Sessions completed. Waiting 0 hours and 30 minutes before next sessions...
2025-03-27 13:03:16,749 - INFO - Current counts in status file - Followers: 881, Following: 1868
2025-03-27 13:03:16,751 - INFO - Current counts in status file - Followers: 881, Following: 1868
2025-03-27 13:03:16,752 - INFO - Starting new scraping session
2025-03-27 13:03:16,752 - INFO - Current counts in status file - Followers: 881, Following: 1868
2025-03-27 13:03:16,752 - INFO - Need to collect more following accounts: 1862/1868
2025-03-27 13:03:16,752 - INFO - Need to collect more followers: 879/881
2025-03-27 13:03:16,752 - INFO - Using 5 max pages for this session
2025-03-27 13:03:49,158 - INFO - SCRAPER: Logged in using button: //button[contains(.,'Log in')]
2025-03-27 13:03:49,159 - INFO - SCRAPER: Logged in successfully!
2025-03-27 13:03:49,159 - INFO - SCRAPER: Logged in as fretin98
2025-03-27 13:03:49,159 - INFO - SCRAPER: Resuming previous session...
2025-03-27 13:03:49,159 - INFO - SCRAPER: Loaded 879 followers and 1862 following from previous session
2025-03-27 13:03:49,159 - INFO - SCRAPER: Profile Stats: {'followers': 881, 'following': 1868, 'posts': 242}
2025-03-27 13:03:49,159 - INFO - Found profile stats line
2025-03-27 13:03:49,159 - INFO - SCRAPER: Followers: 881, Following: 1868
2025-03-27 13:03:49,159 - INFO - Extracted total followers: 881
2025-03-27 13:03:49,159 - INFO - Extracted total following: 1868
2025-03-27 13:03:49,159 - INFO - SCRAPER: Scraping followers...
2025-03-27 13:03:49,159 - INFO - SCRAPER: Already collected 879/881 followers (≥95%). Skipping followers scraping.
2025-03-27 13:03:49,159 - INFO - SCRAPER: Scraping following...
2025-03-27 13:03:49,159 - INFO - SCRAPER: Already collected 1862/1868 following accounts (≥95%). Skipping following scraping.
2025-03-27 13:03:49,160 - INFO - SCRAPER: Getting links to following accounts...
2025-03-27 13:03:49,160 - INFO - SCRAPER: Created 1862 following links from usernames
2025-03-27 13:03:49,160 - INFO - SCRAPER: Updated following links file: instagram_data/followingLinks.txt
2025-03-27 13:03:49,160 - INFO - SCRAPER: Updated adjacency list file: instagram_data/adjList.txt
2025-03-27 13:03:49,160 - INFO - SCRAPER: Added 0 new relationships (total: 25025)
2025-03-27 13:03:49,160 - INFO - SCRAPER: Retrieved 1862 following links
2025-03-27 13:03:49,160 - INFO - SCRAPER: Session completed successfully!
2025-03-27 13:03:49,160 - INFO - SCRAPER: Browser closed.
2025-03-27 13:03:49,220 - INFO - Updating status with dynamic counts - Followers: 881, Following: 1868
2025-03-27 13:03:49,221 - INFO - Saved data to instagram_data/auto_scrape_status.json
2025-03-27 13:03:49,221 - INFO - Now running a session to scrape following accounts network data...
2025-03-27 13:03:49,221 - INFO - Starting following accounts scraping session
2025-03-27 13:03:49,221 - INFO - remove_processed_links function is disabled to allow re-scraping of potential rate-limited accounts
2025-03-27 13:03:49,221 - INFO - DEBUG: Checking for duplicates before processing
2025-03-27 13:03:49,222 - INFO - No duplicate links found in instagram_data/followingLinks.txt
2025-03-27 13:03:49,222 - INFO - DEBUG: Before processing - 1862 accounts in queue
2025-03-27 13:03:49,224 - INFO - Using random batch size of 50 accounts for this session
2025-03-27 13:05:41,763 - INFO - FOLLOWING SCRAPER: DEBUG MODE ENABLED
2025-03-27 13:05:41,766 - INFO - FOLLOWING SCRAPER: Loaded scraping progress: 1473 accounts processed
2025-03-27 13:05:41,766 - INFO - FOLLOWING SCRAPER: Will process 50 accounts in this session
2025-03-27 13:05:41,766 - INFO - FOLLOWING SCRAPER: Logged in using button: //button[contains(.,'Log in')]
2025-03-27 13:05:41,766 - INFO - FOLLOWING SCRAPER: Logged in successfully!
2025-03-27 13:05:41,766 - INFO - FOLLOWING SCRAPER: Rate limit statistics: 1 accounts marked as rate-limited
2025-03-27 13:05:41,766 - INFO - FOLLOWING SCRAPER: Examples of rate-limited accounts: ['benton.down']
2025-03-27 13:05:41,766 - INFO - FOLLOWING SCRAPER: Loaded 1862 links from instagram_data/followingLinks.txt
2025-03-27 13:05:41,766 - INFO - FOLLOWING SCRAPER: Loaded adjacency list from instagram_data/adjList.txt
2025-03-27 13:05:41,766 - INFO - FOLLOWING SCRAPER: Deduplicating adjacency list...
2025-03-27 13:05:41,766 - INFO - FOLLOWING SCRAPER: No duplicates found in adjList.txt
2025-03-27 13:05:41,766 - INFO - FOLLOWING SCRAPER: DEBUG: Found 6161 already processed accounts in adjList.txt
2025-03-27 13:05:41,766 - INFO - FOLLOWING SCRAPER: Found 6161 accounts that have already been processed
2025-03-27 13:05:41,766 - INFO - FOLLOWING SCRAPER: Starting batch processing of 50 accounts
2025-03-27 13:05:41,766 - INFO - FOLLOWING SCRAPER: Pre-checking accounts to prioritize ones with reasonable follower/following counts...
2025-03-27 13:05:41,766 - INFO - FOLLOWING SCRAPER: ✓ shuheisakaue: Good candidate with 18 followers, 895 following
2025-03-27 13:05:41,766 - INFO - FOLLOWING SCRAPER: ✓ catsoupai: Good candidate with 189 followers, 189 following
2025-03-27 13:05:41,766 - INFO - FOLLOWING SCRAPER: ✓ soloslop.memes: Good candidate with 70 followers, 67 following
2025-03-27 13:05:41,766 - INFO - FOLLOWING SCRAPER: ✓ phillipsauction: Good candidate with 428 followers, 434 following
2025-03-27 13:05:41,766 - INFO - FOLLOWING SCRAPER: ✓ filmmovement: Good candidate with 12 followers, 708 following
2025-03-27 13:05:41,766 - INFO - FOLLOWING SCRAPER: ✗ rubahitam_: Too many connections (48 followers, 1153 following)
2025-03-27 13:05:41,766 - INFO - FOLLOWING SCRAPER: ✗ chinatown_cowboy.mp4: Too many connections (2383 followers, 0 following)
2025-03-27 13:05:41,766 - INFO - FOLLOWING SCRAPER: ✓ asian_redbozicowboy: Good candidate with 29 followers, 250 following
2025-03-27 13:05:41,766 - INFO - FOLLOWING SCRAPER: ✓ ccpxi_8964: Good candidate with 10 followers, 97 following
2025-03-27 13:05:41,766 - INFO - FOLLOWING SCRAPER: ✓ ngr.ev: Good candidate with 114 followers, 188 following
2025-03-27 13:05:41,766 - INFO - FOLLOWING SCRAPER: ✓ cinema_nighttt: Good candidate with 401 followers, 15 following
2025-03-27 13:05:41,767 - INFO - FOLLOWING SCRAPER: ✓ thedizzyviper: Good candidate with 179 followers, 902 following
2025-03-27 13:05:41,767 - INFO - FOLLOWING SCRAPER: ✗ arabbitsfoot: Too many connections (63 followers, 1569 following)
2025-03-27 13:05:41,767 - INFO - FOLLOWING SCRAPER: ✓ laclefrevival: Good candidate with 23 followers, 503 following
2025-03-27 13:05:41,767 - INFO - FOLLOWING SCRAPER: ✓ byboyfantasy: Good candidate with 83 followers, 609 following
2025-03-27 13:05:41,767 - INFO - FOLLOWING SCRAPER: ✓ manofdutch: Good candidate with 29 followers, 55 following
2025-03-27 13:05:41,767 - INFO - FOLLOWING SCRAPER: ✗ fernandosev7n: Too many connections (235 followers, 1534 following)
2025-03-27 13:05:41,767 - INFO - FOLLOWING SCRAPER: ✓ thefineartcollective: Good candidate with 674 followers, 919 following
2025-03-27 13:05:41,767 - INFO - FOLLOWING SCRAPER: ✗ xidan_zhang: Too many connections (2743 followers, 901 following)
2025-03-27 13:05:41,767 - INFO - FOLLOWING SCRAPER: ✗ zihaosong: Too many connections (10 followers, 2448 following)
2025-03-27 13:05:41,767 - INFO - FOLLOWING SCRAPER: ✗ young.brando: Too many connections (17 followers, 2455 following)
2025-03-27 13:05:41,767 - INFO - FOLLOWING SCRAPER: ✗ gentleman.gasmask: Too many connections (364 followers, 1661 following)
2025-03-27 13:05:41,767 - INFO - FOLLOWING SCRAPER: ✗ yuukakazami0: Too many connections (1343 followers, 519 following)
2025-03-27 13:05:41,767 - INFO - FOLLOWING SCRAPER: ✗ cucny: Too many connections (2783 followers, 38 following)
2025-03-27 13:05:41,767 - INFO - FOLLOWING SCRAPER: ✗ thepennclub: Too many connections (4056 followers, 632 following)
2025-03-27 13:05:41,767 - INFO - FOLLOWING SCRAPER: ✗ lsmartfund: Too many connections (4169 followers, 586 following)
2025-03-27 13:05:41,767 - INFO - FOLLOWING SCRAPER: ✗ perpetual.passion: Too many connections (38 followers, 2352 following)
2025-03-27 13:05:41,767 - INFO - FOLLOWING SCRAPER: Found 14 accounts with reasonable follower/following counts
2025-03-27 13:05:41,767 - INFO - FOLLOWING SCRAPER: DEBUG: Sanitizing and saving 1862 links
2025-03-27 13:05:41,767 - INFO - FOLLOWING SCRAPER: DEBUG: After sanitization: 1862 links (removed 0)
2025-03-27 13:05:41,767 - INFO - FOLLOWING SCRAPER: DEBUG: Successfully saved 1862 links to instagram_data/followingLinks.txt
2025-03-27 13:05:41,767 - INFO - FOLLOWING SCRAPER: Links reordered to prioritize accounts with reasonable follower/following counts
2025-03-27 13:05:41,767 - INFO - FOLLOWING SCRAPER: Randomly selecting 50 accounts from 1862 available accounts
2025-03-27 13:05:41,767 - INFO - FOLLOWING SCRAPER: DEBUG: Processing randomly selected link #303/1862: https://www.instagram.com/sylvia_xu7/
2025-03-27 13:05:41,767 - INFO - FOLLOWING SCRAPER: DEBUG: Before processing - 1862 links in queue
2025-03-27 13:05:41,767 - INFO - FOLLOWING SCRAPER: DEBUG: Skipping already processed account: sylvia_xu7
2025-03-27 13:05:41,767 - INFO - FOLLOWING SCRAPER: Error during batch processing: list.remove(x): x not in list
2025-03-27 13:05:41,767 - INFO - FOLLOWING SCRAPER: Browser closed. Script complete.
2025-03-27 13:05:41,910 - ERROR - DEBUG: ISSUE DETECTED - Queue size didn't decrease. Before: 1862, After: 1862, Diff: 0
2025-03-27 13:05:41,910 - INFO - DEBUG: Checking for duplicates after processing
2025-03-27 13:05:41,910 - INFO - No duplicate links found in instagram_data/followingLinks.txt
2025-03-27 13:05:41,910 - INFO - remove_processed_links function is disabled to allow re-scraping of potential rate-limited accounts
2025-03-27 13:05:41,910 - INFO - Following accounts scraping session completed with result: True
2025-03-27 13:05:41,910 - INFO - Sessions completed. Waiting 0 hours and 35 minutes before next sessions...
2025-03-27 13:41:00,962 - INFO - Current counts in status file - Followers: 881, Following: 1868
2025-03-27 13:41:00,964 - INFO - Current counts in status file - Followers: 881, Following: 1868
2025-03-27 13:41:00,965 - INFO - Starting new scraping session
2025-03-27 13:41:00,966 - INFO - Current counts in status file - Followers: 881, Following: 1868
2025-03-27 13:41:00,966 - INFO - Need to collect more following accounts: 1862/1868
2025-03-27 13:41:00,966 - INFO - Need to collect more followers: 879/881
2025-03-27 13:41:00,966 - INFO - Using 6 max pages for this session
2025-03-27 13:41:34,011 - INFO - SCRAPER: Logged in using button: //button[contains(.,'Log in')]
2025-03-27 13:41:34,021 - INFO - SCRAPER: Logged in successfully!
2025-03-27 13:41:34,021 - INFO - SCRAPER: Logged in as fretin98
2025-03-27 13:41:34,021 - INFO - SCRAPER: Resuming previous session...
2025-03-27 13:41:34,021 - INFO - SCRAPER: Loaded 879 followers and 1862 following from previous session
2025-03-27 13:41:34,021 - INFO - SCRAPER: Profile Stats: {'followers': 881, 'following': 1868, 'posts': 242}
2025-03-27 13:41:34,021 - INFO - Found profile stats line
2025-03-27 13:41:34,021 - INFO - SCRAPER: Followers: 881, Following: 1868
2025-03-27 13:41:34,021 - INFO - Extracted total followers: 881
2025-03-27 13:41:34,021 - INFO - Extracted total following: 1868
2025-03-27 13:41:34,021 - INFO - SCRAPER: Scraping followers...
2025-03-27 13:41:34,021 - INFO - SCRAPER: Already collected 879/881 followers (≥95%). Skipping followers scraping.
2025-03-27 13:41:34,021 - INFO - SCRAPER: Scraping following...
2025-03-27 13:41:34,024 - INFO - SCRAPER: Already collected 1862/1868 following accounts (≥95%). Skipping following scraping.
2025-03-27 13:41:34,024 - INFO - SCRAPER: Getting links to following accounts...
2025-03-27 13:41:34,025 - INFO - SCRAPER: Created 1862 following links from usernames
2025-03-27 13:41:34,025 - INFO - SCRAPER: Updated following links file: instagram_data/followingLinks.txt
2025-03-27 13:41:34,026 - INFO - SCRAPER: Updated adjacency list file: instagram_data/adjList.txt
2025-03-27 13:41:34,026 - INFO - SCRAPER: Added 0 new relationships (total: 25025)
2025-03-27 13:41:34,026 - INFO - SCRAPER: Retrieved 1862 following links
2025-03-27 13:41:34,026 - INFO - SCRAPER: Session completed successfully!
2025-03-27 13:41:34,026 - INFO - SCRAPER: Browser closed.
2025-03-27 13:41:34,206 - INFO - Updating status with dynamic counts - Followers: 881, Following: 1868
2025-03-27 13:41:34,207 - INFO - Saved data to instagram_data/auto_scrape_status.json
2025-03-27 13:41:34,207 - INFO - Now running a session to scrape following accounts network data...
2025-03-27 13:41:34,207 - INFO - Starting following accounts scraping session
2025-03-27 13:41:34,207 - INFO - remove_processed_links function is disabled to allow re-scraping of potential rate-limited accounts
2025-03-27 13:41:34,207 - INFO - DEBUG: Checking for duplicates before processing
2025-03-27 13:41:34,209 - INFO - No duplicate links found in instagram_data/followingLinks.txt
2025-03-27 13:41:34,209 - INFO - DEBUG: Before processing - 1862 accounts in queue
2025-03-27 13:41:34,216 - INFO - Using random batch size of 59 accounts for this session
2025-03-27 13:43:26,377 - INFO - FOLLOWING SCRAPER: DEBUG MODE ENABLED
2025-03-27 13:43:26,378 - INFO - FOLLOWING SCRAPER: Loaded scraping progress: 1473 accounts processed
2025-03-27 13:43:26,378 - INFO - FOLLOWING SCRAPER: Will process 59 accounts in this session
2025-03-27 13:43:26,379 - INFO - FOLLOWING SCRAPER: Logged in using button: //button[contains(.,'Log in')]
2025-03-27 13:43:26,379 - INFO - FOLLOWING SCRAPER: Logged in successfully!
2025-03-27 13:43:26,379 - INFO - FOLLOWING SCRAPER: Rate limit statistics: 1 accounts marked as rate-limited
2025-03-27 13:43:26,379 - INFO - FOLLOWING SCRAPER: Examples of rate-limited accounts: ['benton.down']
2025-03-27 13:43:26,379 - INFO - FOLLOWING SCRAPER: Loaded 1862 links from instagram_data/followingLinks.txt
2025-03-27 13:43:26,379 - INFO - FOLLOWING SCRAPER: Loaded adjacency list from instagram_data/adjList.txt
2025-03-27 13:43:26,379 - INFO - FOLLOWING SCRAPER: Deduplicating adjacency list...
2025-03-27 13:43:26,379 - INFO - FOLLOWING SCRAPER: No duplicates found in adjList.txt
2025-03-27 13:43:26,379 - INFO - FOLLOWING SCRAPER: DEBUG: Found 6161 already processed accounts in adjList.txt
2025-03-27 13:43:26,379 - INFO - FOLLOWING SCRAPER: Found 6161 accounts that have already been processed
2025-03-27 13:43:26,379 - INFO - FOLLOWING SCRAPER: Starting batch processing of 59 accounts
2025-03-27 13:43:26,379 - INFO - FOLLOWING SCRAPER: Pre-checking accounts to prioritize ones with reasonable follower/following counts...
2025-03-27 13:43:26,379 - INFO - FOLLOWING SCRAPER: ✓ shuheisakaue: Good candidate with 18 followers, 895 following
2025-03-27 13:43:26,379 - INFO - FOLLOWING SCRAPER: ✓ catsoupai: Good candidate with 189 followers, 189 following
2025-03-27 13:43:26,379 - INFO - FOLLOWING SCRAPER: ✓ soloslop.memes: Good candidate with 70 followers, 67 following
2025-03-27 13:43:26,379 - INFO - FOLLOWING SCRAPER: ✓ phillipsauction: Good candidate with 428 followers, 434 following
2025-03-27 13:43:26,379 - INFO - FOLLOWING SCRAPER: ✓ filmmovement: Good candidate with 12 followers, 708 following
2025-03-27 13:43:26,379 - INFO - FOLLOWING SCRAPER: ✗ rubahitam_: Too many connections (48 followers, 1153 following)
2025-03-27 13:43:26,379 - INFO - FOLLOWING SCRAPER: ✗ chinatown_cowboy.mp4: Too many connections (2383 followers, 0 following)
2025-03-27 13:43:26,379 - INFO - FOLLOWING SCRAPER: ✓ asian_redbozicowboy: Good candidate with 29 followers, 250 following
2025-03-27 13:43:26,379 - INFO - FOLLOWING SCRAPER: ✓ ccpxi_8964: Good candidate with 0 followers, 0 following
2025-03-27 13:43:26,380 - INFO - FOLLOWING SCRAPER: ✓ ngr.ev: Good candidate with 114 followers, 188 following
2025-03-27 13:43:26,380 - INFO - FOLLOWING SCRAPER: ✓ cinema_nighttt: Good candidate with 401 followers, 15 following
2025-03-27 13:43:26,380 - INFO - FOLLOWING SCRAPER: ✓ thedizzyviper: Good candidate with 179 followers, 902 following
2025-03-27 13:43:26,380 - INFO - FOLLOWING SCRAPER: ✗ arabbitsfoot: Too many connections (63 followers, 1569 following)
2025-03-27 13:43:26,380 - INFO - FOLLOWING SCRAPER: ✓ laclefrevival: Good candidate with 23 followers, 503 following
2025-03-27 13:43:26,380 - INFO - FOLLOWING SCRAPER: ✓ byboyfantasy: Good candidate with 83 followers, 609 following
2025-03-27 13:43:26,380 - INFO - FOLLOWING SCRAPER: ✓ manofdutch: Good candidate with 29 followers, 55 following
2025-03-27 13:43:26,380 - INFO - FOLLOWING SCRAPER: ✗ fernandosev7n: Too many connections (235 followers, 1534 following)
2025-03-27 13:43:26,380 - INFO - FOLLOWING SCRAPER: ✓ thefineartcollective: Good candidate with 674 followers, 919 following
2025-03-27 13:43:26,380 - INFO - FOLLOWING SCRAPER: ✗ xidan_zhang: Too many connections (2743 followers, 901 following)
2025-03-27 13:43:26,380 - INFO - FOLLOWING SCRAPER: ✗ zihaosong: Too many connections (10 followers, 2448 following)
2025-03-27 13:43:26,380 - INFO - FOLLOWING SCRAPER: ✗ young.brando: Too many connections (17 followers, 2455 following)
2025-03-27 13:43:26,380 - INFO - FOLLOWING SCRAPER: ✗ gentleman.gasmask: Too many connections (364 followers, 1661 following)
2025-03-27 13:43:26,380 - INFO - FOLLOWING SCRAPER: ✗ yuukakazami0: Too many connections (1343 followers, 519 following)
2025-03-27 13:43:26,380 - INFO - FOLLOWING SCRAPER: ✗ cucny: Too many connections (2783 followers, 38 following)
2025-03-27 13:43:26,380 - INFO - FOLLOWING SCRAPER: ✗ thepennclub: Too many connections (4056 followers, 632 following)
2025-03-27 13:43:26,380 - INFO - FOLLOWING SCRAPER: ✗ lsmartfund: Too many connections (4169 followers, 586 following)
2025-03-27 13:43:26,380 - INFO - FOLLOWING SCRAPER: ✗ perpetual.passion: Too many connections (38 followers, 2352 following)
2025-03-27 13:43:26,380 - INFO - FOLLOWING SCRAPER: ✗ milanrecords: Too many connections (20 followers, 2860 following)
2025-03-27 13:43:26,380 - INFO - FOLLOWING SCRAPER: ✗ prophetconsulting: Too many connections (5426 followers, 300 following)
2025-03-27 13:43:26,380 - INFO - FOLLOWING SCRAPER: Found 14 accounts with reasonable follower/following counts
2025-03-27 13:43:26,380 - INFO - FOLLOWING SCRAPER: DEBUG: Sanitizing and saving 1862 links
2025-03-27 13:43:26,380 - INFO - FOLLOWING SCRAPER: DEBUG: After sanitization: 1862 links (removed 0)
2025-03-27 13:43:26,380 - INFO - FOLLOWING SCRAPER: DEBUG: Successfully saved 1862 links to instagram_data/followingLinks.txt
2025-03-27 13:43:26,380 - INFO - FOLLOWING SCRAPER: Links reordered to prioritize accounts with reasonable follower/following counts
2025-03-27 13:43:26,380 - INFO - FOLLOWING SCRAPER: Randomly selecting 59 accounts from 1862 available accounts
2025-03-27 13:43:26,380 - INFO - FOLLOWING SCRAPER: DEBUG: Processing randomly selected link #1771/1862: https://www.instagram.com/heysira_/
2025-03-27 13:43:26,380 - INFO - FOLLOWING SCRAPER: DEBUG: Before processing - 1862 links in queue
2025-03-27 13:43:26,380 - INFO - FOLLOWING SCRAPER: DEBUG: Skipping already processed account: heysira_
2025-03-27 13:43:26,380 - INFO - FOLLOWING SCRAPER: Error during batch processing: list.remove(x): x not in list
2025-03-27 13:43:26,380 - INFO - FOLLOWING SCRAPER: Browser closed. Script complete.
2025-03-27 13:43:26,855 - ERROR - DEBUG: ISSUE DETECTED - Queue size didn't decrease. Before: 1862, After: 1862, Diff: 0
2025-03-27 13:43:26,856 - INFO - DEBUG: Checking for duplicates after processing
2025-03-27 13:43:26,858 - INFO - No duplicate links found in instagram_data/followingLinks.txt
2025-03-27 13:43:26,858 - INFO - remove_processed_links function is disabled to allow re-scraping of potential rate-limited accounts
2025-03-27 13:43:26,859 - INFO - Following accounts scraping session completed with result: True
2025-03-27 13:43:26,859 - INFO - Sessions completed. Waiting 0 hours and 28 minutes before next sessions...
2025-03-27 14:12:22,860 - INFO - Current counts in status file - Followers: 881, Following: 1868
2025-03-27 14:12:22,862 - INFO - Current counts in status file - Followers: 881, Following: 1868
2025-03-27 14:12:22,862 - INFO - Starting new scraping session
2025-03-27 14:12:22,863 - INFO - Current counts in status file - Followers: 881, Following: 1868
2025-03-27 14:12:22,863 - INFO - Need to collect more following accounts: 1862/1868
2025-03-27 14:12:22,863 - INFO - Need to collect more followers: 879/881
2025-03-27 14:12:22,863 - INFO - Using 6 max pages for this session
2025-03-27 14:12:55,886 - INFO - SCRAPER: Logged in using button: //button[contains(.,'Log in')]
2025-03-27 14:12:55,887 - INFO - SCRAPER: Logged in successfully!
2025-03-27 14:12:55,887 - INFO - SCRAPER: Logged in as fretin98
2025-03-27 14:12:55,887 - INFO - SCRAPER: Resuming previous session...
2025-03-27 14:12:55,887 - INFO - SCRAPER: Loaded 879 followers and 1862 following from previous session
2025-03-27 14:12:55,887 - INFO - SCRAPER: Profile Stats: {'followers': 881, 'following': 1868, 'posts': 242}
2025-03-27 14:12:55,887 - INFO - Found profile stats line
2025-03-27 14:12:55,887 - INFO - SCRAPER: Followers: 881, Following: 1868
2025-03-27 14:12:55,887 - INFO - Extracted total followers: 881
2025-03-27 14:12:55,887 - INFO - Extracted total following: 1868
2025-03-27 14:12:55,887 - INFO - SCRAPER: Scraping followers...
2025-03-27 14:12:55,887 - INFO - SCRAPER: Already collected 879/881 followers (≥95%). Skipping followers scraping.
2025-03-27 14:12:55,887 - INFO - SCRAPER: Scraping following...
2025-03-27 14:12:55,887 - INFO - SCRAPER: Already collected 1862/1868 following accounts (≥95%). Skipping following scraping.
2025-03-27 14:12:55,887 - INFO - SCRAPER: Getting links to following accounts...
2025-03-27 14:12:55,887 - INFO - SCRAPER: Created 1862 following links from usernames
2025-03-27 14:12:55,887 - INFO - SCRAPER: Updated following links file: instagram_data/followingLinks.txt
2025-03-27 14:12:55,887 - INFO - SCRAPER: Updated adjacency list file: instagram_data/adjList.txt
2025-03-27 14:12:55,888 - INFO - SCRAPER: Added 0 new relationships (total: 25025)
2025-03-27 14:12:55,888 - INFO - SCRAPER: Retrieved 1862 following links
2025-03-27 14:12:55,888 - INFO - SCRAPER: Session completed successfully!
2025-03-27 14:12:55,888 - INFO - SCRAPER: Browser closed.
2025-03-27 14:12:55,979 - INFO - Updating status with dynamic counts - Followers: 881, Following: 1868
2025-03-27 14:12:55,980 - INFO - Saved data to instagram_data/auto_scrape_status.json
2025-03-27 14:12:55,980 - INFO - Now running a session to scrape following accounts network data...
2025-03-27 14:12:55,980 - INFO - Starting following accounts scraping session
2025-03-27 14:12:55,980 - INFO - remove_processed_links function is disabled to allow re-scraping of potential rate-limited accounts
2025-03-27 14:12:55,980 - INFO - DEBUG: Checking for duplicates before processing
2025-03-27 14:12:55,982 - INFO - No duplicate links found in instagram_data/followingLinks.txt
2025-03-27 14:12:55,982 - INFO - DEBUG: Before processing - 1862 accounts in queue
2025-03-27 14:12:55,985 - INFO - Using random batch size of 51 accounts for this session
2025-03-27 14:14:41,506 - INFO - FOLLOWING SCRAPER: DEBUG MODE ENABLED
2025-03-27 14:14:41,507 - INFO - FOLLOWING SCRAPER: Loaded scraping progress: 1473 accounts processed
2025-03-27 14:14:41,507 - INFO - FOLLOWING SCRAPER: Will process 51 accounts in this session
2025-03-27 14:14:41,507 - INFO - FOLLOWING SCRAPER: Logged in using button: //button[contains(.,'Log in')]
2025-03-27 14:14:41,507 - INFO - FOLLOWING SCRAPER: Logged in successfully!
2025-03-27 14:14:41,507 - INFO - FOLLOWING SCRAPER: Rate limit statistics: 1 accounts marked as rate-limited
2025-03-27 14:14:41,507 - INFO - FOLLOWING SCRAPER: Examples of rate-limited accounts: ['benton.down']
2025-03-27 14:14:41,507 - INFO - FOLLOWING SCRAPER: Loaded 1862 links from instagram_data/followingLinks.txt
2025-03-27 14:14:41,507 - INFO - FOLLOWING SCRAPER: Loaded adjacency list from instagram_data/adjList.txt
2025-03-27 14:14:41,507 - INFO - FOLLOWING SCRAPER: Deduplicating adjacency list...
2025-03-27 14:14:41,507 - INFO - FOLLOWING SCRAPER: No duplicates found in adjList.txt
2025-03-27 14:14:41,507 - INFO - FOLLOWING SCRAPER: DEBUG: Found 6161 already processed accounts in adjList.txt
2025-03-27 14:14:41,507 - INFO - FOLLOWING SCRAPER: Found 6161 accounts that have already been processed
2025-03-27 14:14:41,507 - INFO - FOLLOWING SCRAPER: Starting batch processing of 51 accounts
2025-03-27 14:14:41,507 - INFO - FOLLOWING SCRAPER: Pre-checking accounts to prioritize ones with reasonable follower/following counts...
2025-03-27 14:14:41,507 - INFO - FOLLOWING SCRAPER: ✓ shuheisakaue: Good candidate with 18 followers, 895 following
2025-03-27 14:14:41,507 - INFO - FOLLOWING SCRAPER: ✓ catsoupai: Good candidate with 189 followers, 189 following
2025-03-27 14:14:41,507 - INFO - FOLLOWING SCRAPER: ✓ soloslop.memes: Good candidate with 70 followers, 67 following
2025-03-27 14:14:41,507 - INFO - FOLLOWING SCRAPER: ✓ phillipsauction: Good candidate with 428 followers, 434 following
2025-03-27 14:14:41,507 - INFO - FOLLOWING SCRAPER: ✓ filmmovement: Good candidate with 12 followers, 708 following
2025-03-27 14:14:41,507 - INFO - FOLLOWING SCRAPER: ✗ rubahitam_: Too many connections (48 followers, 1153 following)
2025-03-27 14:14:41,507 - INFO - FOLLOWING SCRAPER: ✗ chinatown_cowboy.mp4: Too many connections (2382 followers, 0 following)
2025-03-27 14:14:41,507 - INFO - FOLLOWING SCRAPER: ✓ asian_redbozicowboy: Good candidate with 29 followers, 250 following
2025-03-27 14:14:41,507 - INFO - FOLLOWING SCRAPER: ✓ ccpxi_8964: Good candidate with 10 followers, 97 following
2025-03-27 14:14:41,507 - INFO - FOLLOWING SCRAPER: ✓ ngr.ev: Good candidate with 114 followers, 188 following
2025-03-27 14:14:41,507 - INFO - FOLLOWING SCRAPER: ✓ cinema_nighttt: Good candidate with 401 followers, 15 following
2025-03-27 14:14:41,508 - INFO - FOLLOWING SCRAPER: ✓ thedizzyviper: Good candidate with 179 followers, 902 following
2025-03-27 14:14:41,508 - INFO - FOLLOWING SCRAPER: ✗ arabbitsfoot: Too many connections (63 followers, 1569 following)
2025-03-27 14:14:41,508 - INFO - FOLLOWING SCRAPER: ✓ laclefrevival: Good candidate with 23 followers, 503 following
2025-03-27 14:14:41,508 - INFO - FOLLOWING SCRAPER: ✓ byboyfantasy: Good candidate with 83 followers, 609 following
2025-03-27 14:14:41,508 - INFO - FOLLOWING SCRAPER: ✓ manofdutch: Good candidate with 29 followers, 55 following
2025-03-27 14:14:41,508 - INFO - FOLLOWING SCRAPER: ✗ fernandosev7n: Too many connections (235 followers, 1534 following)
2025-03-27 14:14:41,508 - INFO - FOLLOWING SCRAPER: ✓ thefineartcollective: Good candidate with 674 followers, 919 following
2025-03-27 14:14:41,508 - INFO - FOLLOWING SCRAPER: ✗ xidan_zhang: Too many connections (2743 followers, 901 following)
2025-03-27 14:14:41,508 - INFO - FOLLOWING SCRAPER: ✗ zihaosong: Too many connections (10 followers, 2448 following)
2025-03-27 14:14:41,508 - INFO - FOLLOWING SCRAPER: ✗ young.brando: Too many connections (17 followers, 2456 following)
2025-03-27 14:14:41,508 - INFO - FOLLOWING SCRAPER: ✗ gentleman.gasmask: Too many connections (364 followers, 1661 following)
2025-03-27 14:14:41,508 - INFO - FOLLOWING SCRAPER: ✗ yuukakazami0: Too many connections (1343 followers, 519 following)
2025-03-27 14:14:41,508 - INFO - FOLLOWING SCRAPER: ✗ cucny: Too many connections (2783 followers, 38 following)
2025-03-27 14:14:41,508 - INFO - FOLLOWING SCRAPER: ✗ thepennclub: Too many connections (4056 followers, 632 following)
2025-03-27 14:14:41,508 - INFO - FOLLOWING SCRAPER: ✗ lsmartfund: Too many connections (4169 followers, 586 following)
2025-03-27 14:14:41,508 - INFO - FOLLOWING SCRAPER: ✗ perpetual.passion: Too many connections (38 followers, 2352 following)
2025-03-27 14:14:41,508 - INFO - FOLLOWING SCRAPER: ✗ milanrecords: Too many connections (20 followers, 2860 following)
2025-03-27 14:14:41,508 - INFO - FOLLOWING SCRAPER: Found 14 accounts with reasonable follower/following counts
2025-03-27 14:14:41,508 - INFO - FOLLOWING SCRAPER: DEBUG: Sanitizing and saving 1862 links
2025-03-27 14:14:41,508 - INFO - FOLLOWING SCRAPER: DEBUG: After sanitization: 1862 links (removed 0)
2025-03-27 14:14:41,508 - INFO - FOLLOWING SCRAPER: DEBUG: Successfully saved 1862 links to instagram_data/followingLinks.txt
2025-03-27 14:14:41,508 - INFO - FOLLOWING SCRAPER: Links reordered to prioritize accounts with reasonable follower/following counts
2025-03-27 14:14:41,508 - INFO - FOLLOWING SCRAPER: Randomly selecting 51 accounts from 1862 available accounts
2025-03-27 14:14:41,508 - INFO - FOLLOWING SCRAPER: DEBUG: Processing randomly selected link #164/1862: https://www.instagram.com/yyyyuan_x/
2025-03-27 14:14:41,508 - INFO - FOLLOWING SCRAPER: DEBUG: Before processing - 1862 links in queue
2025-03-27 14:14:41,508 - INFO - FOLLOWING SCRAPER: DEBUG: Account yyyyuan_x in progress data with rate_limited=False
2025-03-27 14:14:41,508 - INFO - FOLLOWING SCRAPER: DEBUG: Skipping already processed account: yyyyuan_x
2025-03-27 14:14:41,508 - INFO - FOLLOWING SCRAPER: Error during batch processing: list.remove(x): x not in list
2025-03-27 14:14:41,508 - INFO - FOLLOWING SCRAPER: Browser closed. Script complete.
2025-03-27 14:14:41,693 - ERROR - DEBUG: ISSUE DETECTED - Queue size didn't decrease. Before: 1862, After: 1862, Diff: 0
2025-03-27 14:14:41,693 - INFO - DEBUG: Checking for duplicates after processing
2025-03-27 14:14:41,693 - INFO - No duplicate links found in instagram_data/followingLinks.txt
2025-03-27 14:14:41,693 - INFO - remove_processed_links function is disabled to allow re-scraping of potential rate-limited accounts
2025-03-27 14:14:41,693 - INFO - Following accounts scraping session completed with result: True
2025-03-27 14:14:41,693 - INFO - Sessions completed. Waiting 0 hours and 21 minutes before next sessions...
2025-03-27 14:36:05,773 - INFO - Current counts in status file - Followers: 881, Following: 1868
2025-03-27 14:36:05,776 - INFO - Current counts in status file - Followers: 881, Following: 1868
2025-03-27 14:36:05,783 - INFO - Starting new scraping session
2025-03-27 14:36:05,784 - INFO - Current counts in status file - Followers: 881, Following: 1868
2025-03-27 14:36:05,785 - INFO - Need to collect more following accounts: 1862/1868
2025-03-27 14:36:05,785 - INFO - Need to collect more followers: 879/881
2025-03-27 14:36:05,785 - INFO - Using 6 max pages for this session
2025-03-27 14:36:43,254 - INFO - SCRAPER: Logged in using button: //button[contains(.,'Log in')]
2025-03-27 14:36:43,255 - INFO - SCRAPER: Logged in successfully!
2025-03-27 14:36:43,255 - INFO - SCRAPER: Logged in as fretin98
2025-03-27 14:36:43,255 - INFO - SCRAPER: Resuming previous session...
2025-03-27 14:36:43,255 - INFO - SCRAPER: Loaded 879 followers and 1862 following from previous session
2025-03-27 14:36:43,255 - INFO - SCRAPER: Profile Stats: {'followers': 881, 'following': 1868, 'posts': 242}
2025-03-27 14:36:43,255 - INFO - Found profile stats line
2025-03-27 14:36:43,255 - INFO - SCRAPER: Followers: 881, Following: 1868
2025-03-27 14:36:43,255 - INFO - Extracted total followers: 881
2025-03-27 14:36:43,255 - INFO - Extracted total following: 1868
2025-03-27 14:36:43,255 - INFO - SCRAPER: Scraping followers...
2025-03-27 14:36:43,255 - INFO - SCRAPER: Already collected 879/881 followers (≥95%). Skipping followers scraping.
2025-03-27 14:36:43,255 - INFO - SCRAPER: Scraping following...
2025-03-27 14:36:43,255 - INFO - SCRAPER: Already collected 1862/1868 following accounts (≥95%). Skipping following scraping.
2025-03-27 14:36:43,255 - INFO - SCRAPER: Getting links to following accounts...
2025-03-27 14:36:43,256 - INFO - SCRAPER: Created 1862 following links from usernames
2025-03-27 14:36:43,256 - INFO - SCRAPER: Updated following links file: instagram_data/followingLinks.txt
2025-03-27 14:36:43,256 - INFO - SCRAPER: Updated adjacency list file: instagram_data/adjList.txt
2025-03-27 14:36:43,256 - INFO - SCRAPER: Added 0 new relationships (total: 25025)
2025-03-27 14:36:43,256 - INFO - SCRAPER: Retrieved 1862 following links
2025-03-27 14:36:43,256 - INFO - SCRAPER: Session completed successfully!
2025-03-27 14:36:43,256 - INFO - SCRAPER: Browser closed.
2025-03-27 14:36:43,573 - INFO - Updating status with dynamic counts - Followers: 881, Following: 1868
2025-03-27 14:36:43,574 - INFO - Saved data to instagram_data/auto_scrape_status.json
2025-03-27 14:36:43,574 - INFO - Now running a session to scrape following accounts network data...
2025-03-27 14:36:43,574 - INFO - Starting following accounts scraping session
2025-03-27 14:36:43,574 - INFO - remove_processed_links function is disabled to allow re-scraping of potential rate-limited accounts
2025-03-27 14:36:43,575 - INFO - DEBUG: Checking for duplicates before processing
2025-03-27 14:36:43,576 - INFO - No duplicate links found in instagram_data/followingLinks.txt
2025-03-27 14:36:43,577 - INFO - DEBUG: Before processing - 1862 accounts in queue
2025-03-27 14:36:43,593 - INFO - Using random batch size of 60 accounts for this session
2025-03-27 14:38:33,032 - INFO - FOLLOWING SCRAPER: DEBUG MODE ENABLED
2025-03-27 14:38:33,033 - INFO - FOLLOWING SCRAPER: Loaded scraping progress: 1473 accounts processed
2025-03-27 14:38:33,033 - INFO - FOLLOWING SCRAPER: Will process 60 accounts in this session
2025-03-27 14:38:33,033 - INFO - FOLLOWING SCRAPER: Logged in using button: //button[contains(.,'Log in')]
2025-03-27 14:38:33,033 - INFO - FOLLOWING SCRAPER: Logged in successfully!
2025-03-27 14:38:33,033 - INFO - FOLLOWING SCRAPER: Rate limit statistics: 1 accounts marked as rate-limited
2025-03-27 14:38:33,033 - INFO - FOLLOWING SCRAPER: Examples of rate-limited accounts: ['benton.down']
2025-03-27 14:38:33,033 - INFO - FOLLOWING SCRAPER: Loaded 1862 links from instagram_data/followingLinks.txt
2025-03-27 14:38:33,033 - INFO - FOLLOWING SCRAPER: Loaded adjacency list from instagram_data/adjList.txt
2025-03-27 14:38:33,033 - INFO - FOLLOWING SCRAPER: Deduplicating adjacency list...
2025-03-27 14:38:33,033 - INFO - FOLLOWING SCRAPER: No duplicates found in adjList.txt
2025-03-27 14:38:33,034 - INFO - FOLLOWING SCRAPER: DEBUG: Found 6161 already processed accounts in adjList.txt
2025-03-27 14:38:33,034 - INFO - FOLLOWING SCRAPER: Found 6161 accounts that have already been processed
2025-03-27 14:38:33,034 - INFO - FOLLOWING SCRAPER: Starting batch processing of 60 accounts
2025-03-27 14:38:33,034 - INFO - FOLLOWING SCRAPER: Pre-checking accounts to prioritize ones with reasonable follower/following counts...
2025-03-27 14:38:33,034 - INFO - FOLLOWING SCRAPER: ✓ shuheisakaue: Good candidate with 18 followers, 895 following
2025-03-27 14:38:33,034 - INFO - FOLLOWING SCRAPER: ✓ catsoupai: Good candidate with 189 followers, 189 following
2025-03-27 14:38:33,034 - INFO - FOLLOWING SCRAPER: ✓ soloslop.memes: Good candidate with 70 followers, 67 following
2025-03-27 14:38:33,034 - INFO - FOLLOWING SCRAPER: ✓ phillipsauction: Good candidate with 428 followers, 434 following
2025-03-27 14:38:33,034 - INFO - FOLLOWING SCRAPER: ✓ filmmovement: Good candidate with 12 followers, 708 following
2025-03-27 14:38:33,034 - INFO - FOLLOWING SCRAPER: ✗ rubahitam_: Too many connections (48 followers, 1153 following)
2025-03-27 14:38:33,034 - INFO - FOLLOWING SCRAPER: ✗ chinatown_cowboy.mp4: Too many connections (2382 followers, 0 following)
2025-03-27 14:38:33,034 - INFO - FOLLOWING SCRAPER: ✓ asian_redbozicowboy: Good candidate with 29 followers, 250 following
2025-03-27 14:38:33,034 - INFO - FOLLOWING SCRAPER: ✓ ccpxi_8964: Good candidate with 10 followers, 97 following
2025-03-27 14:38:33,034 - INFO - FOLLOWING SCRAPER: ✓ ngr.ev: Good candidate with 114 followers, 188 following
2025-03-27 14:38:33,034 - INFO - FOLLOWING SCRAPER: ✓ cinema_nighttt: Good candidate with 401 followers, 15 following
2025-03-27 14:38:33,035 - INFO - FOLLOWING SCRAPER: ✓ thedizzyviper: Good candidate with 179 followers, 902 following
2025-03-27 14:38:33,035 - INFO - FOLLOWING SCRAPER: ✗ arabbitsfoot: Too many connections (63 followers, 1569 following)
2025-03-27 14:38:33,035 - INFO - FOLLOWING SCRAPER: ✓ laclefrevival: Good candidate with 23 followers, 503 following
2025-03-27 14:38:33,035 - INFO - FOLLOWING SCRAPER: ✓ byboyfantasy: Good candidate with 83 followers, 609 following
2025-03-27 14:38:33,035 - INFO - FOLLOWING SCRAPER: ✓ manofdutch: Good candidate with 29 followers, 55 following
2025-03-27 14:38:33,035 - INFO - FOLLOWING SCRAPER: ✗ fernandosev7n: Too many connections (235 followers, 1534 following)
2025-03-27 14:38:33,035 - INFO - FOLLOWING SCRAPER: ✓ thefineartcollective: Good candidate with 674 followers, 919 following
2025-03-27 14:38:33,035 - INFO - FOLLOWING SCRAPER: ✗ xidan_zhang: Too many connections (2743 followers, 901 following)
2025-03-27 14:38:33,035 - INFO - FOLLOWING SCRAPER: ✗ zihaosong: Too many connections (10 followers, 2448 following)
2025-03-27 14:38:33,035 - INFO - FOLLOWING SCRAPER: ✗ young.brando: Too many connections (17 followers, 2456 following)
2025-03-27 14:38:33,035 - INFO - FOLLOWING SCRAPER: ✗ gentleman.gasmask: Too many connections (364 followers, 1661 following)
2025-03-27 14:38:33,035 - INFO - FOLLOWING SCRAPER: ✗ yuukakazami0: Too many connections (1343 followers, 519 following)
2025-03-27 14:38:33,035 - INFO - FOLLOWING SCRAPER: ✗ cucny: Too many connections (2783 followers, 38 following)
2025-03-27 14:38:33,035 - INFO - FOLLOWING SCRAPER: ✗ thepennclub: Too many connections (4057 followers, 632 following)
2025-03-27 14:38:33,035 - INFO - FOLLOWING SCRAPER: ✗ lsmartfund: Too many connections (4169 followers, 586 following)
2025-03-27 14:38:33,035 - INFO - FOLLOWING SCRAPER: ✗ perpetual.passion: Too many connections (38 followers, 2352 following)
2025-03-27 14:38:33,035 - INFO - FOLLOWING SCRAPER: ✗ milanrecords: Too many connections (20 followers, 2860 following)
2025-03-27 14:38:33,036 - INFO - FOLLOWING SCRAPER: ✗ prophetconsulting: Too many connections (5424 followers, 300 following)
2025-03-27 14:38:33,036 - INFO - FOLLOWING SCRAPER: ✗ tinapi.x: Too many connections (2567 followers, 1503 following)
2025-03-27 14:38:33,036 - INFO - FOLLOWING SCRAPER: Found 14 accounts with reasonable follower/following counts
2025-03-27 14:38:33,036 - INFO - FOLLOWING SCRAPER: DEBUG: Sanitizing and saving 1862 links
2025-03-27 14:38:33,036 - INFO - FOLLOWING SCRAPER: DEBUG: After sanitization: 1862 links (removed 0)
2025-03-27 14:38:33,036 - INFO - FOLLOWING SCRAPER: DEBUG: Successfully saved 1862 links to instagram_data/followingLinks.txt
2025-03-27 14:38:33,036 - INFO - FOLLOWING SCRAPER: Links reordered to prioritize accounts with reasonable follower/following counts
2025-03-27 14:38:33,036 - INFO - FOLLOWING SCRAPER: Randomly selecting 60 accounts from 1862 available accounts
2025-03-27 14:38:33,036 - INFO - FOLLOWING SCRAPER: DEBUG: Processing randomly selected link #1513/1862: https://www.instagram.com/archiesczz/
2025-03-27 14:38:33,036 - INFO - FOLLOWING SCRAPER: DEBUG: Before processing - 1862 links in queue
2025-03-27 14:38:33,036 - INFO - FOLLOWING SCRAPER: DEBUG: Account archiesczz in progress data with rate_limited=False
2025-03-27 14:38:33,036 - INFO - FOLLOWING SCRAPER: Processing: https://www.instagram.com/archiesczz/
2025-03-27 14:38:33,036 - INFO - FOLLOWING SCRAPER: Account archiesczz already fully processed. Skipping.
2025-03-27 14:38:33,036 - INFO - FOLLOWING SCRAPER: DEBUG: Removing link from queue: https://www.instagram.com/archiesczz/
2025-03-27 14:38:33,036 - INFO - FOLLOWING SCRAPER: Error processing https://www.instagram.com/archiesczz/: list.remove(x): x not in list
2025-03-27 14:38:33,037 - INFO - FOLLOWING SCRAPER: DEBUG: Moving failed link to end of queue: https://www.instagram.com/archiesczz/
2025-03-27 14:38:33,037 - INFO - FOLLOWING SCRAPER: Error during batch processing: list.remove(x): x not in list
2025-03-27 14:38:33,037 - INFO - FOLLOWING SCRAPER: Browser closed. Script complete.
2025-03-27 14:38:33,296 - ERROR - DEBUG: ISSUE DETECTED - Queue size didn't decrease. Before: 1862, After: 1862, Diff: 0
2025-03-27 14:38:33,296 - INFO - DEBUG: Checking for duplicates after processing
2025-03-27 14:38:33,297 - INFO - No duplicate links found in instagram_data/followingLinks.txt
2025-03-27 14:38:33,297 - INFO - remove_processed_links function is disabled to allow re-scraping of potential rate-limited accounts
2025-03-27 14:38:33,297 - INFO - Following accounts scraping session completed with result: True
2025-03-27 14:38:33,297 - INFO - Sessions completed. Waiting 0 hours and 26 minutes before next sessions...
2025-03-27 15:04:33,390 - INFO - Current counts in status file - Followers: 881, Following: 1868
2025-03-27 15:04:33,391 - INFO - Current counts in status file - Followers: 881, Following: 1868
2025-03-27 15:04:33,391 - INFO - Starting new scraping session
2025-03-27 15:04:33,391 - INFO - Current counts in status file - Followers: 881, Following: 1868
2025-03-27 15:04:33,391 - INFO - Need to collect more following accounts: 1862/1868
2025-03-27 15:04:33,391 - INFO - Need to collect more followers: 879/881
2025-03-27 15:04:33,391 - INFO - Using 5 max pages for this session
2025-03-27 15:05:05,900 - INFO - SCRAPER: Logged in using button: //button[contains(.,'Log in')]
2025-03-27 15:05:05,901 - INFO - SCRAPER: Logged in successfully!
2025-03-27 15:05:05,901 - INFO - SCRAPER: Logged in as fretin98
2025-03-27 15:05:05,901 - INFO - SCRAPER: Resuming previous session...
2025-03-27 15:05:05,901 - INFO - SCRAPER: Loaded 879 followers and 1862 following from previous session
2025-03-27 15:05:05,902 - INFO - SCRAPER: Profile Stats: {'followers': 881, 'following': 1868, 'posts': 242}
2025-03-27 15:05:05,902 - INFO - Found profile stats line
2025-03-27 15:05:05,902 - INFO - SCRAPER: Followers: 881, Following: 1868
2025-03-27 15:05:05,902 - INFO - Extracted total followers: 881
2025-03-27 15:05:05,902 - INFO - Extracted total following: 1868
2025-03-27 15:05:05,902 - INFO - SCRAPER: Scraping followers...
2025-03-27 15:05:05,902 - INFO - SCRAPER: Already collected 879/881 followers (≥95%). Skipping followers scraping.
2025-03-27 15:05:05,902 - INFO - SCRAPER: Scraping following...
2025-03-27 15:05:05,902 - INFO - SCRAPER: Already collected 1862/1868 following accounts (≥95%). Skipping following scraping.
2025-03-27 15:05:05,902 - INFO - SCRAPER: Getting links to following accounts...
2025-03-27 15:05:05,902 - INFO - SCRAPER: Created 1862 following links from usernames
2025-03-27 15:05:05,902 - INFO - SCRAPER: Updated following links file: instagram_data/followingLinks.txt
2025-03-27 15:05:05,902 - INFO - SCRAPER: Updated adjacency list file: instagram_data/adjList.txt
2025-03-27 15:05:05,902 - INFO - SCRAPER: Added 0 new relationships (total: 25025)
2025-03-27 15:05:05,902 - INFO - SCRAPER: Retrieved 1862 following links
2025-03-27 15:05:05,902 - INFO - SCRAPER: Session completed successfully!
2025-03-27 15:05:05,902 - INFO - SCRAPER: Browser closed.
2025-03-27 15:05:05,952 - INFO - Updating status with dynamic counts - Followers: 881, Following: 1868
2025-03-27 15:05:05,954 - INFO - Saved data to instagram_data/auto_scrape_status.json
2025-03-27 15:05:05,954 - INFO - Now running a session to scrape following accounts network data...
2025-03-27 15:05:05,954 - INFO - Starting following accounts scraping session
2025-03-27 15:05:05,954 - INFO - remove_processed_links function is disabled to allow re-scraping of potential rate-limited accounts
2025-03-27 15:05:05,954 - INFO - DEBUG: Checking for duplicates before processing
2025-03-27 15:05:05,955 - INFO - No duplicate links found in instagram_data/followingLinks.txt
2025-03-27 15:05:05,955 - INFO - DEBUG: Before processing - 1862 accounts in queue
2025-03-27 15:05:05,958 - INFO - Using random batch size of 42 accounts for this session
2025-03-27 15:06:42,775 - INFO - FOLLOWING SCRAPER: DEBUG MODE ENABLED
2025-03-27 15:06:42,776 - INFO - FOLLOWING SCRAPER: Loaded scraping progress: 1473 accounts processed
2025-03-27 15:06:42,776 - INFO - FOLLOWING SCRAPER: Will process 42 accounts in this session
2025-03-27 15:06:42,776 - INFO - FOLLOWING SCRAPER: Logged in using button: //button[contains(.,'Log in')]
2025-03-27 15:06:42,776 - INFO - FOLLOWING SCRAPER: Logged in successfully!
2025-03-27 15:06:42,776 - INFO - FOLLOWING SCRAPER: Rate limit statistics: 1 accounts marked as rate-limited
2025-03-27 15:06:42,776 - INFO - FOLLOWING SCRAPER: Examples of rate-limited accounts: ['benton.down']
2025-03-27 15:06:42,776 - INFO - FOLLOWING SCRAPER: Loaded 1862 links from instagram_data/followingLinks.txt
2025-03-27 15:06:42,776 - INFO - FOLLOWING SCRAPER: Loaded adjacency list from instagram_data/adjList.txt
2025-03-27 15:06:42,776 - INFO - FOLLOWING SCRAPER: Deduplicating adjacency list...
2025-03-27 15:06:42,776 - INFO - FOLLOWING SCRAPER: No duplicates found in adjList.txt
2025-03-27 15:06:42,777 - INFO - FOLLOWING SCRAPER: DEBUG: Found 6161 already processed accounts in adjList.txt
2025-03-27 15:06:42,777 - INFO - FOLLOWING SCRAPER: Found 6161 accounts that have already been processed
2025-03-27 15:06:42,777 - INFO - FOLLOWING SCRAPER: Starting batch processing of 42 accounts
2025-03-27 15:06:42,777 - INFO - FOLLOWING SCRAPER: Pre-checking accounts to prioritize ones with reasonable follower/following counts...
2025-03-27 15:06:42,777 - INFO - FOLLOWING SCRAPER: ✓ shuheisakaue: Good candidate with 18 followers, 895 following
2025-03-27 15:06:42,777 - INFO - FOLLOWING SCRAPER: ✓ catsoupai: Good candidate with 189 followers, 189 following
2025-03-27 15:06:42,777 - INFO - FOLLOWING SCRAPER: ✓ soloslop.memes: Good candidate with 70 followers, 67 following
2025-03-27 15:06:42,777 - INFO - FOLLOWING SCRAPER: ✓ phillipsauction: Good candidate with 428 followers, 434 following
2025-03-27 15:06:42,777 - INFO - FOLLOWING SCRAPER: ✓ filmmovement: Good candidate with 12 followers, 708 following
2025-03-27 15:06:42,777 - INFO - FOLLOWING SCRAPER: ✗ rubahitam_: Too many connections (48 followers, 1153 following)
2025-03-27 15:06:42,777 - INFO - FOLLOWING SCRAPER: ✗ chinatown_cowboy.mp4: Too many connections (2382 followers, 0 following)
2025-03-27 15:06:42,777 - INFO - FOLLOWING SCRAPER: ✓ asian_redbozicowboy: Good candidate with 29 followers, 250 following
2025-03-27 15:06:42,777 - INFO - FOLLOWING SCRAPER: ✓ ccpxi_8964: Good candidate with 10 followers, 97 following
2025-03-27 15:06:42,777 - INFO - FOLLOWING SCRAPER: ✓ ngr.ev: Good candidate with 114 followers, 188 following
2025-03-27 15:06:42,777 - INFO - FOLLOWING SCRAPER: ✓ cinema_nighttt: Good candidate with 401 followers, 15 following
2025-03-27 15:06:42,777 - INFO - FOLLOWING SCRAPER: ✓ thedizzyviper: Good candidate with 179 followers, 902 following
2025-03-27 15:06:42,777 - INFO - FOLLOWING SCRAPER: ✗ arabbitsfoot: Too many connections (63 followers, 1569 following)
2025-03-27 15:06:42,777 - INFO - FOLLOWING SCRAPER: ✓ laclefrevival: Good candidate with 23 followers, 503 following
2025-03-27 15:06:42,777 - INFO - FOLLOWING SCRAPER: ✓ byboyfantasy: Good candidate with 83 followers, 609 following
2025-03-27 15:06:42,777 - INFO - FOLLOWING SCRAPER: ✓ manofdutch: Good candidate with 29 followers, 55 following
2025-03-27 15:06:42,777 - INFO - FOLLOWING SCRAPER: ✗ fernandosev7n: Too many connections (235 followers, 1534 following)
2025-03-27 15:06:42,777 - INFO - FOLLOWING SCRAPER: ✓ thefineartcollective: Good candidate with 674 followers, 919 following
2025-03-27 15:06:42,777 - INFO - FOLLOWING SCRAPER: ✗ xidan_zhang: Too many connections (2743 followers, 901 following)
2025-03-27 15:06:42,777 - INFO - FOLLOWING SCRAPER: ✗ zihaosong: Too many connections (10 followers, 2448 following)
2025-03-27 15:06:42,777 - INFO - FOLLOWING SCRAPER: ✗ young.brando: Too many connections (17 followers, 2456 following)
2025-03-27 15:06:42,777 - INFO - FOLLOWING SCRAPER: ✗ gentleman.gasmask: Too many connections (364 followers, 1661 following)
2025-03-27 15:06:42,777 - INFO - FOLLOWING SCRAPER: ✗ yuukakazami0: Too many connections (1343 followers, 519 following)
2025-03-27 15:06:42,777 - INFO - FOLLOWING SCRAPER: ✗ cucny: Too many connections (2783 followers, 38 following)
2025-03-27 15:06:42,777 - INFO - FOLLOWING SCRAPER: ✗ thepennclub: Too many connections (4057 followers, 632 following)
2025-03-27 15:06:42,777 - INFO - FOLLOWING SCRAPER: Found 14 accounts with reasonable follower/following counts
2025-03-27 15:06:42,777 - INFO - FOLLOWING SCRAPER: DEBUG: Sanitizing and saving 1862 links
2025-03-27 15:06:42,777 - INFO - FOLLOWING SCRAPER: DEBUG: After sanitization: 1862 links (removed 0)
2025-03-27 15:06:42,777 - INFO - FOLLOWING SCRAPER: DEBUG: Successfully saved 1862 links to instagram_data/followingLinks.txt
2025-03-27 15:06:42,777 - INFO - FOLLOWING SCRAPER: Links reordered to prioritize accounts with reasonable follower/following counts
2025-03-27 15:06:42,777 - INFO - FOLLOWING SCRAPER: Randomly selecting 42 accounts from 1862 available accounts
2025-03-27 15:06:42,777 - INFO - FOLLOWING SCRAPER: DEBUG: Processing randomly selected link #802/1862: https://www.instagram.com/artimenidze/
2025-03-27 15:06:42,777 - INFO - FOLLOWING SCRAPER: DEBUG: Before processing - 1862 links in queue
2025-03-27 15:06:42,777 - INFO - FOLLOWING SCRAPER: DEBUG: Account artimenidze in progress data with rate_limited=False
2025-03-27 15:06:42,777 - INFO - FOLLOWING SCRAPER: DEBUG: Skipping already processed account: artimenidze
2025-03-27 15:06:42,777 - INFO - FOLLOWING SCRAPER: Error during batch processing: list.remove(x): x not in list
2025-03-27 15:06:42,777 - INFO - FOLLOWING SCRAPER: Browser closed. Script complete.
2025-03-27 15:06:42,915 - ERROR - DEBUG: ISSUE DETECTED - Queue size didn't decrease. Before: 1862, After: 1862, Diff: 0
2025-03-27 15:06:42,915 - INFO - DEBUG: Checking for duplicates after processing
2025-03-27 15:06:42,916 - INFO - No duplicate links found in instagram_data/followingLinks.txt
2025-03-27 15:06:42,916 - INFO - remove_processed_links function is disabled to allow re-scraping of potential rate-limited accounts
2025-03-27 15:06:42,916 - INFO - Following accounts scraping session completed with result: True
2025-03-27 15:06:42,916 - INFO - Sessions completed. Waiting 0 hours and 21 minutes before next sessions...
2025-03-27 15:27:45,922 - INFO - Current counts in status file - Followers: 881, Following: 1868
2025-03-27 15:27:45,924 - INFO - Current counts in status file - Followers: 881, Following: 1868
2025-03-27 15:27:45,926 - INFO - Starting new scraping session
2025-03-27 15:27:45,926 - INFO - Current counts in status file - Followers: 881, Following: 1868
2025-03-27 15:27:45,927 - INFO - Need to collect more following accounts: 1862/1868
2025-03-27 15:27:45,927 - INFO - Need to collect more followers: 879/881
2025-03-27 15:27:45,927 - INFO - Using 7 max pages for this session
2025-03-27 15:28:18,400 - INFO - SCRAPER: Logged in using button: //button[contains(.,'Log in')]
2025-03-27 15:28:18,400 - INFO - SCRAPER: Logged in successfully!
2025-03-27 15:28:18,400 - INFO - SCRAPER: Logged in as fretin98
2025-03-27 15:28:18,400 - INFO - SCRAPER: Resuming previous session...
2025-03-27 15:28:18,400 - INFO - SCRAPER: Loaded 879 followers and 1862 following from previous session
2025-03-27 15:28:18,400 - INFO - SCRAPER: Profile Stats: {'followers': 881, 'following': 1868, 'posts': 242}
2025-03-27 15:28:18,400 - INFO - Found profile stats line
2025-03-27 15:28:18,400 - INFO - SCRAPER: Followers: 881, Following: 1868
2025-03-27 15:28:18,400 - INFO - Extracted total followers: 881
2025-03-27 15:28:18,400 - INFO - Extracted total following: 1868
2025-03-27 15:28:18,400 - INFO - SCRAPER: Scraping followers...
2025-03-27 15:28:18,400 - INFO - SCRAPER: Already collected 879/881 followers (≥95%). Skipping followers scraping.
2025-03-27 15:28:18,400 - INFO - SCRAPER: Scraping following...
2025-03-27 15:28:18,400 - INFO - SCRAPER: Already collected 1862/1868 following accounts (≥95%). Skipping following scraping.
2025-03-27 15:28:18,400 - INFO - SCRAPER: Getting links to following accounts...
2025-03-27 15:28:18,400 - INFO - SCRAPER: Created 1862 following links from usernames
2025-03-27 15:28:18,400 - INFO - SCRAPER: Updated following links file: instagram_data/followingLinks.txt
2025-03-27 15:28:18,400 - INFO - SCRAPER: Updated adjacency list file: instagram_data/adjList.txt
2025-03-27 15:28:18,400 - INFO - SCRAPER: Added 0 new relationships (total: 25025)
2025-03-27 15:28:18,400 - INFO - SCRAPER: Retrieved 1862 following links
2025-03-27 15:28:18,400 - INFO - SCRAPER: Session completed successfully!
2025-03-27 15:28:18,401 - INFO - SCRAPER: Browser closed.
2025-03-27 15:28:18,453 - INFO - Updating status with dynamic counts - Followers: 881, Following: 1868
2025-03-27 15:28:18,454 - INFO - Saved data to instagram_data/auto_scrape_status.json
2025-03-27 15:28:18,454 - INFO - Now running a session to scrape following accounts network data...
2025-03-27 15:28:18,454 - INFO - Starting following accounts scraping session
2025-03-27 15:28:18,454 - INFO - remove_processed_links function is disabled to allow re-scraping of potential rate-limited accounts
2025-03-27 15:28:18,454 - INFO - DEBUG: Checking for duplicates before processing
2025-03-27 15:28:18,455 - INFO - No duplicate links found in instagram_data/followingLinks.txt
2025-03-27 15:28:18,455 - INFO - DEBUG: Before processing - 1862 accounts in queue
2025-03-27 15:28:18,460 - INFO - Using random batch size of 52 accounts for this session
2025-03-27 15:30:08,415 - INFO - FOLLOWING SCRAPER: DEBUG MODE ENABLED
2025-03-27 15:30:08,416 - INFO - FOLLOWING SCRAPER: Loaded scraping progress: 1473 accounts processed
2025-03-27 15:30:08,416 - INFO - FOLLOWING SCRAPER: Will process 52 accounts in this session
2025-03-27 15:30:08,416 - INFO - FOLLOWING SCRAPER: Logged in using button: //button[contains(.,'Log in')]
2025-03-27 15:30:08,416 - INFO - FOLLOWING SCRAPER: Logged in successfully!
2025-03-27 15:30:08,417 - INFO - FOLLOWING SCRAPER: Rate limit statistics: 1 accounts marked as rate-limited
2025-03-27 15:30:08,417 - INFO - FOLLOWING SCRAPER: Examples of rate-limited accounts: ['benton.down']
2025-03-27 15:30:08,417 - INFO - FOLLOWING SCRAPER: Loaded 1862 links from instagram_data/followingLinks.txt
2025-03-27 15:30:08,417 - INFO - FOLLOWING SCRAPER: Loaded adjacency list from instagram_data/adjList.txt
2025-03-27 15:30:08,417 - INFO - FOLLOWING SCRAPER: Deduplicating adjacency list...
2025-03-27 15:30:08,417 - INFO - FOLLOWING SCRAPER: No duplicates found in adjList.txt
2025-03-27 15:30:08,417 - INFO - FOLLOWING SCRAPER: DEBUG: Found 6161 already processed accounts in adjList.txt
2025-03-27 15:30:08,417 - INFO - FOLLOWING SCRAPER: Found 6161 accounts that have already been processed
2025-03-27 15:30:08,417 - INFO - FOLLOWING SCRAPER: Starting batch processing of 52 accounts
2025-03-27 15:30:08,417 - INFO - FOLLOWING SCRAPER: Pre-checking accounts to prioritize ones with reasonable follower/following counts...
2025-03-27 15:30:08,417 - INFO - FOLLOWING SCRAPER: ✓ shuheisakaue: Good candidate with 18 followers, 895 following
2025-03-27 15:30:08,417 - INFO - FOLLOWING SCRAPER: ✓ catsoupai: Good candidate with 189 followers, 189 following
2025-03-27 15:30:08,417 - INFO - FOLLOWING SCRAPER: ✓ soloslop.memes: Good candidate with 70 followers, 67 following
2025-03-27 15:30:08,417 - INFO - FOLLOWING SCRAPER: ✓ phillipsauction: Good candidate with 428 followers, 434 following
2025-03-27 15:30:08,417 - INFO - FOLLOWING SCRAPER: ✓ filmmovement: Good candidate with 12 followers, 708 following
2025-03-27 15:30:08,417 - INFO - FOLLOWING SCRAPER: ✗ rubahitam_: Too many connections (48 followers, 1153 following)
2025-03-27 15:30:08,417 - INFO - FOLLOWING SCRAPER: ✗ chinatown_cowboy.mp4: Too many connections (2382 followers, 0 following)
2025-03-27 15:30:08,417 - INFO - FOLLOWING SCRAPER: ✓ asian_redbozicowboy: Good candidate with 29 followers, 250 following
2025-03-27 15:30:08,417 - INFO - FOLLOWING SCRAPER: ✓ ccpxi_8964: Good candidate with 10 followers, 97 following
2025-03-27 15:30:08,418 - INFO - FOLLOWING SCRAPER: ✓ ngr.ev: Good candidate with 114 followers, 188 following
2025-03-27 15:30:08,418 - INFO - FOLLOWING SCRAPER: ✓ cinema_nighttt: Good candidate with 401 followers, 16 following
2025-03-27 15:30:08,418 - INFO - FOLLOWING SCRAPER: ✓ thedizzyviper: Good candidate with 179 followers, 902 following
2025-03-27 15:30:08,418 - INFO - FOLLOWING SCRAPER: ✓ arabbitsfoot: Good candidate with 0 followers, 0 following
2025-03-27 15:30:08,418 - INFO - FOLLOWING SCRAPER: ✓ laclefrevival: Good candidate with 23 followers, 503 following
2025-03-27 15:30:08,418 - INFO - FOLLOWING SCRAPER: ✓ byboyfantasy: Good candidate with 83 followers, 609 following
2025-03-27 15:30:08,418 - INFO - FOLLOWING SCRAPER: ✓ manofdutch: Good candidate with 29 followers, 55 following
2025-03-27 15:30:08,418 - INFO - FOLLOWING SCRAPER: ✗ fernandosev7n: Too many connections (235 followers, 1534 following)
2025-03-27 15:30:08,418 - INFO - FOLLOWING SCRAPER: ✓ thefineartcollective: Good candidate with 674 followers, 919 following
2025-03-27 15:30:08,418 - INFO - FOLLOWING SCRAPER: ✗ xidan_zhang: Too many connections (2743 followers, 902 following)
2025-03-27 15:30:08,418 - INFO - FOLLOWING SCRAPER: ✗ zihaosong: Too many connections (10 followers, 2448 following)
2025-03-27 15:30:08,418 - INFO - FOLLOWING SCRAPER: ✗ young.brando: Too many connections (17 followers, 2456 following)
2025-03-27 15:30:08,418 - INFO - FOLLOWING SCRAPER: ✗ gentleman.gasmask: Too many connections (364 followers, 1661 following)
2025-03-27 15:30:08,418 - INFO - FOLLOWING SCRAPER: ✗ yuukakazami0: Too many connections (1343 followers, 519 following)
2025-03-27 15:30:08,418 - INFO - FOLLOWING SCRAPER: ✗ cucny: Too many connections (2783 followers, 38 following)
2025-03-27 15:30:08,418 - INFO - FOLLOWING SCRAPER: ✗ thepennclub: Too many connections (4057 followers, 632 following)
2025-03-27 15:30:08,418 - INFO - FOLLOWING SCRAPER: ✗ lsmartfund: Too many connections (4170 followers, 586 following)
2025-03-27 15:30:08,418 - INFO - FOLLOWING SCRAPER: ✗ perpetual.passion: Too many connections (38 followers, 2352 following)
2025-03-27 15:30:08,418 - INFO - FOLLOWING SCRAPER: ✗ milanrecords: Too many connections (20 followers, 2860 following)
2025-03-27 15:30:08,418 - INFO - FOLLOWING SCRAPER: Found 15 accounts with reasonable follower/following counts
2025-03-27 15:30:08,418 - INFO - FOLLOWING SCRAPER: DEBUG: Sanitizing and saving 1862 links
2025-03-27 15:30:08,418 - INFO - FOLLOWING SCRAPER: DEBUG: After sanitization: 1862 links (removed 0)
2025-03-27 15:30:08,418 - INFO - FOLLOWING SCRAPER: DEBUG: Successfully saved 1862 links to instagram_data/followingLinks.txt
2025-03-27 15:30:08,419 - INFO - FOLLOWING SCRAPER: Links reordered to prioritize accounts with reasonable follower/following counts
2025-03-27 15:30:08,419 - INFO - FOLLOWING SCRAPER: Randomly selecting 52 accounts from 1862 available accounts
2025-03-27 15:30:08,419 - INFO - FOLLOWING SCRAPER: DEBUG: Processing randomly selected link #1297/1862: https://www.instagram.com/j3ssling/
2025-03-27 15:30:08,419 - INFO - FOLLOWING SCRAPER: DEBUG: Before processing - 1862 links in queue
2025-03-27 15:30:08,419 - INFO - FOLLOWING SCRAPER: DEBUG: Skipping already processed account: j3ssling
2025-03-27 15:30:08,419 - INFO - FOLLOWING SCRAPER: Error during batch processing: list.remove(x): x not in list
2025-03-27 15:30:08,419 - INFO - FOLLOWING SCRAPER: Browser closed. Script complete.
2025-03-27 15:30:08,882 - ERROR - DEBUG: ISSUE DETECTED - Queue size didn't decrease. Before: 1862, After: 1862, Diff: 0
2025-03-27 15:30:08,882 - INFO - DEBUG: Checking for duplicates after processing
2025-03-27 15:30:08,883 - INFO - No duplicate links found in instagram_data/followingLinks.txt
2025-03-27 15:30:08,883 - INFO - remove_processed_links function is disabled to allow re-scraping of potential rate-limited accounts
2025-03-27 15:30:08,883 - INFO - Following accounts scraping session completed with result: True
2025-03-27 15:30:08,883 - INFO - Sessions completed. Waiting 0 hours and 34 minutes before next sessions...
2025-03-27 16:04:35,891 - INFO - Current counts in status file - Followers: 881, Following: 1868
2025-03-27 16:04:35,915 - INFO - Current counts in status file - Followers: 881, Following: 1868
2025-03-27 16:04:35,917 - INFO - It's 16:04, taking a natural break to appear more human-like.
2025-03-27 16:04:35,919 - INFO - Will take a 144 minute break and resume at approximately 18:28
2025-03-27 16:04:35,920 - INFO - Saved data to instagram_data/auto_scrape_status.json
2025-03-27 18:28:35,975 - INFO - Natural break complete, resuming operations
2025-03-27 18:28:35,982 - INFO - Starting new scraping session
2025-03-27 18:28:35,988 - INFO - Current counts in status file - Followers: 881, Following: 1868
2025-03-27 18:28:35,988 - INFO - Need to collect more following accounts: 1862/1868
2025-03-27 18:28:35,988 - INFO - Need to collect more followers: 879/881
2025-03-27 18:28:35,989 - INFO - Using 5 max pages for this session
2025-03-27 18:29:18,966 - INFO - SCRAPER: Logged in using button: //button[contains(.,'Log in')]
2025-03-27 18:29:18,969 - INFO - SCRAPER: Logged in successfully!
2025-03-27 18:29:18,970 - INFO - SCRAPER: Logged in as fretin98
2025-03-27 18:29:18,970 - INFO - SCRAPER: Resuming previous session...
2025-03-27 18:29:18,970 - INFO - SCRAPER: Loaded 879 followers and 1862 following from previous session
2025-03-27 18:29:18,970 - INFO - SCRAPER: Profile Stats: {'followers': 881, 'following': 1868, 'posts': 242}
2025-03-27 18:29:18,970 - INFO - Found profile stats line
2025-03-27 18:29:18,971 - INFO - SCRAPER: Followers: 881, Following: 1868
2025-03-27 18:29:18,971 - INFO - Extracted total followers: 881
2025-03-27 18:29:18,971 - INFO - Extracted total following: 1868
2025-03-27 18:29:18,975 - INFO - SCRAPER: Scraping followers...
2025-03-27 18:29:18,975 - INFO - SCRAPER: Already collected 879/881 followers (≥95%). Skipping followers scraping.
2025-03-27 18:29:18,976 - INFO - SCRAPER: Scraping following...
2025-03-27 18:29:18,977 - INFO - SCRAPER: Already collected 1862/1868 following accounts (≥95%). Skipping following scraping.
2025-03-27 18:29:18,977 - INFO - SCRAPER: Getting links to following accounts...
2025-03-27 18:29:18,978 - INFO - SCRAPER: Created 1862 following links from usernames
2025-03-27 18:29:18,978 - INFO - SCRAPER: Updated following links file: instagram_data/followingLinks.txt
2025-03-27 18:29:18,978 - INFO - SCRAPER: Updated adjacency list file: instagram_data/adjList.txt
2025-03-27 18:29:18,978 - INFO - SCRAPER: Added 0 new relationships (total: 25025)
2025-03-27 18:29:18,978 - INFO - SCRAPER: Retrieved 1862 following links
2025-03-27 18:29:18,978 - INFO - SCRAPER: Session completed successfully!
2025-03-27 18:29:18,978 - INFO - SCRAPER: Browser closed.
2025-03-27 18:29:19,376 - INFO - Updating status with dynamic counts - Followers: 881, Following: 1868
2025-03-27 18:29:19,382 - INFO - Saved data to instagram_data/auto_scrape_status.json
2025-03-27 18:29:19,392 - INFO - Now running a session to scrape following accounts network data...
2025-03-27 18:29:19,395 - INFO - Starting following accounts scraping session
2025-03-27 18:29:19,395 - INFO - remove_processed_links function is disabled to allow re-scraping of potential rate-limited accounts
2025-03-27 18:29:19,396 - INFO - DEBUG: Checking for duplicates before processing
2025-03-27 18:29:19,418 - INFO - No duplicate links found in instagram_data/followingLinks.txt
2025-03-27 18:29:19,431 - INFO - DEBUG: Before processing - 1862 accounts in queue
2025-03-27 18:29:19,473 - INFO - Using random batch size of 43 accounts for this session
2025-03-27 18:31:25,314 - INFO - FOLLOWING SCRAPER: DEBUG MODE ENABLED
2025-03-27 18:31:25,316 - INFO - FOLLOWING SCRAPER: Loaded scraping progress: 1473 accounts processed
2025-03-27 18:31:25,316 - INFO - FOLLOWING SCRAPER: Will process 43 accounts in this session
2025-03-27 18:31:25,316 - INFO - FOLLOWING SCRAPER: Logged in using button: //button[contains(.,'Log in')]
2025-03-27 18:31:25,316 - INFO - FOLLOWING SCRAPER: Logged in successfully!
2025-03-27 18:31:25,316 - INFO - FOLLOWING SCRAPER: Rate limit statistics: 1 accounts marked as rate-limited
2025-03-27 18:31:25,316 - INFO - FOLLOWING SCRAPER: Examples of rate-limited accounts: ['benton.down']
2025-03-27 18:31:25,316 - INFO - FOLLOWING SCRAPER: Loaded 1862 links from instagram_data/followingLinks.txt
2025-03-27 18:31:25,316 - INFO - FOLLOWING SCRAPER: Loaded adjacency list from instagram_data/adjList.txt
2025-03-27 18:31:25,317 - INFO - FOLLOWING SCRAPER: Deduplicating adjacency list...
2025-03-27 18:31:25,317 - INFO - FOLLOWING SCRAPER: No duplicates found in adjList.txt
2025-03-27 18:31:25,317 - INFO - FOLLOWING SCRAPER: DEBUG: Found 6161 already processed accounts in adjList.txt
2025-03-27 18:31:25,317 - INFO - FOLLOWING SCRAPER: Found 6161 accounts that have already been processed
2025-03-27 18:31:25,317 - INFO - FOLLOWING SCRAPER: Starting batch processing of 43 accounts
2025-03-27 18:31:25,317 - INFO - FOLLOWING SCRAPER: Pre-checking accounts to prioritize ones with reasonable follower/following counts...
2025-03-27 18:31:25,318 - INFO - FOLLOWING SCRAPER: ✓ shuheisakaue: Good candidate with 18 followers, 895 following
2025-03-27 18:31:25,318 - INFO - FOLLOWING SCRAPER: ✓ catsoupai: Good candidate with 189 followers, 189 following
2025-03-27 18:31:25,318 - INFO - FOLLOWING SCRAPER: ✓ soloslop.memes: Good candidate with 70 followers, 67 following
2025-03-27 18:31:25,318 - INFO - FOLLOWING SCRAPER: ✓ phillipsauction: Good candidate with 429 followers, 434 following
2025-03-27 18:31:25,318 - INFO - FOLLOWING SCRAPER: ✓ filmmovement: Good candidate with 12 followers, 708 following
2025-03-27 18:31:25,319 - INFO - FOLLOWING SCRAPER: ✗ rubahitam_: Too many connections (48 followers, 1153 following)
2025-03-27 18:31:25,319 - INFO - FOLLOWING SCRAPER: ✗ chinatown_cowboy.mp4: Too many connections (2383 followers, 0 following)
2025-03-27 18:31:25,319 - INFO - FOLLOWING SCRAPER: ✓ asian_redbozicowboy: Good candidate with 29 followers, 250 following
2025-03-27 18:31:25,319 - INFO - FOLLOWING SCRAPER: ✓ ccpxi_8964: Good candidate with 10 followers, 97 following
2025-03-27 18:31:25,320 - INFO - FOLLOWING SCRAPER: ✓ ngr.ev: Good candidate with 115 followers, 188 following
2025-03-27 18:31:25,320 - INFO - FOLLOWING SCRAPER: ✓ cinema_nighttt: Good candidate with 401 followers, 15 following
2025-03-27 18:31:25,320 - INFO - FOLLOWING SCRAPER: ✓ thedizzyviper: Good candidate with 179 followers, 902 following
2025-03-27 18:31:25,320 - INFO - FOLLOWING SCRAPER: ✗ arabbitsfoot: Too many connections (64 followers, 1569 following)
2025-03-27 18:31:25,320 - INFO - FOLLOWING SCRAPER: ✓ laclefrevival: Good candidate with 23 followers, 504 following
2025-03-27 18:31:25,320 - INFO - FOLLOWING SCRAPER: ✓ byboyfantasy: Good candidate with 83 followers, 609 following
2025-03-27 18:31:25,320 - INFO - FOLLOWING SCRAPER: ✓ manofdutch: Good candidate with 29 followers, 55 following
2025-03-27 18:31:25,320 - INFO - FOLLOWING SCRAPER: ✗ fernandosev7n: Too many connections (235 followers, 1534 following)
2025-03-27 18:31:25,320 - INFO - FOLLOWING SCRAPER: ✓ thefineartcollective: Good candidate with 674 followers, 919 following
2025-03-27 18:31:25,320 - INFO - FOLLOWING SCRAPER: ✗ xidan_zhang: Too many connections (2743 followers, 902 following)
2025-03-27 18:31:25,320 - INFO - FOLLOWING SCRAPER: ✗ zihaosong: Too many connections (10 followers, 2448 following)
2025-03-27 18:31:25,320 - INFO - FOLLOWING SCRAPER: ✗ young.brando: Too many connections (17 followers, 2456 following)
2025-03-27 18:31:25,320 - INFO - FOLLOWING SCRAPER: ✗ gentleman.gasmask: Too many connections (364 followers, 1661 following)
2025-03-27 18:31:25,320 - INFO - FOLLOWING SCRAPER: ✗ yuukakazami0: Too many connections (1343 followers, 519 following)
2025-03-27 18:31:25,321 - INFO - FOLLOWING SCRAPER: ✗ cucny: Too many connections (2782 followers, 38 following)
2025-03-27 18:31:25,321 - INFO - FOLLOWING SCRAPER: ✗ thepennclub: Too many connections (4057 followers, 632 following)
2025-03-27 18:31:25,321 - INFO - FOLLOWING SCRAPER: Found 14 accounts with reasonable follower/following counts
2025-03-27 18:31:25,321 - INFO - FOLLOWING SCRAPER: DEBUG: Sanitizing and saving 1862 links
2025-03-27 18:31:25,321 - INFO - FOLLOWING SCRAPER: DEBUG: After sanitization: 1862 links (removed 0)
2025-03-27 18:31:25,321 - INFO - FOLLOWING SCRAPER: DEBUG: Successfully saved 1862 links to instagram_data/followingLinks.txt
2025-03-27 18:31:25,321 - INFO - FOLLOWING SCRAPER: Links reordered to prioritize accounts with reasonable follower/following counts
2025-03-27 18:31:25,321 - INFO - FOLLOWING SCRAPER: Randomly selecting 43 accounts from 1862 available accounts
2025-03-27 18:31:25,321 - INFO - FOLLOWING SCRAPER: DEBUG: Processing randomly selected link #914/1862: https://www.instagram.com/themuseumofmodernart/
2025-03-27 18:31:25,321 - INFO - FOLLOWING SCRAPER: DEBUG: Before processing - 1862 links in queue
2025-03-27 18:31:25,322 - INFO - FOLLOWING SCRAPER: DEBUG: Account themuseumofmodernart in progress data with rate_limited=False
2025-03-27 18:31:25,322 - INFO - FOLLOWING SCRAPER: DEBUG: Skipping already processed account: themuseumofmodernart
2025-03-27 18:31:25,322 - INFO - FOLLOWING SCRAPER: Error during batch processing: list.remove(x): x not in list
2025-03-27 18:31:25,323 - INFO - FOLLOWING SCRAPER: Browser closed. Script complete.
2025-03-27 18:31:25,577 - ERROR - DEBUG: ISSUE DETECTED - Queue size didn't decrease. Before: 1862, After: 1862, Diff: 0
2025-03-27 18:31:25,577 - INFO - DEBUG: Checking for duplicates after processing
2025-03-27 18:31:25,578 - INFO - No duplicate links found in instagram_data/followingLinks.txt
2025-03-27 18:31:25,578 - INFO - remove_processed_links function is disabled to allow re-scraping of potential rate-limited accounts
2025-03-27 18:31:25,578 - INFO - Following accounts scraping session completed with result: True
2025-03-27 18:31:25,579 - INFO - Sessions completed. Waiting 0 hours and 21 minutes before next sessions...
2025-03-27 18:53:16,602 - INFO - Current counts in status file - Followers: 881, Following: 1868
2025-03-27 18:53:16,606 - INFO - Current counts in status file - Followers: 881, Following: 1868
2025-03-27 18:53:16,608 - INFO - Starting new scraping session
2025-03-27 18:53:16,609 - INFO - Current counts in status file - Followers: 881, Following: 1868
2025-03-27 18:53:16,609 - INFO - Need to collect more following accounts: 1862/1868
2025-03-27 18:53:16,609 - INFO - Need to collect more followers: 879/881
2025-03-27 18:53:16,610 - INFO - Using 6 max pages for this session
2025-03-27 18:53:51,546 - INFO - SCRAPER: Logged in using button: //button[contains(.,'Log in')]
2025-03-27 18:53:51,555 - INFO - SCRAPER: Logged in successfully!
2025-03-27 18:53:51,555 - INFO - SCRAPER: Logged in as fretin98
2025-03-27 18:53:51,555 - INFO - SCRAPER: Resuming previous session...
2025-03-27 18:53:51,555 - INFO - SCRAPER: Loaded 879 followers and 1862 following from previous session
2025-03-27 18:53:51,555 - INFO - SCRAPER: Profile Stats: {'followers': 881, 'following': 1868, 'posts': 242}
2025-03-27 18:53:51,555 - INFO - Found profile stats line
2025-03-27 18:53:51,555 - INFO - SCRAPER: Followers: 881, Following: 1868
2025-03-27 18:53:51,555 - INFO - Extracted total followers: 881
2025-03-27 18:53:51,560 - INFO - Extracted total following: 1868
2025-03-27 18:53:51,563 - INFO - SCRAPER: Scraping followers...
2025-03-27 18:53:51,571 - INFO - SCRAPER: Already collected 879/881 followers (≥95%). Skipping followers scraping.
2025-03-27 18:53:51,573 - INFO - SCRAPER: Scraping following...
2025-03-27 18:53:51,574 - INFO - SCRAPER: Already collected 1862/1868 following accounts (≥95%). Skipping following scraping.
2025-03-27 18:53:51,574 - INFO - SCRAPER: Getting links to following accounts...
2025-03-27 18:53:51,574 - INFO - SCRAPER: Created 1862 following links from usernames
2025-03-27 18:53:51,574 - INFO - SCRAPER: Updated following links file: instagram_data/followingLinks.txt
2025-03-27 18:53:51,574 - INFO - SCRAPER: Updated adjacency list file: instagram_data/adjList.txt
2025-03-27 18:53:51,574 - INFO - SCRAPER: Added 0 new relationships (total: 25025)
2025-03-27 18:53:51,575 - INFO - SCRAPER: Retrieved 1862 following links
2025-03-27 18:53:51,575 - INFO - SCRAPER: Session completed successfully!
2025-03-27 18:53:51,575 - INFO - SCRAPER: Browser closed.
2025-03-27 18:53:51,708 - INFO - Updating status with dynamic counts - Followers: 881, Following: 1868
2025-03-27 18:53:51,711 - INFO - Saved data to instagram_data/auto_scrape_status.json
2025-03-27 18:53:51,711 - INFO - Now running a session to scrape following accounts network data...
2025-03-27 18:53:51,712 - INFO - Starting following accounts scraping session
2025-03-27 18:53:51,712 - INFO - remove_processed_links function is disabled to allow re-scraping of potential rate-limited accounts
2025-03-27 18:53:51,712 - INFO - DEBUG: Checking for duplicates before processing
2025-03-27 18:53:51,714 - INFO - No duplicate links found in instagram_data/followingLinks.txt
2025-03-27 18:53:51,714 - INFO - DEBUG: Before processing - 1862 accounts in queue
2025-03-27 18:53:51,725 - INFO - Using random batch size of 49 accounts for this session
2025-03-27 18:55:37,708 - INFO - FOLLOWING SCRAPER: DEBUG MODE ENABLED
2025-03-27 18:55:37,710 - INFO - FOLLOWING SCRAPER: Loaded scraping progress: 1473 accounts processed
2025-03-27 18:55:37,710 - INFO - FOLLOWING SCRAPER: Will process 49 accounts in this session
2025-03-27 18:55:37,710 - INFO - FOLLOWING SCRAPER: Logged in using button: //button[contains(.,'Log in')]
2025-03-27 18:55:37,710 - INFO - FOLLOWING SCRAPER: Logged in successfully!
2025-03-27 18:55:37,710 - INFO - FOLLOWING SCRAPER: Rate limit statistics: 1 accounts marked as rate-limited
2025-03-27 18:55:37,710 - INFO - FOLLOWING SCRAPER: Examples of rate-limited accounts: ['benton.down']
2025-03-27 18:55:37,710 - INFO - FOLLOWING SCRAPER: Loaded 1862 links from instagram_data/followingLinks.txt
2025-03-27 18:55:37,710 - INFO - FOLLOWING SCRAPER: Loaded adjacency list from instagram_data/adjList.txt
2025-03-27 18:55:37,710 - INFO - FOLLOWING SCRAPER: Deduplicating adjacency list...
2025-03-27 18:55:37,710 - INFO - FOLLOWING SCRAPER: No duplicates found in adjList.txt
2025-03-27 18:55:37,711 - INFO - FOLLOWING SCRAPER: DEBUG: Found 6161 already processed accounts in adjList.txt
2025-03-27 18:55:37,711 - INFO - FOLLOWING SCRAPER: Found 6161 accounts that have already been processed
2025-03-27 18:55:37,711 - INFO - FOLLOWING SCRAPER: Starting batch processing of 49 accounts
2025-03-27 18:55:37,711 - INFO - FOLLOWING SCRAPER: Pre-checking accounts to prioritize ones with reasonable follower/following counts...
2025-03-27 18:55:37,711 - INFO - FOLLOWING SCRAPER: ✓ shuheisakaue: Good candidate with 18 followers, 895 following
2025-03-27 18:55:37,711 - INFO - FOLLOWING SCRAPER: ✓ catsoupai: Good candidate with 189 followers, 189 following
2025-03-27 18:55:37,711 - INFO - FOLLOWING SCRAPER: ✓ soloslop.memes: Good candidate with 70 followers, 67 following
2025-03-27 18:55:37,711 - INFO - FOLLOWING SCRAPER: ✓ phillipsauction: Good candidate with 429 followers, 434 following
2025-03-27 18:55:37,711 - INFO - FOLLOWING SCRAPER: ✓ filmmovement: Good candidate with 12 followers, 708 following
2025-03-27 18:55:37,711 - INFO - FOLLOWING SCRAPER: ✗ rubahitam_: Too many connections (48 followers, 1153 following)
2025-03-27 18:55:37,711 - INFO - FOLLOWING SCRAPER: ✗ chinatown_cowboy.mp4: Too many connections (2383 followers, 0 following)
2025-03-27 18:55:37,711 - INFO - FOLLOWING SCRAPER: ✓ asian_redbozicowboy: Good candidate with 29 followers, 250 following
2025-03-27 18:55:37,711 - INFO - FOLLOWING SCRAPER: ✓ ccpxi_8964: Good candidate with 10 followers, 97 following
2025-03-27 18:55:37,711 - INFO - FOLLOWING SCRAPER: ✓ ngr.ev: Good candidate with 115 followers, 188 following
2025-03-27 18:55:37,711 - INFO - FOLLOWING SCRAPER: ✓ cinema_nighttt: Good candidate with 401 followers, 15 following
2025-03-27 18:55:37,711 - INFO - FOLLOWING SCRAPER: ✓ thedizzyviper: Good candidate with 179 followers, 902 following
2025-03-27 18:55:37,711 - INFO - FOLLOWING SCRAPER: ✗ arabbitsfoot: Too many connections (64 followers, 1569 following)
2025-03-27 18:55:37,711 - INFO - FOLLOWING SCRAPER: ✓ laclefrevival: Good candidate with 23 followers, 504 following
2025-03-27 18:55:37,712 - INFO - FOLLOWING SCRAPER: ✓ byboyfantasy: Good candidate with 83 followers, 609 following
2025-03-27 18:55:37,712 - INFO - FOLLOWING SCRAPER: ✓ manofdutch: Good candidate with 29 followers, 55 following
2025-03-27 18:55:37,712 - INFO - FOLLOWING SCRAPER: ✗ fernandosev7n: Too many connections (235 followers, 1534 following)
2025-03-27 18:55:37,712 - INFO - FOLLOWING SCRAPER: ✓ thefineartcollective: Good candidate with 674 followers, 919 following
2025-03-27 18:55:37,712 - INFO - FOLLOWING SCRAPER: ✗ xidan_zhang: Too many connections (2743 followers, 902 following)
2025-03-27 18:55:37,712 - INFO - FOLLOWING SCRAPER: ✗ zihaosong: Too many connections (10 followers, 2448 following)
2025-03-27 18:55:37,712 - INFO - FOLLOWING SCRAPER: ✗ young.brando: Too many connections (17 followers, 2456 following)
2025-03-27 18:55:37,712 - INFO - FOLLOWING SCRAPER: ✗ gentleman.gasmask: Too many connections (364 followers, 1661 following)
2025-03-27 18:55:37,712 - INFO - FOLLOWING SCRAPER: ✗ yuukakazami0: Too many connections (1343 followers, 519 following)
2025-03-27 18:55:37,712 - INFO - FOLLOWING SCRAPER: ✗ cucny: Too many connections (2782 followers, 38 following)
2025-03-27 18:55:37,712 - INFO - FOLLOWING SCRAPER: ✗ thepennclub: Too many connections (4057 followers, 632 following)
2025-03-27 18:55:37,712 - INFO - FOLLOWING SCRAPER: ✗ lsmartfund: Too many connections (4171 followers, 586 following)
2025-03-27 18:55:37,712 - INFO - FOLLOWING SCRAPER: ✗ perpetual.passion: Too many connections (38 followers, 2352 following)
2025-03-27 18:55:37,712 - INFO - FOLLOWING SCRAPER: Found 14 accounts with reasonable follower/following counts
2025-03-27 18:55:37,712 - INFO - FOLLOWING SCRAPER: DEBUG: Sanitizing and saving 1862 links
2025-03-27 18:55:37,712 - INFO - FOLLOWING SCRAPER: DEBUG: After sanitization: 1862 links (removed 0)
2025-03-27 18:55:37,712 - INFO - FOLLOWING SCRAPER: DEBUG: Successfully saved 1862 links to instagram_data/followingLinks.txt
2025-03-27 18:55:37,712 - INFO - FOLLOWING SCRAPER: Links reordered to prioritize accounts with reasonable follower/following counts
2025-03-27 18:55:37,713 - INFO - FOLLOWING SCRAPER: Randomly selecting 49 accounts from 1862 available accounts
2025-03-27 18:55:37,713 - INFO - FOLLOWING SCRAPER: DEBUG: Processing randomly selected link #1750/1862: https://www.instagram.com/ryvrehh/
2025-03-27 18:55:37,713 - INFO - FOLLOWING SCRAPER: DEBUG: Before processing - 1862 links in queue
2025-03-27 18:55:37,713 - INFO - FOLLOWING SCRAPER: DEBUG: Account ryvrehh in progress data with rate_limited=False
2025-03-27 18:55:37,713 - INFO - FOLLOWING SCRAPER: DEBUG: Skipping already processed account: ryvrehh
2025-03-27 18:55:37,713 - INFO - FOLLOWING SCRAPER: Error during batch processing: list.remove(x): x not in list
2025-03-27 18:55:37,713 - INFO - FOLLOWING SCRAPER: Browser closed. Script complete.
2025-03-27 18:55:38,206 - ERROR - DEBUG: ISSUE DETECTED - Queue size didn't decrease. Before: 1862, After: 1862, Diff: 0
2025-03-27 18:55:38,207 - INFO - DEBUG: Checking for duplicates after processing
2025-03-27 18:55:38,209 - INFO - No duplicate links found in instagram_data/followingLinks.txt
2025-03-27 18:55:38,209 - INFO - remove_processed_links function is disabled to allow re-scraping of potential rate-limited accounts
2025-03-27 18:55:38,210 - INFO - Following accounts scraping session completed with result: True
2025-03-27 18:55:38,210 - INFO - Sessions completed. Waiting 0 hours and 36 minutes before next sessions...
2025-03-27 19:32:12,137 - INFO - Current counts in status file - Followers: 881, Following: 1868
2025-03-27 19:32:12,139 - INFO - Current counts in status file - Followers: 881, Following: 1868
2025-03-27 19:32:12,139 - INFO - Randomly skipping this session to create a more human-like pattern
2025-03-27 19:32:12,139 - INFO - Will check again in 47 minutes
2025-03-27 20:19:12,208 - INFO - Not safe to run right now. Waiting 60 minutes before checking again
2025-03-27 20:39:12,265 - INFO - Current counts in status file - Followers: 881, Following: 1868
2025-03-27 20:39:12,270 - INFO - Current counts in status file - Followers: 881, Following: 1868
2025-03-27 20:39:12,272 - INFO - Starting new scraping session
2025-03-27 20:39:12,274 - INFO - Current counts in status file - Followers: 881, Following: 1868
2025-03-27 20:39:12,274 - INFO - Need to collect more following accounts: 1862/1868
2025-03-27 20:39:12,274 - INFO - Need to collect more followers: 879/881
2025-03-27 20:39:12,274 - INFO - Using 6 max pages for this session
2025-03-27 20:39:48,340 - INFO - SCRAPER: Logged in using button: //button[contains(.,'Log in')]
2025-03-27 20:39:48,394 - INFO - SCRAPER: Logged in successfully!
2025-03-27 20:39:48,395 - INFO - SCRAPER: Logged in as fretin98
2025-03-27 20:39:48,395 - INFO - SCRAPER: Resuming previous session...
2025-03-27 20:39:48,395 - INFO - SCRAPER: Loaded 879 followers and 1862 following from previous session
2025-03-27 20:39:48,395 - INFO - SCRAPER: Profile Stats: {'followers': 881, 'following': 1868, 'posts': 242}
2025-03-27 20:39:48,395 - INFO - Found profile stats line
2025-03-27 20:39:48,395 - INFO - SCRAPER: Followers: 881, Following: 1868
2025-03-27 20:39:48,395 - INFO - Extracted total followers: 881
2025-03-27 20:39:48,396 - INFO - Extracted total following: 1868
2025-03-27 20:39:48,396 - INFO - SCRAPER: Scraping followers...
2025-03-27 20:39:48,396 - INFO - SCRAPER: Already collected 879/881 followers (≥95%). Skipping followers scraping.
2025-03-27 20:39:48,396 - INFO - SCRAPER: Scraping following...
2025-03-27 20:39:48,397 - INFO - SCRAPER: Already collected 1862/1868 following accounts (≥95%). Skipping following scraping.
2025-03-27 20:39:48,397 - INFO - SCRAPER: Getting links to following accounts...
2025-03-27 20:39:48,397 - INFO - SCRAPER: Created 1862 following links from usernames
2025-03-27 20:39:48,397 - INFO - SCRAPER: Updated following links file: instagram_data/followingLinks.txt
2025-03-27 20:39:48,398 - INFO - SCRAPER: Updated adjacency list file: instagram_data/adjList.txt
2025-03-27 20:39:48,398 - INFO - SCRAPER: Added 0 new relationships (total: 25025)
2025-03-27 20:39:48,398 - INFO - SCRAPER: Retrieved 1862 following links
2025-03-27 20:39:48,398 - INFO - SCRAPER: Session completed successfully!
2025-03-27 20:39:48,398 - INFO - SCRAPER: Browser closed.
2025-03-27 20:39:48,937 - INFO - Updating status with dynamic counts - Followers: 881, Following: 1868
2025-03-27 20:39:48,943 - INFO - Saved data to instagram_data/auto_scrape_status.json
2025-03-27 20:39:48,943 - INFO - Now running a session to scrape following accounts network data...
2025-03-27 20:39:48,943 - INFO - Starting following accounts scraping session
2025-03-27 20:39:48,944 - INFO - remove_processed_links function is disabled to allow re-scraping of potential rate-limited accounts
2025-03-27 20:39:48,944 - INFO - DEBUG: Checking for duplicates before processing
2025-03-27 20:39:48,950 - INFO - No duplicate links found in instagram_data/followingLinks.txt
2025-03-27 20:39:48,951 - INFO - DEBUG: Before processing - 1862 accounts in queue
2025-03-27 20:39:49,106 - INFO - Using random batch size of 59 accounts for this session
2025-03-27 20:41:47,280 - INFO - FOLLOWING SCRAPER: DEBUG MODE ENABLED
2025-03-27 20:41:47,281 - INFO - FOLLOWING SCRAPER: Loaded scraping progress: 1473 accounts processed
2025-03-27 20:41:47,282 - INFO - FOLLOWING SCRAPER: Will process 59 accounts in this session
2025-03-27 20:41:47,282 - INFO - FOLLOWING SCRAPER: Logged in using button: //button[contains(.,'Log in')]
2025-03-27 20:41:47,282 - INFO - FOLLOWING SCRAPER: Logged in successfully!
2025-03-27 20:41:47,282 - INFO - FOLLOWING SCRAPER: Rate limit statistics: 1 accounts marked as rate-limited
2025-03-27 20:41:47,282 - INFO - FOLLOWING SCRAPER: Examples of rate-limited accounts: ['benton.down']
2025-03-27 20:41:47,282 - INFO - FOLLOWING SCRAPER: Loaded 1862 links from instagram_data/followingLinks.txt
2025-03-27 20:41:47,282 - INFO - FOLLOWING SCRAPER: Loaded adjacency list from instagram_data/adjList.txt
2025-03-27 20:41:47,282 - INFO - FOLLOWING SCRAPER: Deduplicating adjacency list...
2025-03-27 20:41:47,282 - INFO - FOLLOWING SCRAPER: No duplicates found in adjList.txt
2025-03-27 20:41:47,282 - INFO - FOLLOWING SCRAPER: DEBUG: Found 6161 already processed accounts in adjList.txt
2025-03-27 20:41:47,282 - INFO - FOLLOWING SCRAPER: Found 6161 accounts that have already been processed
2025-03-27 20:41:47,282 - INFO - FOLLOWING SCRAPER: Starting batch processing of 59 accounts
2025-03-27 20:41:47,282 - INFO - FOLLOWING SCRAPER: Pre-checking accounts to prioritize ones with reasonable follower/following counts...
2025-03-27 20:41:47,282 - INFO - FOLLOWING SCRAPER: ✓ shuheisakaue: Good candidate with 18 followers, 895 following
2025-03-27 20:41:47,282 - INFO - FOLLOWING SCRAPER: ✓ catsoupai: Good candidate with 189 followers, 189 following
2025-03-27 20:41:47,282 - INFO - FOLLOWING SCRAPER: ✓ soloslop.memes: Good candidate with 70 followers, 67 following
2025-03-27 20:41:47,282 - INFO - FOLLOWING SCRAPER: ✓ phillipsauction: Good candidate with 429 followers, 434 following
2025-03-27 20:41:47,282 - INFO - FOLLOWING SCRAPER: ✓ filmmovement: Good candidate with 12 followers, 708 following
2025-03-27 20:41:47,282 - INFO - FOLLOWING SCRAPER: ✗ rubahitam_: Too many connections (48 followers, 1153 following)
2025-03-27 20:41:47,282 - INFO - FOLLOWING SCRAPER: ✗ chinatown_cowboy.mp4: Too many connections (2383 followers, 0 following)
2025-03-27 20:41:47,282 - INFO - FOLLOWING SCRAPER: ✓ asian_redbozicowboy: Good candidate with 29 followers, 250 following
2025-03-27 20:41:47,282 - INFO - FOLLOWING SCRAPER: ✓ ccpxi_8964: Good candidate with 10 followers, 97 following
2025-03-27 20:41:47,282 - INFO - FOLLOWING SCRAPER: ✓ ngr.ev: Good candidate with 115 followers, 188 following
2025-03-27 20:41:47,283 - INFO - FOLLOWING SCRAPER: ✓ cinema_nighttt: Good candidate with 401 followers, 15 following
2025-03-27 20:41:47,283 - INFO - FOLLOWING SCRAPER: ✓ thedizzyviper: Good candidate with 179 followers, 903 following
2025-03-27 20:41:47,283 - INFO - FOLLOWING SCRAPER: ✗ arabbitsfoot: Too many connections (64 followers, 1569 following)
2025-03-27 20:41:47,283 - INFO - FOLLOWING SCRAPER: ✓ laclefrevival: Good candidate with 23 followers, 504 following
2025-03-27 20:41:47,283 - INFO - FOLLOWING SCRAPER: ✓ byboyfantasy: Good candidate with 83 followers, 608 following
2025-03-27 20:41:47,283 - INFO - FOLLOWING SCRAPER: ✓ manofdutch: Good candidate with 29 followers, 55 following
2025-03-27 20:41:47,283 - INFO - FOLLOWING SCRAPER: ✗ fernandosev7n: Too many connections (235 followers, 1534 following)
2025-03-27 20:41:47,283 - INFO - FOLLOWING SCRAPER: ✓ thefineartcollective: Good candidate with 674 followers, 919 following
2025-03-27 20:41:47,283 - INFO - FOLLOWING SCRAPER: ✗ xidan_zhang: Too many connections (2743 followers, 902 following)
2025-03-27 20:41:47,283 - INFO - FOLLOWING SCRAPER: ✗ zihaosong: Too many connections (10 followers, 2448 following)
2025-03-27 20:41:47,283 - INFO - FOLLOWING SCRAPER: ✗ young.brando: Too many connections (17 followers, 2456 following)
2025-03-27 20:41:47,283 - INFO - FOLLOWING SCRAPER: ✗ gentleman.gasmask: Too many connections (364 followers, 1661 following)
2025-03-27 20:41:47,283 - INFO - FOLLOWING SCRAPER: ✗ yuukakazami0: Too many connections (1343 followers, 519 following)
2025-03-27 20:41:47,283 - INFO - FOLLOWING SCRAPER: ✗ cucny: Too many connections (2782 followers, 38 following)
2025-03-27 20:41:47,283 - INFO - FOLLOWING SCRAPER: ✗ thepennclub: Too many connections (4057 followers, 632 following)
2025-03-27 20:41:47,283 - INFO - FOLLOWING SCRAPER: ✗ lsmartfund: Too many connections (4171 followers, 586 following)
2025-03-27 20:41:47,283 - INFO - FOLLOWING SCRAPER: ✗ perpetual.passion: Too many connections (38 followers, 2352 following)
2025-03-27 20:41:47,283 - INFO - FOLLOWING SCRAPER: ✗ milanrecords: Too many connections (20 followers, 2860 following)
2025-03-27 20:41:47,283 - INFO - FOLLOWING SCRAPER: ✗ prophetconsulting: Too many connections (5423 followers, 300 following)
2025-03-27 20:41:47,283 - INFO - FOLLOWING SCRAPER: Found 14 accounts with reasonable follower/following counts
2025-03-27 20:41:47,283 - INFO - FOLLOWING SCRAPER: DEBUG: Sanitizing and saving 1862 links
2025-03-27 20:41:47,283 - INFO - FOLLOWING SCRAPER: DEBUG: After sanitization: 1862 links (removed 0)
2025-03-27 20:41:47,283 - INFO - FOLLOWING SCRAPER: DEBUG: Successfully saved 1862 links to instagram_data/followingLinks.txt
2025-03-27 20:41:47,283 - INFO - FOLLOWING SCRAPER: Links reordered to prioritize accounts with reasonable follower/following counts
2025-03-27 20:41:47,284 - INFO - FOLLOWING SCRAPER: Randomly selecting 59 accounts from 1862 available accounts
2025-03-27 20:41:47,284 - INFO - FOLLOWING SCRAPER: DEBUG: Processing randomly selected link #738/1862: https://www.instagram.com/chukki277/
2025-03-27 20:41:47,284 - INFO - FOLLOWING SCRAPER: DEBUG: Before processing - 1862 links in queue
2025-03-27 20:41:47,288 - INFO - FOLLOWING SCRAPER: DEBUG: Account chukki277 in progress data with rate_limited=False
2025-03-27 20:41:47,288 - INFO - FOLLOWING SCRAPER: DEBUG: Skipping already processed account: chukki277
2025-03-27 20:41:47,288 - INFO - FOLLOWING SCRAPER: Error during batch processing: list.remove(x): x not in list
2025-03-27 20:41:47,288 - INFO - FOLLOWING SCRAPER: Browser closed. Script complete.
2025-03-27 20:41:47,722 - ERROR - DEBUG: ISSUE DETECTED - Queue size didn't decrease. Before: 1862, After: 1862, Diff: 0
2025-03-27 20:41:47,722 - INFO - DEBUG: Checking for duplicates after processing
2025-03-27 20:41:47,724 - INFO - No duplicate links found in instagram_data/followingLinks.txt
2025-03-27 20:41:47,724 - INFO - remove_processed_links function is disabled to allow re-scraping of potential rate-limited accounts
2025-03-27 20:41:47,725 - INFO - Following accounts scraping session completed with result: True
2025-03-27 20:41:47,725 - INFO - Sessions completed. Waiting 0 hours and 32 minutes before next sessions...
2025-03-27 21:14:01,789 - INFO - Current counts in status file - Followers: 881, Following: 1868
2025-03-27 21:14:01,791 - INFO - Current counts in status file - Followers: 881, Following: 1868
2025-03-27 21:14:01,792 - INFO - Starting new scraping session
2025-03-27 21:14:01,793 - INFO - Current counts in status file - Followers: 881, Following: 1868
2025-03-27 21:14:01,793 - INFO - Need to collect more following accounts: 1862/1868
2025-03-27 21:14:01,793 - INFO - Need to collect more followers: 879/881
2025-03-27 21:14:01,793 - INFO - Using 5 max pages for this session
2025-03-27 21:14:34,414 - INFO - SCRAPER: Logged in using button: //button[contains(.,'Log in')]
2025-03-27 21:14:34,415 - INFO - SCRAPER: Logged in successfully!
2025-03-27 21:14:34,415 - INFO - SCRAPER: Logged in as fretin98
2025-03-27 21:14:34,415 - INFO - SCRAPER: Resuming previous session...
2025-03-27 21:14:34,415 - INFO - SCRAPER: Loaded 879 followers and 1862 following from previous session
2025-03-27 21:14:34,415 - INFO - SCRAPER: Profile Stats: {'followers': 881, 'following': 1868, 'posts': 242}
2025-03-27 21:14:34,415 - INFO - Found profile stats line
2025-03-27 21:14:34,415 - INFO - SCRAPER: Followers: 881, Following: 1868
2025-03-27 21:14:34,415 - INFO - Extracted total followers: 881
2025-03-27 21:14:34,415 - INFO - Extracted total following: 1868
2025-03-27 21:14:34,415 - INFO - SCRAPER: Scraping followers...
2025-03-27 21:14:34,415 - INFO - SCRAPER: Already collected 879/881 followers (≥95%). Skipping followers scraping.
2025-03-27 21:14:34,415 - INFO - SCRAPER: Scraping following...
2025-03-27 21:14:34,415 - INFO - SCRAPER: Already collected 1862/1868 following accounts (≥95%). Skipping following scraping.
2025-03-27 21:14:34,415 - INFO - SCRAPER: Getting links to following accounts...
2025-03-27 21:14:34,415 - INFO - SCRAPER: Created 1862 following links from usernames
2025-03-27 21:14:34,415 - INFO - SCRAPER: Updated following links file: instagram_data/followingLinks.txt
2025-03-27 21:14:34,415 - INFO - SCRAPER: Updated adjacency list file: instagram_data/adjList.txt
2025-03-27 21:14:34,415 - INFO - SCRAPER: Added 0 new relationships (total: 25025)
2025-03-27 21:14:34,415 - INFO - SCRAPER: Retrieved 1862 following links
2025-03-27 21:14:34,415 - INFO - SCRAPER: Session completed successfully!
2025-03-27 21:14:34,415 - INFO - SCRAPER: Browser closed.
2025-03-27 21:14:34,465 - INFO - Updating status with dynamic counts - Followers: 881, Following: 1868
2025-03-27 21:14:34,466 - INFO - Saved data to instagram_data/auto_scrape_status.json
2025-03-27 21:14:34,466 - INFO - Now running a session to scrape following accounts network data...
2025-03-27 21:14:34,466 - INFO - Starting following accounts scraping session
2025-03-27 21:14:34,466 - INFO - remove_processed_links function is disabled to allow re-scraping of potential rate-limited accounts
2025-03-27 21:14:34,466 - INFO - DEBUG: Checking for duplicates before processing
2025-03-27 21:14:34,467 - INFO - No duplicate links found in instagram_data/followingLinks.txt
2025-03-27 21:14:34,468 - INFO - DEBUG: Before processing - 1862 accounts in queue
2025-03-27 21:14:34,476 - INFO - Using random batch size of 57 accounts for this session
2025-03-27 21:16:18,737 - INFO - FOLLOWING SCRAPER: DEBUG MODE ENABLED
2025-03-27 21:16:18,738 - INFO - FOLLOWING SCRAPER: Loaded scraping progress: 1473 accounts processed
2025-03-27 21:16:18,738 - INFO - FOLLOWING SCRAPER: Will process 57 accounts in this session
2025-03-27 21:16:18,738 - INFO - FOLLOWING SCRAPER: Logged in using button: //button[contains(.,'Log in')]
2025-03-27 21:16:18,738 - INFO - FOLLOWING SCRAPER: Logged in successfully!
2025-03-27 21:16:18,738 - INFO - FOLLOWING SCRAPER: Rate limit statistics: 1 accounts marked as rate-limited
2025-03-27 21:16:18,738 - INFO - FOLLOWING SCRAPER: Examples of rate-limited accounts: ['benton.down']
2025-03-27 21:16:18,738 - INFO - FOLLOWING SCRAPER: Loaded 1862 links from instagram_data/followingLinks.txt
2025-03-27 21:16:18,738 - INFO - FOLLOWING SCRAPER: Loaded adjacency list from instagram_data/adjList.txt
2025-03-27 21:16:18,738 - INFO - FOLLOWING SCRAPER: Deduplicating adjacency list...
2025-03-27 21:16:18,738 - INFO - FOLLOWING SCRAPER: No duplicates found in adjList.txt
2025-03-27 21:16:18,738 - INFO - FOLLOWING SCRAPER: DEBUG: Found 6161 already processed accounts in adjList.txt
2025-03-27 21:16:18,738 - INFO - FOLLOWING SCRAPER: Found 6161 accounts that have already been processed
2025-03-27 21:16:18,739 - INFO - FOLLOWING SCRAPER: Starting batch processing of 57 accounts
2025-03-27 21:16:18,739 - INFO - FOLLOWING SCRAPER: Pre-checking accounts to prioritize ones with reasonable follower/following counts...
2025-03-27 21:16:18,739 - INFO - FOLLOWING SCRAPER: ✓ shuheisakaue: Good candidate with 18 followers, 895 following
2025-03-27 21:16:18,739 - INFO - FOLLOWING SCRAPER: ✓ catsoupai: Good candidate with 189 followers, 189 following
2025-03-27 21:16:18,739 - INFO - FOLLOWING SCRAPER: ✓ soloslop.memes: Good candidate with 70 followers, 67 following
2025-03-27 21:16:18,739 - INFO - FOLLOWING SCRAPER: ✓ phillipsauction: Good candidate with 429 followers, 434 following
2025-03-27 21:16:18,739 - INFO - FOLLOWING SCRAPER: ✓ filmmovement: Good candidate with 12 followers, 708 following
2025-03-27 21:16:18,739 - INFO - FOLLOWING SCRAPER: ✗ rubahitam_: Too many connections (48 followers, 1153 following)
2025-03-27 21:16:18,739 - INFO - FOLLOWING SCRAPER: ✗ chinatown_cowboy.mp4: Too many connections (2383 followers, 0 following)
2025-03-27 21:16:18,739 - INFO - FOLLOWING SCRAPER: ✓ asian_redbozicowboy: Good candidate with 29 followers, 250 following
2025-03-27 21:16:18,739 - INFO - FOLLOWING SCRAPER: ✓ ccpxi_8964: Good candidate with 10 followers, 97 following
2025-03-27 21:16:18,739 - INFO - FOLLOWING SCRAPER: ✓ ngr.ev: Good candidate with 115 followers, 188 following
2025-03-27 21:16:18,739 - INFO - FOLLOWING SCRAPER: ✓ cinema_nighttt: Good candidate with 401 followers, 15 following
2025-03-27 21:16:18,739 - INFO - FOLLOWING SCRAPER: ✓ thedizzyviper: Good candidate with 179 followers, 903 following
2025-03-27 21:16:18,739 - INFO - FOLLOWING SCRAPER: ✗ arabbitsfoot: Too many connections (64 followers, 1569 following)
2025-03-27 21:16:18,739 - INFO - FOLLOWING SCRAPER: ✓ laclefrevival: Good candidate with 23 followers, 504 following
2025-03-27 21:16:18,739 - INFO - FOLLOWING SCRAPER: ✓ byboyfantasy: Good candidate with 83 followers, 608 following
2025-03-27 21:16:18,739 - INFO - FOLLOWING SCRAPER: ✓ manofdutch: Good candidate with 29 followers, 55 following
2025-03-27 21:16:18,739 - INFO - FOLLOWING SCRAPER: ✗ fernandosev7n: Too many connections (235 followers, 1534 following)
2025-03-27 21:16:18,739 - INFO - FOLLOWING SCRAPER: ✓ thefineartcollective: Good candidate with 674 followers, 919 following
2025-03-27 21:16:18,739 - INFO - FOLLOWING SCRAPER: ✗ xidan_zhang: Too many connections (2743 followers, 902 following)
2025-03-27 21:16:18,739 - INFO - FOLLOWING SCRAPER: ✗ zihaosong: Too many connections (10 followers, 2448 following)
2025-03-27 21:16:18,739 - INFO - FOLLOWING SCRAPER: ✗ young.brando: Too many connections (17 followers, 2456 following)
2025-03-27 21:16:18,739 - INFO - FOLLOWING SCRAPER: ✗ gentleman.gasmask: Too many connections (364 followers, 1661 following)
2025-03-27 21:16:18,739 - INFO - FOLLOWING SCRAPER: ✗ yuukakazami0: Too many connections (1343 followers, 519 following)
2025-03-27 21:16:18,739 - INFO - FOLLOWING SCRAPER: ✗ cucny: Too many connections (2782 followers, 38 following)
2025-03-27 21:16:18,739 - INFO - FOLLOWING SCRAPER: ✗ thepennclub: Too many connections (4057 followers, 632 following)
2025-03-27 21:16:18,739 - INFO - FOLLOWING SCRAPER: ✗ lsmartfund: Too many connections (4171 followers, 586 following)
2025-03-27 21:16:18,739 - INFO - FOLLOWING SCRAPER: ✗ perpetual.passion: Too many connections (38 followers, 2352 following)
2025-03-27 21:16:18,739 - INFO - FOLLOWING SCRAPER: ✗ milanrecords: Too many connections (20 followers, 2860 following)
2025-03-27 21:16:18,739 - INFO - FOLLOWING SCRAPER: ✗ prophetconsulting: Too many connections (5423 followers, 300 following)
2025-03-27 21:16:18,739 - INFO - FOLLOWING SCRAPER: Found 14 accounts with reasonable follower/following counts
2025-03-27 21:16:18,739 - INFO - FOLLOWING SCRAPER: DEBUG: Sanitizing and saving 1862 links
2025-03-27 21:16:18,739 - INFO - FOLLOWING SCRAPER: DEBUG: After sanitization: 1862 links (removed 0)
2025-03-27 21:16:18,739 - INFO - FOLLOWING SCRAPER: DEBUG: Successfully saved 1862 links to instagram_data/followingLinks.txt
2025-03-27 21:16:18,739 - INFO - FOLLOWING SCRAPER: Links reordered to prioritize accounts with reasonable follower/following counts
2025-03-27 21:16:18,739 - INFO - FOLLOWING SCRAPER: Randomly selecting 57 accounts from 1862 available accounts
2025-03-27 21:16:18,739 - INFO - FOLLOWING SCRAPER: DEBUG: Processing randomly selected link #1281/1862: https://www.instagram.com/wwwjrzzz/
2025-03-27 21:16:18,739 - INFO - FOLLOWING SCRAPER: DEBUG: Before processing - 1862 links in queue
2025-03-27 21:16:18,739 - INFO - FOLLOWING SCRAPER: DEBUG: Account wwwjrzzz in progress data with rate_limited=False
2025-03-27 21:16:18,739 - INFO - FOLLOWING SCRAPER: DEBUG: Skipping already processed account: wwwjrzzz
2025-03-27 21:16:18,739 - INFO - FOLLOWING SCRAPER: Error during batch processing: list.remove(x): x not in list
2025-03-27 21:16:18,739 - INFO - FOLLOWING SCRAPER: Browser closed. Script complete.
2025-03-27 21:16:19,187 - ERROR - DEBUG: ISSUE DETECTED - Queue size didn't decrease. Before: 1862, After: 1862, Diff: 0
2025-03-27 21:16:19,187 - INFO - DEBUG: Checking for duplicates after processing
2025-03-27 21:16:19,189 - INFO - No duplicate links found in instagram_data/followingLinks.txt
2025-03-27 21:16:19,189 - INFO - remove_processed_links function is disabled to allow re-scraping of potential rate-limited accounts
2025-03-27 21:16:19,189 - INFO - Following accounts scraping session completed with result: True
2025-03-27 21:16:19,189 - INFO - Sessions completed. Waiting 0 hours and 38 minutes before next sessions...
2025-03-27 21:54:55,192 - INFO - Current counts in status file - Followers: 881, Following: 1868
2025-03-27 21:54:55,194 - INFO - Current counts in status file - Followers: 881, Following: 1868
2025-03-27 21:54:55,196 - INFO - Starting new scraping session
2025-03-27 21:54:55,196 - INFO - Current counts in status file - Followers: 881, Following: 1868
2025-03-27 21:54:55,197 - INFO - Need to collect more following accounts: 1862/1868
2025-03-27 21:54:55,197 - INFO - Need to collect more followers: 879/881
2025-03-27 21:54:55,197 - INFO - Using 8 max pages for this session
2025-03-27 21:55:29,106 - INFO - SCRAPER: Logged in using button: //button[contains(.,'Log in')]
2025-03-27 21:55:29,108 - INFO - SCRAPER: Logged in successfully!
2025-03-27 21:55:29,108 - INFO - SCRAPER: Logged in as fretin98
2025-03-27 21:55:29,108 - INFO - SCRAPER: Resuming previous session...
2025-03-27 21:55:29,108 - INFO - SCRAPER: Loaded 879 followers and 1862 following from previous session
2025-03-27 21:55:29,108 - INFO - SCRAPER: Profile Stats: {'followers': 881, 'following': 1868, 'posts': 242}
2025-03-27 21:55:29,108 - INFO - Found profile stats line
2025-03-27 21:55:29,108 - INFO - SCRAPER: Followers: 881, Following: 1868
2025-03-27 21:55:29,108 - INFO - Extracted total followers: 881
2025-03-27 21:55:29,108 - INFO - Extracted total following: 1868
2025-03-27 21:55:29,108 - INFO - SCRAPER: Scraping followers...
2025-03-27 21:55:29,108 - INFO - SCRAPER: Already collected 879/881 followers (≥95%). Skipping followers scraping.
2025-03-27 21:55:29,108 - INFO - SCRAPER: Scraping following...
2025-03-27 21:55:29,108 - INFO - SCRAPER: Already collected 1862/1868 following accounts (≥95%). Skipping following scraping.
2025-03-27 21:55:29,108 - INFO - SCRAPER: Getting links to following accounts...
2025-03-27 21:55:29,108 - INFO - SCRAPER: Created 1862 following links from usernames
2025-03-27 21:55:29,108 - INFO - SCRAPER: Updated following links file: instagram_data/followingLinks.txt
2025-03-27 21:55:29,108 - INFO - SCRAPER: Updated adjacency list file: instagram_data/adjList.txt
2025-03-27 21:55:29,108 - INFO - SCRAPER: Added 0 new relationships (total: 25025)
2025-03-27 21:55:29,108 - INFO - SCRAPER: Retrieved 1862 following links
2025-03-27 21:55:29,108 - INFO - SCRAPER: Session completed successfully!
2025-03-27 21:55:29,109 - INFO - SCRAPER: Browser closed.
2025-03-27 21:55:29,762 - INFO - Updating status with dynamic counts - Followers: 881, Following: 1868
2025-03-27 21:55:29,766 - INFO - Saved data to instagram_data/auto_scrape_status.json
2025-03-27 21:55:29,767 - INFO - Now running a session to scrape following accounts network data...
2025-03-27 21:55:29,767 - INFO - Starting following accounts scraping session
2025-03-27 21:55:29,767 - INFO - remove_processed_links function is disabled to allow re-scraping of potential rate-limited accounts
2025-03-27 21:55:29,767 - INFO - DEBUG: Checking for duplicates before processing
2025-03-27 21:55:29,790 - INFO - No duplicate links found in instagram_data/followingLinks.txt
2025-03-27 21:55:29,791 - INFO - DEBUG: Before processing - 1862 accounts in queue
2025-03-27 21:55:29,821 - INFO - Using random batch size of 48 accounts for this session
2025-03-27 21:57:22,642 - INFO - FOLLOWING SCRAPER: DEBUG MODE ENABLED
2025-03-27 21:57:22,646 - INFO - FOLLOWING SCRAPER: Loaded scraping progress: 1473 accounts processed
2025-03-27 21:57:22,646 - INFO - FOLLOWING SCRAPER: Will process 48 accounts in this session
2025-03-27 21:57:22,646 - INFO - FOLLOWING SCRAPER: Logged in using button: //button[contains(.,'Log in')]
2025-03-27 21:57:22,647 - INFO - FOLLOWING SCRAPER: Logged in successfully!
2025-03-27 21:57:22,647 - INFO - FOLLOWING SCRAPER: Rate limit statistics: 1 accounts marked as rate-limited
2025-03-27 21:57:22,647 - INFO - FOLLOWING SCRAPER: Examples of rate-limited accounts: ['benton.down']
2025-03-27 21:57:22,647 - INFO - FOLLOWING SCRAPER: Loaded 1862 links from instagram_data/followingLinks.txt
2025-03-27 21:57:22,647 - INFO - FOLLOWING SCRAPER: Loaded adjacency list from instagram_data/adjList.txt
2025-03-27 21:57:22,647 - INFO - FOLLOWING SCRAPER: Deduplicating adjacency list...
2025-03-27 21:57:22,647 - INFO - FOLLOWING SCRAPER: No duplicates found in adjList.txt
2025-03-27 21:57:22,647 - INFO - FOLLOWING SCRAPER: DEBUG: Found 6161 already processed accounts in adjList.txt
2025-03-27 21:57:22,647 - INFO - FOLLOWING SCRAPER: Found 6161 accounts that have already been processed
2025-03-27 21:57:22,647 - INFO - FOLLOWING SCRAPER: Starting batch processing of 48 accounts
2025-03-27 21:57:22,647 - INFO - FOLLOWING SCRAPER: Pre-checking accounts to prioritize ones with reasonable follower/following counts...
2025-03-27 21:57:22,647 - INFO - FOLLOWING SCRAPER: ✓ shuheisakaue: Good candidate with 18 followers, 895 following
2025-03-27 21:57:22,647 - INFO - FOLLOWING SCRAPER: ✓ catsoupai: Good candidate with 189 followers, 189 following
2025-03-27 21:57:22,647 - INFO - FOLLOWING SCRAPER: ✓ soloslop.memes: Good candidate with 70 followers, 67 following
2025-03-27 21:57:22,647 - INFO - FOLLOWING SCRAPER: ✓ phillipsauction: Good candidate with 429 followers, 434 following
2025-03-27 21:57:22,647 - INFO - FOLLOWING SCRAPER: ✓ filmmovement: Good candidate with 12 followers, 708 following
2025-03-27 21:57:22,647 - INFO - FOLLOWING SCRAPER: ✗ rubahitam_: Too many connections (48 followers, 1153 following)
2025-03-27 21:57:22,647 - INFO - FOLLOWING SCRAPER: ✗ chinatown_cowboy.mp4: Too many connections (2383 followers, 0 following)
2025-03-27 21:57:22,647 - INFO - FOLLOWING SCRAPER: ✓ asian_redbozicowboy: Good candidate with 29 followers, 250 following
2025-03-27 21:57:22,647 - INFO - FOLLOWING SCRAPER: ✓ ccpxi_8964: Good candidate with 10 followers, 97 following
2025-03-27 21:57:22,647 - INFO - FOLLOWING SCRAPER: ✓ ngr.ev: Good candidate with 115 followers, 188 following
2025-03-27 21:57:22,647 - INFO - FOLLOWING SCRAPER: ✓ cinema_nighttt: Good candidate with 401 followers, 15 following
2025-03-27 21:57:22,647 - INFO - FOLLOWING SCRAPER: ✓ thedizzyviper: Good candidate with 179 followers, 903 following
2025-03-27 21:57:22,647 - INFO - FOLLOWING SCRAPER: ✗ arabbitsfoot: Too many connections (64 followers, 1569 following)
2025-03-27 21:57:22,648 - INFO - FOLLOWING SCRAPER: ✓ laclefrevival: Good candidate with 23 followers, 504 following
2025-03-27 21:57:22,648 - INFO - FOLLOWING SCRAPER: ✓ byboyfantasy: Good candidate with 83 followers, 608 following
2025-03-27 21:57:22,648 - INFO - FOLLOWING SCRAPER: ✓ manofdutch: Good candidate with 29 followers, 55 following
2025-03-27 21:57:22,648 - INFO - FOLLOWING SCRAPER: ✗ fernandosev7n: Too many connections (235 followers, 1534 following)
2025-03-27 21:57:22,648 - INFO - FOLLOWING SCRAPER: ✓ thefineartcollective: Good candidate with 0 followers, 0 following
2025-03-27 21:57:22,648 - INFO - FOLLOWING SCRAPER: ✗ xidan_zhang: Too many connections (2743 followers, 902 following)
2025-03-27 21:57:22,648 - INFO - FOLLOWING SCRAPER: ✗ zihaosong: Too many connections (10 followers, 2448 following)
2025-03-27 21:57:22,648 - INFO - FOLLOWING SCRAPER: ✗ young.brando: Too many connections (17 followers, 2456 following)
2025-03-27 21:57:22,649 - INFO - FOLLOWING SCRAPER: ✗ gentleman.gasmask: Too many connections (364 followers, 1661 following)
2025-03-27 21:57:22,649 - INFO - FOLLOWING SCRAPER: ✗ yuukakazami0: Too many connections (1343 followers, 519 following)
2025-03-27 21:57:22,651 - INFO - FOLLOWING SCRAPER: ✗ cucny: Too many connections (2782 followers, 38 following)
2025-03-27 21:57:22,651 - INFO - FOLLOWING SCRAPER: ✗ thepennclub: Too many connections (4058 followers, 632 following)
2025-03-27 21:57:22,651 - INFO - FOLLOWING SCRAPER: ✗ lsmartfund: Too many connections (4171 followers, 586 following)
2025-03-27 21:57:22,651 - INFO - FOLLOWING SCRAPER: ✗ perpetual.passion: Too many connections (38 followers, 2352 following)
2025-03-27 21:57:22,651 - INFO - FOLLOWING SCRAPER: Found 14 accounts with reasonable follower/following counts
2025-03-27 21:57:22,651 - INFO - FOLLOWING SCRAPER: DEBUG: Sanitizing and saving 1862 links
2025-03-27 21:57:22,651 - INFO - FOLLOWING SCRAPER: DEBUG: After sanitization: 1862 links (removed 0)
2025-03-27 21:57:22,651 - INFO - FOLLOWING SCRAPER: DEBUG: Successfully saved 1862 links to instagram_data/followingLinks.txt
2025-03-27 21:57:22,651 - INFO - FOLLOWING SCRAPER: Links reordered to prioritize accounts with reasonable follower/following counts
2025-03-27 21:57:22,651 - INFO - FOLLOWING SCRAPER: Randomly selecting 48 accounts from 1862 available accounts
2025-03-27 21:57:22,652 - INFO - FOLLOWING SCRAPER: DEBUG: Processing randomly selected link #66/1862: https://www.instagram.com/drakesguides/
2025-03-27 21:57:22,652 - INFO - FOLLOWING SCRAPER: DEBUG: Before processing - 1862 links in queue
2025-03-27 21:57:22,652 - INFO - FOLLOWING SCRAPER: Processing: https://www.instagram.com/drakesguides/
2025-03-27 21:57:22,652 - INFO - FOLLOWING SCRAPER: Scraping drakesguides
2025-03-27 21:57:22,652 - INFO - FOLLOWING SCRAPER: Early detection: Account has too many followers (2313) or following (1). Skipping detailed scraping.
2025-03-27 21:57:22,652 - INFO - FOLLOWING SCRAPER: Saved data to instagram_data/scraping_progress.json
2025-03-27 21:57:22,652 - INFO - FOLLOWING SCRAPER: DEBUG: Removing link from queue: https://www.instagram.com/drakesguides/
2025-03-27 21:57:22,657 - INFO - FOLLOWING SCRAPER: Error processing https://www.instagram.com/drakesguides/: list.remove(x): x not in list
2025-03-27 21:57:22,657 - INFO - FOLLOWING SCRAPER: DEBUG: Moving failed link to end of queue: https://www.instagram.com/drakesguides/
2025-03-27 21:57:22,657 - INFO - FOLLOWING SCRAPER: Error during batch processing: list.remove(x): x not in list
2025-03-27 21:57:22,657 - INFO - FOLLOWING SCRAPER: Browser closed. Script complete.
2025-03-27 21:57:23,056 - ERROR - DEBUG: ISSUE DETECTED - Queue size didn't decrease. Before: 1862, After: 1862, Diff: 0
2025-03-27 21:57:23,056 - INFO - DEBUG: Checking for duplicates after processing
2025-03-27 21:57:23,058 - INFO - No duplicate links found in instagram_data/followingLinks.txt
2025-03-27 21:57:23,058 - INFO - remove_processed_links function is disabled to allow re-scraping of potential rate-limited accounts
2025-03-27 21:57:23,058 - INFO - Following accounts scraping session completed with result: True
2025-03-27 21:57:23,058 - INFO - Sessions completed. Waiting 0 hours and 28 minutes before next sessions...
2025-03-27 22:26:03,083 - INFO - Current counts in status file - Followers: 881, Following: 1868
2025-03-27 22:26:03,085 - INFO - Current counts in status file - Followers: 881, Following: 1868
2025-03-27 22:26:03,086 - INFO - Starting new scraping session
2025-03-27 22:26:03,086 - INFO - Current counts in status file - Followers: 881, Following: 1868
2025-03-27 22:26:03,087 - INFO - Need to collect more following accounts: 1862/1868
2025-03-27 22:26:03,087 - INFO - Need to collect more followers: 879/881
2025-03-27 22:26:03,087 - INFO - Using 5 max pages for this session
2025-03-27 22:26:35,728 - INFO - SCRAPER: Logged in using button: //button[contains(.,'Log in')]
2025-03-27 22:26:35,729 - INFO - SCRAPER: Logged in successfully!
2025-03-27 22:26:35,729 - INFO - SCRAPER: Logged in as fretin98
2025-03-27 22:26:35,729 - INFO - SCRAPER: Resuming previous session...
2025-03-27 22:26:35,729 - INFO - SCRAPER: Loaded 879 followers and 1862 following from previous session
2025-03-27 22:26:35,729 - INFO - SCRAPER: Profile Stats: {'followers': 881, 'following': 1868, 'posts': 242}
2025-03-27 22:26:35,729 - INFO - Found profile stats line
2025-03-27 22:26:35,729 - INFO - SCRAPER: Followers: 881, Following: 1868
2025-03-27 22:26:35,729 - INFO - Extracted total followers: 881
2025-03-27 22:26:35,729 - INFO - Extracted total following: 1868
2025-03-27 22:26:35,729 - INFO - SCRAPER: Scraping followers...
2025-03-27 22:26:35,729 - INFO - SCRAPER: Already collected 879/881 followers (≥95%). Skipping followers scraping.
2025-03-27 22:26:35,729 - INFO - SCRAPER: Scraping following...
2025-03-27 22:26:35,729 - INFO - SCRAPER: Already collected 1862/1868 following accounts (≥95%). Skipping following scraping.
2025-03-27 22:26:35,729 - INFO - SCRAPER: Getting links to following accounts...
2025-03-27 22:26:35,729 - INFO - SCRAPER: Created 1862 following links from usernames
2025-03-27 22:26:35,729 - INFO - SCRAPER: Updated following links file: instagram_data/followingLinks.txt
2025-03-27 22:26:35,729 - INFO - SCRAPER: Updated adjacency list file: instagram_data/adjList.txt
2025-03-27 22:26:35,729 - INFO - SCRAPER: Added 0 new relationships (total: 25025)
2025-03-27 22:26:35,729 - INFO - SCRAPER: Retrieved 1862 following links
2025-03-27 22:26:35,729 - INFO - SCRAPER: Session completed successfully!
2025-03-27 22:26:35,729 - INFO - SCRAPER: Browser closed.
2025-03-27 22:26:35,858 - INFO - Updating status with dynamic counts - Followers: 881, Following: 1868
2025-03-27 22:26:35,859 - INFO - Saved data to instagram_data/auto_scrape_status.json
2025-03-27 22:26:35,860 - INFO - Now running a session to scrape following accounts network data...
2025-03-27 22:26:35,860 - INFO - Starting following accounts scraping session
2025-03-27 22:26:35,860 - INFO - remove_processed_links function is disabled to allow re-scraping of potential rate-limited accounts
2025-03-27 22:26:35,860 - INFO - DEBUG: Checking for duplicates before processing
2025-03-27 22:26:35,863 - INFO - No duplicate links found in instagram_data/followingLinks.txt
2025-03-27 22:26:35,863 - INFO - DEBUG: Before processing - 1862 accounts in queue
2025-03-27 22:26:35,868 - INFO - Using random batch size of 48 accounts for this session
2025-03-27 22:28:17,288 - INFO - FOLLOWING SCRAPER: DEBUG MODE ENABLED
2025-03-27 22:28:17,290 - INFO - FOLLOWING SCRAPER: Loaded scraping progress: 1474 accounts processed
2025-03-27 22:28:17,290 - INFO - FOLLOWING SCRAPER: Will process 48 accounts in this session
2025-03-27 22:28:17,290 - INFO - FOLLOWING SCRAPER: Logged in using button: //button[contains(.,'Log in')]
2025-03-27 22:28:17,290 - INFO - FOLLOWING SCRAPER: Logged in successfully!
2025-03-27 22:28:17,290 - INFO - FOLLOWING SCRAPER: Rate limit statistics: 1 accounts marked as rate-limited
2025-03-27 22:28:17,290 - INFO - FOLLOWING SCRAPER: Examples of rate-limited accounts: ['benton.down']
2025-03-27 22:28:17,290 - INFO - FOLLOWING SCRAPER: Loaded 1862 links from instagram_data/followingLinks.txt
2025-03-27 22:28:17,290 - INFO - FOLLOWING SCRAPER: Loaded adjacency list from instagram_data/adjList.txt
2025-03-27 22:28:17,290 - INFO - FOLLOWING SCRAPER: Deduplicating adjacency list...
2025-03-27 22:28:17,290 - INFO - FOLLOWING SCRAPER: No duplicates found in adjList.txt
2025-03-27 22:28:17,290 - INFO - FOLLOWING SCRAPER: DEBUG: Found 6161 already processed accounts in adjList.txt
2025-03-27 22:28:17,290 - INFO - FOLLOWING SCRAPER: Found 6161 accounts that have already been processed
2025-03-27 22:28:17,290 - INFO - FOLLOWING SCRAPER: Starting batch processing of 48 accounts
2025-03-27 22:28:17,290 - INFO - FOLLOWING SCRAPER: Pre-checking accounts to prioritize ones with reasonable follower/following counts...
2025-03-27 22:28:17,290 - INFO - FOLLOWING SCRAPER: ✓ shuheisakaue: Good candidate with 18 followers, 895 following
2025-03-27 22:28:17,290 - INFO - FOLLOWING SCRAPER: ✓ catsoupai: Good candidate with 189 followers, 189 following
2025-03-27 22:28:17,290 - INFO - FOLLOWING SCRAPER: ✓ soloslop.memes: Good candidate with 70 followers, 67 following
2025-03-27 22:28:17,290 - INFO - FOLLOWING SCRAPER: ✓ phillipsauction: Good candidate with 429 followers, 434 following
2025-03-27 22:28:17,290 - INFO - FOLLOWING SCRAPER: ✓ filmmovement: Good candidate with 12 followers, 708 following
2025-03-27 22:28:17,290 - INFO - FOLLOWING SCRAPER: ✗ rubahitam_: Too many connections (48 followers, 1153 following)
2025-03-27 22:28:17,290 - INFO - FOLLOWING SCRAPER: ✗ chinatown_cowboy.mp4: Too many connections (2383 followers, 0 following)
2025-03-27 22:28:17,290 - INFO - FOLLOWING SCRAPER: ✓ asian_redbozicowboy: Good candidate with 29 followers, 250 following
2025-03-27 22:28:17,290 - INFO - FOLLOWING SCRAPER: ✓ ccpxi_8964: Good candidate with 10 followers, 97 following
2025-03-27 22:28:17,290 - INFO - FOLLOWING SCRAPER: ✓ ngr.ev: Good candidate with 115 followers, 188 following
2025-03-27 22:28:17,290 - INFO - FOLLOWING SCRAPER: ✓ cinema_nighttt: Good candidate with 401 followers, 15 following
2025-03-27 22:28:17,290 - INFO - FOLLOWING SCRAPER: ✓ thedizzyviper: Good candidate with 179 followers, 903 following
2025-03-27 22:28:17,290 - INFO - FOLLOWING SCRAPER: ✗ arabbitsfoot: Too many connections (64 followers, 1569 following)
2025-03-27 22:28:17,290 - INFO - FOLLOWING SCRAPER: ✓ laclefrevival: Good candidate with 23 followers, 504 following
2025-03-27 22:28:17,290 - INFO - FOLLOWING SCRAPER: ✓ byboyfantasy: Good candidate with 83 followers, 608 following
2025-03-27 22:28:17,290 - INFO - FOLLOWING SCRAPER: ✓ manofdutch: Good candidate with 29 followers, 55 following
2025-03-27 22:28:17,290 - INFO - FOLLOWING SCRAPER: ✗ fernandosev7n: Too many connections (235 followers, 1534 following)
2025-03-27 22:28:17,290 - INFO - FOLLOWING SCRAPER: ✓ thefineartcollective: Good candidate with 674 followers, 919 following
2025-03-27 22:28:17,290 - INFO - FOLLOWING SCRAPER: ✗ xidan_zhang: Too many connections (2743 followers, 902 following)
2025-03-27 22:28:17,290 - INFO - FOLLOWING SCRAPER: ✗ zihaosong: Too many connections (10 followers, 2448 following)
2025-03-27 22:28:17,290 - INFO - FOLLOWING SCRAPER: ✗ young.brando: Too many connections (17 followers, 2456 following)
2025-03-27 22:28:17,290 - INFO - FOLLOWING SCRAPER: ✗ gentleman.gasmask: Too many connections (364 followers, 1661 following)
2025-03-27 22:28:17,290 - INFO - FOLLOWING SCRAPER: ✗ yuukakazami0: Too many connections (1343 followers, 519 following)
2025-03-27 22:28:17,290 - INFO - FOLLOWING SCRAPER: ✗ cucny: Too many connections (2782 followers, 38 following)
2025-03-27 22:28:17,290 - INFO - FOLLOWING SCRAPER: ✗ thepennclub: Too many connections (4058 followers, 632 following)
2025-03-27 22:28:17,290 - INFO - FOLLOWING SCRAPER: ✗ lsmartfund: Too many connections (4171 followers, 586 following)
2025-03-27 22:28:17,290 - INFO - FOLLOWING SCRAPER: ✗ perpetual.passion: Too many connections (38 followers, 2352 following)
2025-03-27 22:28:17,290 - INFO - FOLLOWING SCRAPER: Found 14 accounts with reasonable follower/following counts
2025-03-27 22:28:17,290 - INFO - FOLLOWING SCRAPER: DEBUG: Sanitizing and saving 1862 links
2025-03-27 22:28:17,290 - INFO - FOLLOWING SCRAPER: DEBUG: After sanitization: 1862 links (removed 0)
2025-03-27 22:28:17,290 - INFO - FOLLOWING SCRAPER: DEBUG: Successfully saved 1862 links to instagram_data/followingLinks.txt
2025-03-27 22:28:17,290 - INFO - FOLLOWING SCRAPER: Links reordered to prioritize accounts with reasonable follower/following counts
2025-03-27 22:28:17,290 - INFO - FOLLOWING SCRAPER: Randomly selecting 48 accounts from 1862 available accounts
2025-03-27 22:28:17,291 - INFO - FOLLOWING SCRAPER: DEBUG: Processing randomly selected link #1089/1862: https://www.instagram.com/siyuefu/
2025-03-27 22:28:17,291 - INFO - FOLLOWING SCRAPER: DEBUG: Before processing - 1862 links in queue
2025-03-27 22:28:17,291 - INFO - FOLLOWING SCRAPER: DEBUG: Account siyuefu in progress data with rate_limited=False
2025-03-27 22:28:17,291 - INFO - FOLLOWING SCRAPER: DEBUG: Skipping already processed account: siyuefu
2025-03-27 22:28:17,291 - INFO - FOLLOWING SCRAPER: Error during batch processing: list.remove(x): x not in list
2025-03-27 22:28:17,291 - INFO - FOLLOWING SCRAPER: Browser closed. Script complete.
2025-03-27 22:28:17,516 - ERROR - DEBUG: ISSUE DETECTED - Queue size didn't decrease. Before: 1862, After: 1862, Diff: 0
2025-03-27 22:28:17,516 - INFO - DEBUG: Checking for duplicates after processing
2025-03-27 22:28:17,517 - INFO - No duplicate links found in instagram_data/followingLinks.txt
2025-03-27 22:28:17,517 - INFO - remove_processed_links function is disabled to allow re-scraping of potential rate-limited accounts
2025-03-27 22:28:17,517 - INFO - Following accounts scraping session completed with result: True
2025-03-27 22:28:17,517 - INFO - Sessions completed. Waiting 0 hours and 29 minutes before next sessions...
2025-03-27 22:57:50,447 - INFO - Current counts in status file - Followers: 881, Following: 1868
2025-03-27 22:57:50,448 - INFO - Current counts in status file - Followers: 881, Following: 1868
2025-03-27 22:57:50,449 - INFO - Starting new scraping session
2025-03-27 22:57:50,449 - INFO - Current counts in status file - Followers: 881, Following: 1868
2025-03-27 22:57:50,449 - INFO - Need to collect more following accounts: 1862/1868
2025-03-27 22:57:50,449 - INFO - Need to collect more followers: 879/881
2025-03-27 22:57:50,449 - INFO - Using 6 max pages for this session
2025-03-27 22:58:23,741 - INFO - SCRAPER: Logged in using button: //button[contains(.,'Log in')]
2025-03-27 22:58:23,742 - INFO - SCRAPER: Logged in successfully!
2025-03-27 22:58:23,742 - INFO - SCRAPER: Logged in as fretin98
2025-03-27 22:58:23,742 - INFO - SCRAPER: Resuming previous session...
2025-03-27 22:58:23,742 - INFO - SCRAPER: Loaded 879 followers and 1862 following from previous session
2025-03-27 22:58:23,742 - INFO - SCRAPER: Profile Stats: {'followers': 881, 'following': 1868, 'posts': 242}
2025-03-27 22:58:23,742 - INFO - Found profile stats line
2025-03-27 22:58:23,742 - INFO - SCRAPER: Followers: 881, Following: 1868
2025-03-27 22:58:23,742 - INFO - Extracted total followers: 881
2025-03-27 22:58:23,742 - INFO - Extracted total following: 1868
2025-03-27 22:58:23,742 - INFO - SCRAPER: Scraping followers...
2025-03-27 22:58:23,742 - INFO - SCRAPER: Already collected 879/881 followers (≥95%). Skipping followers scraping.
2025-03-27 22:58:23,743 - INFO - SCRAPER: Scraping following...
2025-03-27 22:58:23,745 - INFO - SCRAPER: Already collected 1862/1868 following accounts (≥95%). Skipping following scraping.
2025-03-27 22:58:23,745 - INFO - SCRAPER: Getting links to following accounts...
2025-03-27 22:58:23,745 - INFO - SCRAPER: Created 1862 following links from usernames
2025-03-27 22:58:23,745 - INFO - SCRAPER: Updated following links file: instagram_data/followingLinks.txt
2025-03-27 22:58:23,745 - INFO - SCRAPER: Updated adjacency list file: instagram_data/adjList.txt
2025-03-27 22:58:23,745 - INFO - SCRAPER: Added 0 new relationships (total: 25025)
2025-03-27 22:58:23,745 - INFO - SCRAPER: Retrieved 1862 following links
2025-03-27 22:58:23,745 - INFO - SCRAPER: Session completed successfully!
2025-03-27 22:58:23,745 - INFO - SCRAPER: Browser closed.
2025-03-27 22:58:23,824 - INFO - Updating status with dynamic counts - Followers: 881, Following: 1868
2025-03-27 22:58:23,830 - INFO - Saved data to instagram_data/auto_scrape_status.json
2025-03-27 22:58:23,831 - INFO - Now running a session to scrape following accounts network data...
2025-03-27 22:58:23,831 - INFO - Starting following accounts scraping session
2025-03-27 22:58:23,831 - INFO - remove_processed_links function is disabled to allow re-scraping of potential rate-limited accounts
2025-03-27 22:58:23,831 - INFO - DEBUG: Checking for duplicates before processing
2025-03-27 22:58:23,834 - INFO - No duplicate links found in instagram_data/followingLinks.txt
2025-03-27 22:58:23,835 - INFO - DEBUG: Before processing - 1862 accounts in queue
2025-03-27 22:58:23,850 - INFO - Using random batch size of 43 accounts for this session
2025-03-27 23:00:04,924 - INFO - FOLLOWING SCRAPER: DEBUG MODE ENABLED
2025-03-27 23:00:04,925 - INFO - FOLLOWING SCRAPER: Loaded scraping progress: 1474 accounts processed
2025-03-27 23:00:04,926 - INFO - FOLLOWING SCRAPER: Will process 43 accounts in this session
2025-03-27 23:00:04,926 - INFO - FOLLOWING SCRAPER: Logged in using button: //button[contains(.,'Log in')]
2025-03-27 23:00:04,926 - INFO - FOLLOWING SCRAPER: Logged in successfully!
2025-03-27 23:00:04,926 - INFO - FOLLOWING SCRAPER: Rate limit statistics: 1 accounts marked as rate-limited
2025-03-27 23:00:04,926 - INFO - FOLLOWING SCRAPER: Examples of rate-limited accounts: ['benton.down']
2025-03-27 23:00:04,926 - INFO - FOLLOWING SCRAPER: Loaded 1862 links from instagram_data/followingLinks.txt
2025-03-27 23:00:04,926 - INFO - FOLLOWING SCRAPER: Loaded adjacency list from instagram_data/adjList.txt
2025-03-27 23:00:04,926 - INFO - FOLLOWING SCRAPER: Deduplicating adjacency list...
2025-03-27 23:00:04,926 - INFO - FOLLOWING SCRAPER: No duplicates found in adjList.txt
2025-03-27 23:00:04,926 - INFO - FOLLOWING SCRAPER: DEBUG: Found 6161 already processed accounts in adjList.txt
2025-03-27 23:00:04,926 - INFO - FOLLOWING SCRAPER: Found 6161 accounts that have already been processed
2025-03-27 23:00:04,926 - INFO - FOLLOWING SCRAPER: Starting batch processing of 43 accounts
2025-03-27 23:00:04,926 - INFO - FOLLOWING SCRAPER: Pre-checking accounts to prioritize ones with reasonable follower/following counts...
2025-03-27 23:00:04,926 - INFO - FOLLOWING SCRAPER: ✓ shuheisakaue: Good candidate with 18 followers, 895 following
2025-03-27 23:00:04,926 - INFO - FOLLOWING SCRAPER: ✓ catsoupai: Good candidate with 189 followers, 189 following
2025-03-27 23:00:04,926 - INFO - FOLLOWING SCRAPER: ✓ soloslop.memes: Good candidate with 70 followers, 67 following
2025-03-27 23:00:04,926 - INFO - FOLLOWING SCRAPER: ✓ phillipsauction: Good candidate with 429 followers, 434 following
2025-03-27 23:00:04,926 - INFO - FOLLOWING SCRAPER: ✓ filmmovement: Good candidate with 12 followers, 708 following
2025-03-27 23:00:04,926 - INFO - FOLLOWING SCRAPER: ✗ rubahitam_: Too many connections (48 followers, 1153 following)
2025-03-27 23:00:04,927 - INFO - FOLLOWING SCRAPER: ✗ chinatown_cowboy.mp4: Too many connections (2383 followers, 0 following)
2025-03-27 23:00:04,927 - INFO - FOLLOWING SCRAPER: ✓ asian_redbozicowboy: Good candidate with 29 followers, 250 following
2025-03-27 23:00:04,927 - INFO - FOLLOWING SCRAPER: ✓ ccpxi_8964: Good candidate with 10 followers, 97 following
2025-03-27 23:00:04,927 - INFO - FOLLOWING SCRAPER: ✓ ngr.ev: Good candidate with 115 followers, 189 following
2025-03-27 23:00:04,927 - INFO - FOLLOWING SCRAPER: ✓ cinema_nighttt: Good candidate with 401 followers, 15 following
2025-03-27 23:00:04,927 - INFO - FOLLOWING SCRAPER: ✓ thedizzyviper: Good candidate with 179 followers, 903 following
2025-03-27 23:00:04,927 - INFO - FOLLOWING SCRAPER: ✗ arabbitsfoot: Too many connections (64 followers, 1569 following)
2025-03-27 23:00:04,927 - INFO - FOLLOWING SCRAPER: ✓ laclefrevival: Good candidate with 23 followers, 504 following
2025-03-27 23:00:04,927 - INFO - FOLLOWING SCRAPER: ✓ byboyfantasy: Good candidate with 83 followers, 608 following
2025-03-27 23:00:04,927 - INFO - FOLLOWING SCRAPER: ✓ manofdutch: Good candidate with 29 followers, 55 following
2025-03-27 23:00:04,927 - INFO - FOLLOWING SCRAPER: ✗ fernandosev7n: Too many connections (235 followers, 1534 following)
2025-03-27 23:00:04,927 - INFO - FOLLOWING SCRAPER: ✓ thefineartcollective: Good candidate with 674 followers, 919 following
2025-03-27 23:00:04,927 - INFO - FOLLOWING SCRAPER: ✗ xidan_zhang: Too many connections (2743 followers, 902 following)
2025-03-27 23:00:04,927 - INFO - FOLLOWING SCRAPER: ✗ zihaosong: Too many connections (10 followers, 2448 following)
2025-03-27 23:00:04,927 - INFO - FOLLOWING SCRAPER: ✗ young.brando: Too many connections (17 followers, 2456 following)
2025-03-27 23:00:04,927 - INFO - FOLLOWING SCRAPER: ✗ gentleman.gasmask: Too many connections (364 followers, 1661 following)
2025-03-27 23:00:04,927 - INFO - FOLLOWING SCRAPER: ✗ yuukakazami0: Too many connections (1343 followers, 519 following)
2025-03-27 23:00:04,927 - INFO - FOLLOWING SCRAPER: ✗ cucny: Too many connections (2782 followers, 38 following)
2025-03-27 23:00:04,927 - INFO - FOLLOWING SCRAPER: ✗ thepennclub: Too many connections (4058 followers, 632 following)
2025-03-27 23:00:04,927 - INFO - FOLLOWING SCRAPER: Found 14 accounts with reasonable follower/following counts
2025-03-27 23:00:04,927 - INFO - FOLLOWING SCRAPER: DEBUG: Sanitizing and saving 1862 links
2025-03-27 23:00:04,927 - INFO - FOLLOWING SCRAPER: DEBUG: After sanitization: 1862 links (removed 0)
2025-03-27 23:00:04,927 - INFO - FOLLOWING SCRAPER: DEBUG: Successfully saved 1862 links to instagram_data/followingLinks.txt
2025-03-27 23:00:04,927 - INFO - FOLLOWING SCRAPER: Links reordered to prioritize accounts with reasonable follower/following counts
2025-03-27 23:00:04,927 - INFO - FOLLOWING SCRAPER: Randomly selecting 43 accounts from 1862 available accounts
2025-03-27 23:00:04,927 - INFO - FOLLOWING SCRAPER: DEBUG: Processing randomly selected link #1092/1862: https://www.instagram.com/iiiiirisjxy/
2025-03-27 23:00:04,927 - INFO - FOLLOWING SCRAPER: DEBUG: Before processing - 1862 links in queue
2025-03-27 23:00:04,928 - INFO - FOLLOWING SCRAPER: DEBUG: Account iiiiirisjxy in progress data with rate_limited=False
2025-03-27 23:00:04,928 - INFO - FOLLOWING SCRAPER: DEBUG: Skipping already processed account: iiiiirisjxy
2025-03-27 23:00:04,928 - INFO - FOLLOWING SCRAPER: Error during batch processing: list.remove(x): x not in list
2025-03-27 23:00:04,928 - INFO - FOLLOWING SCRAPER: Browser closed. Script complete.
2025-03-27 23:00:05,556 - ERROR - DEBUG: ISSUE DETECTED - Queue size didn't decrease. Before: 1862, After: 1862, Diff: 0
2025-03-27 23:00:05,556 - INFO - DEBUG: Checking for duplicates after processing
2025-03-27 23:00:05,560 - INFO - No duplicate links found in instagram_data/followingLinks.txt
2025-03-27 23:00:05,560 - INFO - remove_processed_links function is disabled to allow re-scraping of potential rate-limited accounts
2025-03-27 23:00:05,560 - INFO - Following accounts scraping session completed with result: True
2025-03-27 23:00:05,560 - INFO - Sessions completed. Waiting 0 hours and 30 minutes before next sessions...
2025-03-27 23:30:23,625 - INFO - Current counts in status file - Followers: 881, Following: 1868
2025-03-27 23:30:23,628 - INFO - Current counts in status file - Followers: 881, Following: 1868
2025-03-27 23:30:23,629 - INFO - Starting new scraping session
2025-03-27 23:30:23,629 - INFO - Current counts in status file - Followers: 881, Following: 1868
2025-03-27 23:30:23,629 - INFO - Need to collect more following accounts: 1862/1868
2025-03-27 23:30:23,630 - INFO - Need to collect more followers: 879/881
2025-03-27 23:30:23,630 - INFO - Using 5 max pages for this session
2025-03-27 23:30:56,190 - INFO - SCRAPER: Logged in using button: //button[contains(.,'Log in')]
2025-03-27 23:30:56,212 - INFO - SCRAPER: Logged in successfully!
2025-03-27 23:30:56,217 - INFO - SCRAPER: Logged in as fretin98
2025-03-27 23:30:56,217 - INFO - SCRAPER: Resuming previous session...
2025-03-27 23:30:56,217 - INFO - SCRAPER: Loaded 879 followers and 1862 following from previous session
2025-03-27 23:30:56,217 - INFO - SCRAPER: Profile Stats: {'followers': 881, 'following': 1868, 'posts': 242}
2025-03-27 23:30:56,217 - INFO - Found profile stats line
2025-03-27 23:30:56,217 - INFO - SCRAPER: Followers: 881, Following: 1868
2025-03-27 23:30:56,217 - INFO - Extracted total followers: 881
2025-03-27 23:30:56,217 - INFO - Extracted total following: 1868
2025-03-27 23:30:56,217 - INFO - SCRAPER: Scraping followers...
2025-03-27 23:30:56,217 - INFO - SCRAPER: Already collected 879/881 followers (≥95%). Skipping followers scraping.
2025-03-27 23:30:56,217 - INFO - SCRAPER: Scraping following...
2025-03-27 23:30:56,217 - INFO - SCRAPER: Already collected 1862/1868 following accounts (≥95%). Skipping following scraping.
2025-03-27 23:30:56,217 - INFO - SCRAPER: Getting links to following accounts...
2025-03-27 23:30:56,217 - INFO - SCRAPER: Created 1862 following links from usernames
2025-03-27 23:30:56,218 - INFO - SCRAPER: Updated following links file: instagram_data/followingLinks.txt
2025-03-27 23:30:56,218 - INFO - SCRAPER: Updated adjacency list file: instagram_data/adjList.txt
2025-03-27 23:30:56,218 - INFO - SCRAPER: Added 0 new relationships (total: 25025)
2025-03-27 23:30:56,218 - INFO - SCRAPER: Retrieved 1862 following links
2025-03-27 23:30:56,218 - INFO - SCRAPER: Session completed successfully!
2025-03-27 23:30:56,218 - INFO - SCRAPER: Browser closed.
2025-03-27 23:30:56,313 - INFO - Updating status with dynamic counts - Followers: 881, Following: 1868
2025-03-27 23:30:56,315 - INFO - Saved data to instagram_data/auto_scrape_status.json
2025-03-27 23:30:56,315 - INFO - Now running a session to scrape following accounts network data...
2025-03-27 23:30:56,315 - INFO - Starting following accounts scraping session
2025-03-27 23:30:56,315 - INFO - remove_processed_links function is disabled to allow re-scraping of potential rate-limited accounts
2025-03-27 23:30:56,315 - INFO - DEBUG: Checking for duplicates before processing
2025-03-27 23:30:56,317 - INFO - No duplicate links found in instagram_data/followingLinks.txt
2025-03-27 23:30:56,317 - INFO - DEBUG: Before processing - 1862 accounts in queue
2025-03-27 23:30:56,325 - INFO - Using random batch size of 51 accounts for this session
2025-03-27 23:32:36,639 - INFO - FOLLOWING SCRAPER: DEBUG MODE ENABLED
2025-03-27 23:32:36,641 - INFO - FOLLOWING SCRAPER: Loaded scraping progress: 1474 accounts processed
2025-03-27 23:32:36,641 - INFO - FOLLOWING SCRAPER: Will process 51 accounts in this session
2025-03-27 23:32:36,641 - INFO - FOLLOWING SCRAPER: Logged in using button: //button[contains(.,'Log in')]
2025-03-27 23:32:36,641 - INFO - FOLLOWING SCRAPER: Logged in successfully!
2025-03-27 23:32:36,641 - INFO - FOLLOWING SCRAPER: Rate limit statistics: 1 accounts marked as rate-limited
2025-03-27 23:32:36,641 - INFO - FOLLOWING SCRAPER: Examples of rate-limited accounts: ['benton.down']
2025-03-27 23:32:36,641 - INFO - FOLLOWING SCRAPER: Loaded 1862 links from instagram_data/followingLinks.txt
2025-03-27 23:32:36,641 - INFO - FOLLOWING SCRAPER: Loaded adjacency list from instagram_data/adjList.txt
2025-03-27 23:32:36,641 - INFO - FOLLOWING SCRAPER: Deduplicating adjacency list...
2025-03-27 23:32:36,641 - INFO - FOLLOWING SCRAPER: No duplicates found in adjList.txt
2025-03-27 23:32:36,641 - INFO - FOLLOWING SCRAPER: DEBUG: Found 6161 already processed accounts in adjList.txt
2025-03-27 23:32:36,641 - INFO - FOLLOWING SCRAPER: Found 6161 accounts that have already been processed
2025-03-27 23:32:36,641 - INFO - FOLLOWING SCRAPER: Starting batch processing of 51 accounts
2025-03-27 23:32:36,641 - INFO - FOLLOWING SCRAPER: Pre-checking accounts to prioritize ones with reasonable follower/following counts...
2025-03-27 23:32:36,641 - INFO - FOLLOWING SCRAPER: ✓ shuheisakaue: Good candidate with 18 followers, 895 following
2025-03-27 23:32:36,641 - INFO - FOLLOWING SCRAPER: ✓ catsoupai: Good candidate with 189 followers, 189 following
2025-03-27 23:32:36,642 - INFO - FOLLOWING SCRAPER: ✓ soloslop.memes: Good candidate with 70 followers, 67 following
2025-03-27 23:32:36,642 - INFO - FOLLOWING SCRAPER: ✓ phillipsauction: Good candidate with 429 followers, 434 following
2025-03-27 23:32:36,642 - INFO - FOLLOWING SCRAPER: ✓ filmmovement: Good candidate with 12 followers, 708 following
2025-03-27 23:32:36,642 - INFO - FOLLOWING SCRAPER: ✗ rubahitam_: Too many connections (48 followers, 1153 following)
2025-03-27 23:32:36,642 - INFO - FOLLOWING SCRAPER: ✗ chinatown_cowboy.mp4: Too many connections (2384 followers, 0 following)
2025-03-27 23:32:36,642 - INFO - FOLLOWING SCRAPER: ✓ asian_redbozicowboy: Good candidate with 29 followers, 250 following
2025-03-27 23:32:36,642 - INFO - FOLLOWING SCRAPER: ✓ ccpxi_8964: Good candidate with 10 followers, 97 following
2025-03-27 23:32:36,642 - INFO - FOLLOWING SCRAPER: ✓ ngr.ev: Good candidate with 115 followers, 189 following
2025-03-27 23:32:36,642 - INFO - FOLLOWING SCRAPER: ✓ cinema_nighttt: Good candidate with 401 followers, 15 following
2025-03-27 23:32:36,642 - INFO - FOLLOWING SCRAPER: ✓ thedizzyviper: Good candidate with 179 followers, 903 following
2025-03-27 23:32:36,642 - INFO - FOLLOWING SCRAPER: ✗ arabbitsfoot: Too many connections (64 followers, 1569 following)
2025-03-27 23:32:36,642 - INFO - FOLLOWING SCRAPER: ✓ laclefrevival: Good candidate with 23 followers, 504 following
2025-03-27 23:32:36,642 - INFO - FOLLOWING SCRAPER: ✓ byboyfantasy: Good candidate with 83 followers, 608 following
2025-03-27 23:32:36,642 - INFO - FOLLOWING SCRAPER: ✓ manofdutch: Good candidate with 29 followers, 55 following
2025-03-27 23:32:36,642 - INFO - FOLLOWING SCRAPER: ✗ fernandosev7n: Too many connections (235 followers, 1534 following)
2025-03-27 23:32:36,642 - INFO - FOLLOWING SCRAPER: ✓ thefineartcollective: Good candidate with 674 followers, 919 following
2025-03-27 23:32:36,642 - INFO - FOLLOWING SCRAPER: ✗ xidan_zhang: Too many connections (2743 followers, 902 following)
2025-03-27 23:32:36,642 - INFO - FOLLOWING SCRAPER: ✗ zihaosong: Too many connections (10 followers, 2448 following)
2025-03-27 23:32:36,642 - INFO - FOLLOWING SCRAPER: ✗ young.brando: Too many connections (17 followers, 2456 following)
2025-03-27 23:32:36,642 - INFO - FOLLOWING SCRAPER: ✗ gentleman.gasmask: Too many connections (364 followers, 1661 following)
2025-03-27 23:32:36,642 - INFO - FOLLOWING SCRAPER: ✗ yuukakazami0: Too many connections (1343 followers, 519 following)
2025-03-27 23:32:36,642 - INFO - FOLLOWING SCRAPER: ✗ cucny: Too many connections (2782 followers, 38 following)
2025-03-27 23:32:36,642 - INFO - FOLLOWING SCRAPER: ✗ thepennclub: Too many connections (4058 followers, 632 following)
2025-03-27 23:32:36,642 - INFO - FOLLOWING SCRAPER: ✗ lsmartfund: Too many connections (4171 followers, 586 following)
2025-03-27 23:32:36,642 - INFO - FOLLOWING SCRAPER: ✗ perpetual.passion: Too many connections (38 followers, 2352 following)
2025-03-27 23:32:36,642 - INFO - FOLLOWING SCRAPER: ✗ milanrecords: Too many connections (20 followers, 2860 following)
2025-03-27 23:32:36,642 - INFO - FOLLOWING SCRAPER: Found 14 accounts with reasonable follower/following counts
2025-03-27 23:32:36,642 - INFO - FOLLOWING SCRAPER: DEBUG: Sanitizing and saving 1862 links
2025-03-27 23:32:36,642 - INFO - FOLLOWING SCRAPER: DEBUG: After sanitization: 1862 links (removed 0)
2025-03-27 23:32:36,642 - INFO - FOLLOWING SCRAPER: DEBUG: Successfully saved 1862 links to instagram_data/followingLinks.txt
2025-03-27 23:32:36,642 - INFO - FOLLOWING SCRAPER: Links reordered to prioritize accounts with reasonable follower/following counts
2025-03-27 23:32:36,642 - INFO - FOLLOWING SCRAPER: Randomly selecting 51 accounts from 1862 available accounts
2025-03-27 23:32:36,642 - INFO - FOLLOWING SCRAPER: DEBUG: Processing randomly selected link #965/1862: https://www.instagram.com/mercedesamgf1/
2025-03-27 23:32:36,642 - INFO - FOLLOWING SCRAPER: DEBUG: Before processing - 1862 links in queue
2025-03-27 23:32:36,642 - INFO - FOLLOWING SCRAPER: DEBUG: Account mercedesamgf1 in progress data with rate_limited=False
2025-03-27 23:32:36,642 - INFO - FOLLOWING SCRAPER: DEBUG: Skipping already processed account: mercedesamgf1
2025-03-27 23:32:36,642 - INFO - FOLLOWING SCRAPER: Error during batch processing: list.remove(x): x not in list
2025-03-27 23:32:36,642 - INFO - FOLLOWING SCRAPER: Browser closed. Script complete.
2025-03-27 23:32:37,127 - ERROR - DEBUG: ISSUE DETECTED - Queue size didn't decrease. Before: 1862, After: 1862, Diff: 0
2025-03-27 23:32:37,127 - INFO - DEBUG: Checking for duplicates after processing
2025-03-27 23:32:37,127 - INFO - No duplicate links found in instagram_data/followingLinks.txt
2025-03-27 23:32:37,127 - INFO - remove_processed_links function is disabled to allow re-scraping of potential rate-limited accounts
2025-03-27 23:32:37,128 - INFO - Following accounts scraping session completed with result: True
2025-03-27 23:32:37,128 - INFO - Sessions completed. Waiting 0 hours and 26 minutes before next sessions...
2025-03-27 23:58:59,173 - INFO - Current counts in status file - Followers: 881, Following: 1868
2025-03-27 23:58:59,175 - INFO - Current counts in status file - Followers: 881, Following: 1868
2025-03-27 23:58:59,175 - INFO - Starting new scraping session
2025-03-27 23:58:59,176 - INFO - Current counts in status file - Followers: 881, Following: 1868
2025-03-27 23:58:59,176 - INFO - Need to collect more following accounts: 1862/1868
2025-03-27 23:58:59,176 - INFO - Need to collect more followers: 879/881
2025-03-27 23:58:59,176 - INFO - Using 8 max pages for this session
2025-03-27 23:59:32,447 - INFO - SCRAPER: Logged in using button: //button[contains(.,'Log in')]
2025-03-27 23:59:32,447 - INFO - SCRAPER: Logged in successfully!
2025-03-27 23:59:32,447 - INFO - SCRAPER: Logged in as fretin98
2025-03-27 23:59:32,447 - INFO - SCRAPER: Resuming previous session...
2025-03-27 23:59:32,447 - INFO - SCRAPER: Loaded 879 followers and 1862 following from previous session
2025-03-27 23:59:32,447 - INFO - SCRAPER: Profile Stats: {'followers': 881, 'following': 1868, 'posts': 242}
2025-03-27 23:59:32,447 - INFO - Found profile stats line
2025-03-27 23:59:32,447 - INFO - SCRAPER: Followers: 881, Following: 1868
2025-03-27 23:59:32,447 - INFO - Extracted total followers: 881
2025-03-27 23:59:32,447 - INFO - Extracted total following: 1868
2025-03-27 23:59:32,447 - INFO - SCRAPER: Scraping followers...
2025-03-27 23:59:32,447 - INFO - SCRAPER: Already collected 879/881 followers (≥95%). Skipping followers scraping.
2025-03-27 23:59:32,448 - INFO - SCRAPER: Scraping following...
2025-03-27 23:59:32,448 - INFO - SCRAPER: Already collected 1862/1868 following accounts (≥95%). Skipping following scraping.
2025-03-27 23:59:32,448 - INFO - SCRAPER: Getting links to following accounts...
2025-03-27 23:59:32,448 - INFO - SCRAPER: Created 1862 following links from usernames
2025-03-27 23:59:32,448 - INFO - SCRAPER: Updated following links file: instagram_data/followingLinks.txt
2025-03-27 23:59:32,448 - INFO - SCRAPER: Updated adjacency list file: instagram_data/adjList.txt
2025-03-27 23:59:32,448 - INFO - SCRAPER: Added 0 new relationships (total: 25025)
2025-03-27 23:59:32,448 - INFO - SCRAPER: Retrieved 1862 following links
2025-03-27 23:59:32,448 - INFO - SCRAPER: Session completed successfully!
2025-03-27 23:59:32,448 - INFO - SCRAPER: Browser closed.
2025-03-27 23:59:32,568 - INFO - Updating status with dynamic counts - Followers: 881, Following: 1868
2025-03-27 23:59:32,569 - INFO - Saved data to instagram_data/auto_scrape_status.json
2025-03-27 23:59:32,569 - INFO - Now running a session to scrape following accounts network data...
2025-03-27 23:59:32,569 - INFO - Starting following accounts scraping session
2025-03-27 23:59:32,569 - INFO - remove_processed_links function is disabled to allow re-scraping of potential rate-limited accounts
2025-03-27 23:59:32,569 - INFO - DEBUG: Checking for duplicates before processing
2025-03-27 23:59:32,573 - INFO - No duplicate links found in instagram_data/followingLinks.txt
2025-03-27 23:59:32,573 - INFO - DEBUG: Before processing - 1862 accounts in queue
2025-03-27 23:59:32,578 - INFO - Using random batch size of 59 accounts for this session
2025-03-28 00:01:14,711 - INFO - FOLLOWING SCRAPER: DEBUG MODE ENABLED
2025-03-28 00:01:14,712 - INFO - FOLLOWING SCRAPER: Loaded scraping progress: 1474 accounts processed
2025-03-28 00:01:14,712 - INFO - FOLLOWING SCRAPER: Will process 59 accounts in this session
2025-03-28 00:01:14,712 - INFO - FOLLOWING SCRAPER: Logged in using button: //button[contains(.,'Log in')]
2025-03-28 00:01:14,712 - INFO - FOLLOWING SCRAPER: Logged in successfully!
2025-03-28 00:01:14,712 - INFO - FOLLOWING SCRAPER: Rate limit statistics: 1 accounts marked as rate-limited
2025-03-28 00:01:14,712 - INFO - FOLLOWING SCRAPER: Examples of rate-limited accounts: ['benton.down']
2025-03-28 00:01:14,712 - INFO - FOLLOWING SCRAPER: Loaded 1862 links from instagram_data/followingLinks.txt
2025-03-28 00:01:14,712 - INFO - FOLLOWING SCRAPER: Loaded adjacency list from instagram_data/adjList.txt
2025-03-28 00:01:14,712 - INFO - FOLLOWING SCRAPER: Deduplicating adjacency list...
2025-03-28 00:01:14,712 - INFO - FOLLOWING SCRAPER: No duplicates found in adjList.txt
2025-03-28 00:01:14,712 - INFO - FOLLOWING SCRAPER: DEBUG: Found 6161 already processed accounts in adjList.txt
2025-03-28 00:01:14,712 - INFO - FOLLOWING SCRAPER: Found 6161 accounts that have already been processed
2025-03-28 00:01:14,712 - INFO - FOLLOWING SCRAPER: Starting batch processing of 59 accounts
2025-03-28 00:01:14,712 - INFO - FOLLOWING SCRAPER: Pre-checking accounts to prioritize ones with reasonable follower/following counts...
2025-03-28 00:01:14,712 - INFO - FOLLOWING SCRAPER: ✓ shuheisakaue: Good candidate with 18 followers, 895 following
2025-03-28 00:01:14,713 - INFO - FOLLOWING SCRAPER: ✓ catsoupai: Good candidate with 189 followers, 189 following
2025-03-28 00:01:14,713 - INFO - FOLLOWING SCRAPER: ✓ soloslop.memes: Good candidate with 70 followers, 67 following
2025-03-28 00:01:14,713 - INFO - FOLLOWING SCRAPER: ✓ phillipsauction: Good candidate with 429 followers, 434 following
2025-03-28 00:01:14,713 - INFO - FOLLOWING SCRAPER: ✓ filmmovement: Good candidate with 12 followers, 708 following
2025-03-28 00:01:14,713 - INFO - FOLLOWING SCRAPER: ✗ rubahitam_: Too many connections (48 followers, 1153 following)
2025-03-28 00:01:14,713 - INFO - FOLLOWING SCRAPER: ✗ chinatown_cowboy.mp4: Too many connections (2384 followers, 0 following)
2025-03-28 00:01:14,713 - INFO - FOLLOWING SCRAPER: ✓ asian_redbozicowboy: Good candidate with 29 followers, 250 following
2025-03-28 00:01:14,713 - INFO - FOLLOWING SCRAPER: ✓ ccpxi_8964: Good candidate with 10 followers, 97 following
2025-03-28 00:01:14,713 - INFO - FOLLOWING SCRAPER: ✓ ngr.ev: Good candidate with 115 followers, 189 following
2025-03-28 00:01:14,713 - INFO - FOLLOWING SCRAPER: ✓ cinema_nighttt: Good candidate with 401 followers, 15 following
2025-03-28 00:01:14,713 - INFO - FOLLOWING SCRAPER: ✓ thedizzyviper: Good candidate with 179 followers, 903 following
2025-03-28 00:01:14,713 - INFO - FOLLOWING SCRAPER: ✗ arabbitsfoot: Too many connections (64 followers, 1569 following)
2025-03-28 00:01:14,713 - INFO - FOLLOWING SCRAPER: ✓ laclefrevival: Good candidate with 23 followers, 504 following
2025-03-28 00:01:14,713 - INFO - FOLLOWING SCRAPER: ✓ byboyfantasy: Good candidate with 83 followers, 608 following
2025-03-28 00:01:14,713 - INFO - FOLLOWING SCRAPER: ✓ manofdutch: Good candidate with 29 followers, 55 following
2025-03-28 00:01:14,713 - INFO - FOLLOWING SCRAPER: ✗ fernandosev7n: Too many connections (235 followers, 1534 following)
2025-03-28 00:01:14,713 - INFO - FOLLOWING SCRAPER: ✓ thefineartcollective: Good candidate with 674 followers, 919 following
2025-03-28 00:01:14,713 - INFO - FOLLOWING SCRAPER: ✗ xidan_zhang: Too many connections (2743 followers, 902 following)
2025-03-28 00:01:14,713 - INFO - FOLLOWING SCRAPER: ✗ zihaosong: Too many connections (10 followers, 2448 following)
2025-03-28 00:01:14,713 - INFO - FOLLOWING SCRAPER: ✗ young.brando: Too many connections (17 followers, 2456 following)
2025-03-28 00:01:14,713 - INFO - FOLLOWING SCRAPER: ✗ gentleman.gasmask: Too many connections (364 followers, 1661 following)
2025-03-28 00:01:14,713 - INFO - FOLLOWING SCRAPER: ✗ yuukakazami0: Too many connections (1343 followers, 519 following)
2025-03-28 00:01:14,713 - INFO - FOLLOWING SCRAPER: ✗ cucny: Too many connections (2782 followers, 38 following)
2025-03-28 00:01:14,713 - INFO - FOLLOWING SCRAPER: ✗ thepennclub: Too many connections (4059 followers, 632 following)
2025-03-28 00:01:14,713 - INFO - FOLLOWING SCRAPER: ✗ lsmartfund: Too many connections (4171 followers, 586 following)
2025-03-28 00:01:14,713 - INFO - FOLLOWING SCRAPER: ✗ perpetual.passion: Too many connections (38 followers, 2352 following)
2025-03-28 00:01:14,713 - INFO - FOLLOWING SCRAPER: ✗ milanrecords: Too many connections (20 followers, 2860 following)
2025-03-28 00:01:14,713 - INFO - FOLLOWING SCRAPER: ✗ prophetconsulting: Too many connections (5423 followers, 300 following)
2025-03-28 00:01:14,713 - INFO - FOLLOWING SCRAPER: Found 14 accounts with reasonable follower/following counts
2025-03-28 00:01:14,713 - INFO - FOLLOWING SCRAPER: DEBUG: Sanitizing and saving 1862 links
2025-03-28 00:01:14,713 - INFO - FOLLOWING SCRAPER: DEBUG: After sanitization: 1862 links (removed 0)
2025-03-28 00:01:14,713 - INFO - FOLLOWING SCRAPER: DEBUG: Successfully saved 1862 links to instagram_data/followingLinks.txt
2025-03-28 00:01:14,713 - INFO - FOLLOWING SCRAPER: Links reordered to prioritize accounts with reasonable follower/following counts
2025-03-28 00:01:14,713 - INFO - FOLLOWING SCRAPER: Randomly selecting 59 accounts from 1862 available accounts
2025-03-28 00:01:14,713 - INFO - FOLLOWING SCRAPER: DEBUG: Processing randomly selected link #835/1862: https://www.instagram.com/akirah_jp/
2025-03-28 00:01:14,713 - INFO - FOLLOWING SCRAPER: DEBUG: Before processing - 1862 links in queue
2025-03-28 00:01:14,713 - INFO - FOLLOWING SCRAPER: DEBUG: Account akirah_jp in progress data with rate_limited=False
2025-03-28 00:01:14,713 - INFO - FOLLOWING SCRAPER: Processing: https://www.instagram.com/akirah_jp/
2025-03-28 00:01:14,713 - INFO - FOLLOWING SCRAPER: Account akirah_jp already fully processed. Skipping.
2025-03-28 00:01:14,713 - INFO - FOLLOWING SCRAPER: DEBUG: Removing link from queue: https://www.instagram.com/akirah_jp/
2025-03-28 00:01:14,713 - INFO - FOLLOWING SCRAPER: Error processing https://www.instagram.com/akirah_jp/: list.remove(x): x not in list
2025-03-28 00:01:14,714 - INFO - FOLLOWING SCRAPER: DEBUG: Moving failed link to end of queue: https://www.instagram.com/akirah_jp/
2025-03-28 00:01:14,714 - INFO - FOLLOWING SCRAPER: Error during batch processing: list.remove(x): x not in list
2025-03-28 00:01:14,714 - INFO - FOLLOWING SCRAPER: Browser closed. Script complete.
2025-03-28 00:01:15,083 - ERROR - DEBUG: ISSUE DETECTED - Queue size didn't decrease. Before: 1862, After: 1862, Diff: 0
2025-03-28 00:01:15,083 - INFO - DEBUG: Checking for duplicates after processing
2025-03-28 00:01:15,084 - INFO - No duplicate links found in instagram_data/followingLinks.txt
2025-03-28 00:01:15,084 - INFO - remove_processed_links function is disabled to allow re-scraping of potential rate-limited accounts
2025-03-28 00:01:15,084 - INFO - Following accounts scraping session completed with result: True
2025-03-28 00:01:15,084 - INFO - Sessions completed. Waiting 0 hours and 36 minutes before next sessions...
2025-03-28 00:37:36,041 - INFO - Current counts in status file - Followers: 881, Following: 1868
2025-03-28 00:37:36,044 - INFO - Current counts in status file - Followers: 881, Following: 1868
2025-03-28 00:37:36,045 - INFO - Set today's natural break window to 12:00-14:00
2025-03-28 00:37:36,046 - INFO - Saved data to instagram_data/auto_scrape_status.json
2025-03-28 00:37:36,047 - INFO - Saved data to instagram_data/auto_scrape_status.json
2025-03-28 00:37:36,047 - INFO - Starting new scraping session
2025-03-28 00:37:36,048 - INFO - Current counts in status file - Followers: 881, Following: 1868
2025-03-28 00:37:36,048 - INFO - Need to collect more following accounts: 1862/1868
2025-03-28 00:37:36,048 - INFO - Need to collect more followers: 879/881
2025-03-28 00:37:36,048 - INFO - Using 7 max pages for this session
2025-03-28 00:38:08,623 - INFO - SCRAPER: Logged in using button: //button[contains(.,'Log in')]
2025-03-28 00:38:08,624 - INFO - SCRAPER: Logged in successfully!
2025-03-28 00:38:08,624 - INFO - SCRAPER: Logged in as fretin98
2025-03-28 00:38:08,624 - INFO - SCRAPER: Resuming previous session...
2025-03-28 00:38:08,624 - INFO - SCRAPER: Loaded 879 followers and 1862 following from previous session
2025-03-28 00:38:08,624 - INFO - SCRAPER: Profile Stats: {'followers': 881, 'following': 1868, 'posts': 242}
2025-03-28 00:38:08,624 - INFO - Found profile stats line
2025-03-28 00:38:08,624 - INFO - SCRAPER: Followers: 881, Following: 1868
2025-03-28 00:38:08,624 - INFO - Extracted total followers: 881
2025-03-28 00:38:08,625 - INFO - Extracted total following: 1868
2025-03-28 00:38:08,627 - INFO - SCRAPER: Scraping followers...
2025-03-28 00:38:08,627 - INFO - SCRAPER: Already collected 879/881 followers (≥95%). Skipping followers scraping.
2025-03-28 00:38:08,627 - INFO - SCRAPER: Scraping following...
2025-03-28 00:38:08,627 - INFO - SCRAPER: Already collected 1862/1868 following accounts (≥95%). Skipping following scraping.
2025-03-28 00:38:08,627 - INFO - SCRAPER: Getting links to following accounts...
2025-03-28 00:38:08,627 - INFO - SCRAPER: Created 1862 following links from usernames
2025-03-28 00:38:08,627 - INFO - SCRAPER: Updated following links file: instagram_data/followingLinks.txt
2025-03-28 00:38:08,627 - INFO - SCRAPER: Updated adjacency list file: instagram_data/adjList.txt
2025-03-28 00:38:08,627 - INFO - SCRAPER: Added 0 new relationships (total: 25025)
2025-03-28 00:38:08,627 - INFO - SCRAPER: Retrieved 1862 following links
2025-03-28 00:38:08,627 - INFO - SCRAPER: Session completed successfully!
2025-03-28 00:38:08,627 - INFO - SCRAPER: Browser closed.
2025-03-28 00:38:08,700 - INFO - Updating status with dynamic counts - Followers: 881, Following: 1868
2025-03-28 00:38:08,701 - INFO - Saved data to instagram_data/auto_scrape_status.json
2025-03-28 00:38:08,701 - INFO - Now running a session to scrape following accounts network data...
2025-03-28 00:38:08,701 - INFO - Starting following accounts scraping session
2025-03-28 00:38:08,702 - INFO - remove_processed_links function is disabled to allow re-scraping of potential rate-limited accounts
2025-03-28 00:38:08,702 - INFO - DEBUG: Checking for duplicates before processing
2025-03-28 00:38:08,702 - INFO - No duplicate links found in instagram_data/followingLinks.txt
2025-03-28 00:38:08,703 - INFO - DEBUG: Before processing - 1862 accounts in queue
2025-03-28 00:38:08,706 - INFO - Using random batch size of 57 accounts for this session
2025-03-28 00:39:53,292 - INFO - FOLLOWING SCRAPER: DEBUG MODE ENABLED
2025-03-28 00:39:53,293 - INFO - FOLLOWING SCRAPER: Loaded scraping progress: 1474 accounts processed
2025-03-28 00:39:53,293 - INFO - FOLLOWING SCRAPER: Will process 57 accounts in this session
2025-03-28 00:39:53,293 - INFO - FOLLOWING SCRAPER: Logged in using button: //button[contains(.,'Log in')]
2025-03-28 00:39:53,293 - INFO - FOLLOWING SCRAPER: Logged in successfully!
2025-03-28 00:39:53,293 - INFO - FOLLOWING SCRAPER: Rate limit statistics: 1 accounts marked as rate-limited
2025-03-28 00:39:53,293 - INFO - FOLLOWING SCRAPER: Examples of rate-limited accounts: ['benton.down']
2025-03-28 00:39:53,293 - INFO - FOLLOWING SCRAPER: Loaded 1862 links from instagram_data/followingLinks.txt
2025-03-28 00:39:53,293 - INFO - FOLLOWING SCRAPER: Loaded adjacency list from instagram_data/adjList.txt
2025-03-28 00:39:53,293 - INFO - FOLLOWING SCRAPER: Deduplicating adjacency list...
2025-03-28 00:39:53,293 - INFO - FOLLOWING SCRAPER: No duplicates found in adjList.txt
2025-03-28 00:39:53,293 - INFO - FOLLOWING SCRAPER: DEBUG: Found 6161 already processed accounts in adjList.txt
2025-03-28 00:39:53,293 - INFO - FOLLOWING SCRAPER: Found 6161 accounts that have already been processed
2025-03-28 00:39:53,293 - INFO - FOLLOWING SCRAPER: Starting batch processing of 57 accounts
2025-03-28 00:39:53,293 - INFO - FOLLOWING SCRAPER: Pre-checking accounts to prioritize ones with reasonable follower/following counts...
2025-03-28 00:39:53,293 - INFO - FOLLOWING SCRAPER: ✓ shuheisakaue: Good candidate with 18 followers, 895 following
2025-03-28 00:39:53,293 - INFO - FOLLOWING SCRAPER: ✓ catsoupai: Good candidate with 189 followers, 189 following
2025-03-28 00:39:53,293 - INFO - FOLLOWING SCRAPER: ✓ soloslop.memes: Good candidate with 70 followers, 67 following
2025-03-28 00:39:53,293 - INFO - FOLLOWING SCRAPER: ✓ phillipsauction: Good candidate with 429 followers, 434 following
2025-03-28 00:39:53,293 - INFO - FOLLOWING SCRAPER: ✓ filmmovement: Good candidate with 12 followers, 708 following
2025-03-28 00:39:53,293 - INFO - FOLLOWING SCRAPER: ✗ rubahitam_: Too many connections (48 followers, 1153 following)
2025-03-28 00:39:53,293 - INFO - FOLLOWING SCRAPER: ✗ chinatown_cowboy.mp4: Too many connections (2384 followers, 0 following)
2025-03-28 00:39:53,293 - INFO - FOLLOWING SCRAPER: ✓ asian_redbozicowboy: Good candidate with 29 followers, 250 following
2025-03-28 00:39:53,293 - INFO - FOLLOWING SCRAPER: ✓ ccpxi_8964: Good candidate with 10 followers, 97 following
2025-03-28 00:39:53,293 - INFO - FOLLOWING SCRAPER: ✓ ngr.ev: Good candidate with 115 followers, 189 following
2025-03-28 00:39:53,294 - INFO - FOLLOWING SCRAPER: ✓ cinema_nighttt: Good candidate with 401 followers, 15 following
2025-03-28 00:39:53,294 - INFO - FOLLOWING SCRAPER: ✓ thedizzyviper: Good candidate with 179 followers, 903 following
2025-03-28 00:39:53,294 - INFO - FOLLOWING SCRAPER: ✗ arabbitsfoot: Too many connections (64 followers, 1569 following)
2025-03-28 00:39:53,294 - INFO - FOLLOWING SCRAPER: ✓ laclefrevival: Good candidate with 23 followers, 504 following
2025-03-28 00:39:53,294 - INFO - FOLLOWING SCRAPER: ✓ byboyfantasy: Good candidate with 83 followers, 608 following
2025-03-28 00:39:53,294 - INFO - FOLLOWING SCRAPER: ✓ manofdutch: Good candidate with 29 followers, 55 following
2025-03-28 00:39:53,294 - INFO - FOLLOWING SCRAPER: ✗ fernandosev7n: Too many connections (235 followers, 1534 following)
2025-03-28 00:39:53,294 - INFO - FOLLOWING SCRAPER: ✓ thefineartcollective: Good candidate with 674 followers, 919 following
2025-03-28 00:39:53,294 - INFO - FOLLOWING SCRAPER: ✗ xidan_zhang: Too many connections (2743 followers, 902 following)
2025-03-28 00:39:53,294 - INFO - FOLLOWING SCRAPER: ✗ zihaosong: Too many connections (10 followers, 2448 following)
2025-03-28 00:39:53,294 - INFO - FOLLOWING SCRAPER: ✗ young.brando: Too many connections (17 followers, 2456 following)
2025-03-28 00:39:53,294 - INFO - FOLLOWING SCRAPER: ✗ gentleman.gasmask: Too many connections (364 followers, 1661 following)
2025-03-28 00:39:53,294 - INFO - FOLLOWING SCRAPER: ✗ yuukakazami0: Too many connections (1343 followers, 519 following)
2025-03-28 00:39:53,294 - INFO - FOLLOWING SCRAPER: ✗ cucny: Too many connections (2782 followers, 38 following)
2025-03-28 00:39:53,294 - INFO - FOLLOWING SCRAPER: ✗ thepennclub: Too many connections (4060 followers, 632 following)
2025-03-28 00:39:53,294 - INFO - FOLLOWING SCRAPER: ✗ lsmartfund: Too many connections (4171 followers, 586 following)
2025-03-28 00:39:53,294 - INFO - FOLLOWING SCRAPER: ✗ perpetual.passion: Too many connections (38 followers, 2352 following)
2025-03-28 00:39:53,294 - INFO - FOLLOWING SCRAPER: ✗ milanrecords: Too many connections (20 followers, 2860 following)
2025-03-28 00:39:53,294 - INFO - FOLLOWING SCRAPER: ✗ prophetconsulting: Too many connections (5423 followers, 300 following)
2025-03-28 00:39:53,294 - INFO - FOLLOWING SCRAPER: Found 14 accounts with reasonable follower/following counts
2025-03-28 00:39:53,294 - INFO - FOLLOWING SCRAPER: DEBUG: Sanitizing and saving 1862 links
2025-03-28 00:39:53,294 - INFO - FOLLOWING SCRAPER: DEBUG: After sanitization: 1862 links (removed 0)
2025-03-28 00:39:53,294 - INFO - FOLLOWING SCRAPER: DEBUG: Successfully saved 1862 links to instagram_data/followingLinks.txt
2025-03-28 00:39:53,294 - INFO - FOLLOWING SCRAPER: Links reordered to prioritize accounts with reasonable follower/following counts
2025-03-28 00:39:53,294 - INFO - FOLLOWING SCRAPER: Randomly selecting 57 accounts from 1862 available accounts
2025-03-28 00:39:53,294 - INFO - FOLLOWING SCRAPER: DEBUG: Processing randomly selected link #583/1862: https://www.instagram.com/interstellarsciencee/
2025-03-28 00:39:53,294 - INFO - FOLLOWING SCRAPER: DEBUG: Before processing - 1862 links in queue
2025-03-28 00:39:53,294 - INFO - FOLLOWING SCRAPER: DEBUG: Account interstellarsciencee in progress data with rate_limited=False
2025-03-28 00:39:53,294 - INFO - FOLLOWING SCRAPER: DEBUG: Skipping already processed account: interstellarsciencee
2025-03-28 00:39:53,294 - INFO - FOLLOWING SCRAPER: Error during batch processing: list.remove(x): x not in list
2025-03-28 00:39:53,294 - INFO - FOLLOWING SCRAPER: Browser closed. Script complete.
2025-03-28 00:39:53,558 - ERROR - DEBUG: ISSUE DETECTED - Queue size didn't decrease. Before: 1862, After: 1862, Diff: 0
2025-03-28 00:39:53,558 - INFO - DEBUG: Checking for duplicates after processing
2025-03-28 00:39:53,559 - INFO - No duplicate links found in instagram_data/followingLinks.txt
2025-03-28 00:39:53,559 - INFO - remove_processed_links function is disabled to allow re-scraping of potential rate-limited accounts
2025-03-28 00:39:53,559 - INFO - Following accounts scraping session completed with result: True
2025-03-28 00:39:53,559 - INFO - Sessions completed. Waiting 0 hours and 38 minutes before next sessions...
2025-03-28 01:18:47,635 - INFO - Current counts in status file - Followers: 881, Following: 1868
2025-03-28 01:18:47,636 - INFO - Current counts in status file - Followers: 881, Following: 1868
2025-03-28 01:18:47,637 - INFO - Starting new scraping session
2025-03-28 01:18:47,638 - INFO - Current counts in status file - Followers: 881, Following: 1868
2025-03-28 01:18:47,638 - INFO - Need to collect more following accounts: 1862/1868
2025-03-28 01:18:47,638 - INFO - Need to collect more followers: 879/881
2025-03-28 01:18:47,638 - INFO - Using 7 max pages for this session
2025-03-28 01:19:26,743 - INFO - SCRAPER: Logged in using button: //button[contains(.,'Log in')]
2025-03-28 01:19:26,749 - INFO - SCRAPER: Logged in successfully!
2025-03-28 01:19:26,749 - INFO - SCRAPER: Logged in as fretin98
2025-03-28 01:19:26,749 - INFO - SCRAPER: Resuming previous session...
2025-03-28 01:19:26,749 - INFO - SCRAPER: Loaded 879 followers and 1862 following from previous session
2025-03-28 01:19:26,749 - INFO - SCRAPER: Profile Stats: {'followers': 881, 'following': 1868, 'posts': 242}
2025-03-28 01:19:26,749 - INFO - Found profile stats line
2025-03-28 01:19:26,749 - INFO - SCRAPER: Followers: 881, Following: 1868
2025-03-28 01:19:26,749 - INFO - Extracted total followers: 881
2025-03-28 01:19:26,749 - INFO - Extracted total following: 1868
2025-03-28 01:19:26,749 - INFO - SCRAPER: Scraping followers...
2025-03-28 01:19:26,750 - INFO - SCRAPER: Already collected 879/881 followers (≥95%). Skipping followers scraping.
2025-03-28 01:19:26,750 - INFO - SCRAPER: Scraping following...
2025-03-28 01:19:26,752 - INFO - SCRAPER: Already collected 1862/1868 following accounts (≥95%). Skipping following scraping.
2025-03-28 01:19:26,752 - INFO - SCRAPER: Getting links to following accounts...
2025-03-28 01:19:26,752 - INFO - SCRAPER: Created 1862 following links from usernames
2025-03-28 01:19:26,752 - INFO - SCRAPER: Updated following links file: instagram_data/followingLinks.txt
2025-03-28 01:19:26,753 - INFO - SCRAPER: Updated adjacency list file: instagram_data/adjList.txt
2025-03-28 01:19:26,753 - INFO - SCRAPER: Added 0 new relationships (total: 25025)
2025-03-28 01:19:26,766 - INFO - SCRAPER: Retrieved 1862 following links
2025-03-28 01:19:26,766 - INFO - SCRAPER: Session completed successfully!
2025-03-28 01:19:26,766 - INFO - SCRAPER: Browser closed.
2025-03-28 01:19:27,021 - INFO - Updating status with dynamic counts - Followers: 881, Following: 1868
2025-03-28 01:19:27,024 - INFO - Saved data to instagram_data/auto_scrape_status.json
2025-03-28 01:19:27,024 - INFO - Now running a session to scrape following accounts network data...
2025-03-28 01:19:27,024 - INFO - Starting following accounts scraping session
2025-03-28 01:19:27,024 - INFO - remove_processed_links function is disabled to allow re-scraping of potential rate-limited accounts
2025-03-28 01:19:27,024 - INFO - DEBUG: Checking for duplicates before processing
2025-03-28 01:19:27,025 - INFO - No duplicate links found in instagram_data/followingLinks.txt
2025-03-28 01:19:27,025 - INFO - DEBUG: Before processing - 1862 accounts in queue
2025-03-28 01:19:27,032 - INFO - Using random batch size of 45 accounts for this session
2025-03-28 01:21:29,964 - INFO - FOLLOWING SCRAPER: DEBUG MODE ENABLED
2025-03-28 01:21:29,973 - INFO - FOLLOWING SCRAPER: Loaded scraping progress: 1474 accounts processed
2025-03-28 01:21:29,973 - INFO - FOLLOWING SCRAPER: Will process 45 accounts in this session
2025-03-28 01:21:29,973 - INFO - FOLLOWING SCRAPER: Logged in using button: //button[contains(.,'Log in')]
2025-03-28 01:21:29,973 - INFO - FOLLOWING SCRAPER: Logged in successfully!
2025-03-28 01:21:29,973 - INFO - FOLLOWING SCRAPER: Rate limit statistics: 1 accounts marked as rate-limited
2025-03-28 01:21:29,974 - INFO - FOLLOWING SCRAPER: Examples of rate-limited accounts: ['benton.down']
2025-03-28 01:21:29,974 - INFO - FOLLOWING SCRAPER: Loaded 1862 links from instagram_data/followingLinks.txt
2025-03-28 01:21:29,974 - INFO - FOLLOWING SCRAPER: Loaded adjacency list from instagram_data/adjList.txt
2025-03-28 01:21:29,974 - INFO - FOLLOWING SCRAPER: Deduplicating adjacency list...
2025-03-28 01:21:29,974 - INFO - FOLLOWING SCRAPER: No duplicates found in adjList.txt
2025-03-28 01:21:29,976 - INFO - FOLLOWING SCRAPER: DEBUG: Found 6161 already processed accounts in adjList.txt
2025-03-28 01:21:29,977 - INFO - FOLLOWING SCRAPER: Found 6161 accounts that have already been processed
2025-03-28 01:21:29,977 - INFO - FOLLOWING SCRAPER: Starting batch processing of 45 accounts
2025-03-28 01:21:29,977 - INFO - FOLLOWING SCRAPER: Pre-checking accounts to prioritize ones with reasonable follower/following counts...
2025-03-28 01:21:29,977 - INFO - FOLLOWING SCRAPER: ✓ shuheisakaue: Good candidate with 18 followers, 895 following
2025-03-28 01:21:29,977 - INFO - FOLLOWING SCRAPER: ✓ catsoupai: Good candidate with 189 followers, 189 following
2025-03-28 01:21:29,981 - INFO - FOLLOWING SCRAPER: ✓ soloslop.memes: Good candidate with 70 followers, 67 following
2025-03-28 01:21:29,982 - INFO - FOLLOWING SCRAPER: ✓ phillipsauction: Good candidate with 429 followers, 434 following
2025-03-28 01:21:29,982 - INFO - FOLLOWING SCRAPER: ✓ filmmovement: Good candidate with 12 followers, 708 following
2025-03-28 01:21:29,982 - INFO - FOLLOWING SCRAPER: ✗ rubahitam_: Too many connections (48 followers, 1153 following)
2025-03-28 01:21:29,982 - INFO - FOLLOWING SCRAPER: ✗ chinatown_cowboy.mp4: Too many connections (2384 followers, 0 following)
2025-03-28 01:21:29,982 - INFO - FOLLOWING SCRAPER: ✓ asian_redbozicowboy: Good candidate with 29 followers, 250 following
2025-03-28 01:21:29,982 - INFO - FOLLOWING SCRAPER: ✓ ccpxi_8964: Good candidate with 10 followers, 97 following
2025-03-28 01:21:29,982 - INFO - FOLLOWING SCRAPER: ✓ ngr.ev: Good candidate with 115 followers, 190 following
2025-03-28 01:21:29,982 - INFO - FOLLOWING SCRAPER: ✓ cinema_nighttt: Good candidate with 401 followers, 15 following
2025-03-28 01:21:29,985 - INFO - FOLLOWING SCRAPER: ✓ thedizzyviper: Good candidate with 179 followers, 903 following
2025-03-28 01:21:29,985 - INFO - FOLLOWING SCRAPER: ✗ arabbitsfoot: Too many connections (64 followers, 1570 following)
2025-03-28 01:21:29,986 - INFO - FOLLOWING SCRAPER: ✓ laclefrevival: Good candidate with 23 followers, 504 following
2025-03-28 01:21:29,986 - INFO - FOLLOWING SCRAPER: ✓ byboyfantasy: Good candidate with 83 followers, 608 following
2025-03-28 01:21:29,986 - INFO - FOLLOWING SCRAPER: ✓ manofdutch: Good candidate with 29 followers, 55 following
2025-03-28 01:21:29,986 - INFO - FOLLOWING SCRAPER: ✗ fernandosev7n: Too many connections (235 followers, 1534 following)
2025-03-28 01:21:29,986 - INFO - FOLLOWING SCRAPER: ✓ thefineartcollective: Good candidate with 674 followers, 919 following
2025-03-28 01:21:29,986 - INFO - FOLLOWING SCRAPER: ✗ xidan_zhang: Too many connections (2743 followers, 902 following)
2025-03-28 01:21:29,986 - INFO - FOLLOWING SCRAPER: ✗ zihaosong: Too many connections (10 followers, 2448 following)
2025-03-28 01:21:29,989 - INFO - FOLLOWING SCRAPER: ✗ young.brando: Too many connections (17 followers, 2456 following)
2025-03-28 01:21:29,989 - INFO - FOLLOWING SCRAPER: ✗ gentleman.gasmask: Too many connections (364 followers, 1661 following)
2025-03-28 01:21:29,989 - INFO - FOLLOWING SCRAPER: ✗ yuukakazami0: Too many connections (1343 followers, 519 following)
2025-03-28 01:21:29,989 - INFO - FOLLOWING SCRAPER: ✗ cucny: Too many connections (2783 followers, 38 following)
2025-03-28 01:21:29,989 - INFO - FOLLOWING SCRAPER: ✗ thepennclub: Too many connections (4059 followers, 632 following)
2025-03-28 01:21:29,989 - INFO - FOLLOWING SCRAPER: ✗ lsmartfund: Too many connections (4171 followers, 586 following)
2025-03-28 01:21:29,989 - INFO - FOLLOWING SCRAPER: Found 14 accounts with reasonable follower/following counts
2025-03-28 01:21:29,989 - INFO - FOLLOWING SCRAPER: DEBUG: Sanitizing and saving 1862 links
2025-03-28 01:21:29,989 - INFO - FOLLOWING SCRAPER: DEBUG: After sanitization: 1862 links (removed 0)
2025-03-28 01:21:29,990 - INFO - FOLLOWING SCRAPER: DEBUG: Successfully saved 1862 links to instagram_data/followingLinks.txt
2025-03-28 01:21:29,990 - INFO - FOLLOWING SCRAPER: Links reordered to prioritize accounts with reasonable follower/following counts
2025-03-28 01:21:29,990 - INFO - FOLLOWING SCRAPER: Randomly selecting 45 accounts from 1862 available accounts
2025-03-28 01:21:29,991 - INFO - FOLLOWING SCRAPER: DEBUG: Processing randomly selected link #1632/1862: https://www.instagram.com/zerch.fei/
2025-03-28 01:21:29,991 - INFO - FOLLOWING SCRAPER: DEBUG: Before processing - 1862 links in queue
2025-03-28 01:21:29,991 - INFO - FOLLOWING SCRAPER: DEBUG: Skipping already processed account: zerch.fei
2025-03-28 01:21:29,991 - INFO - FOLLOWING SCRAPER: Error during batch processing: list.remove(x): x not in list
2025-03-28 01:21:29,991 - INFO - FOLLOWING SCRAPER: Browser closed. Script complete.
2025-03-28 01:21:30,503 - ERROR - DEBUG: ISSUE DETECTED - Queue size didn't decrease. Before: 1862, After: 1862, Diff: 0
2025-03-28 01:21:30,503 - INFO - DEBUG: Checking for duplicates after processing
2025-03-28 01:21:30,505 - INFO - No duplicate links found in instagram_data/followingLinks.txt
2025-03-28 01:21:30,505 - INFO - remove_processed_links function is disabled to allow re-scraping of potential rate-limited accounts
2025-03-28 01:21:30,505 - INFO - Following accounts scraping session completed with result: True
2025-03-28 01:21:30,505 - INFO - Sessions completed. Waiting 0 hours and 39 minutes before next sessions...
2025-03-28 02:00:39,447 - INFO - Current counts in status file - Followers: 881, Following: 1868
2025-03-28 02:00:39,449 - INFO - Current counts in status file - Followers: 881, Following: 1868
2025-03-28 02:00:39,449 - INFO - It's 2:00, during pause hours. Waiting until morning.
2025-03-28 02:00:39,449 - INFO - Not safe to run right now. Waiting 60 minutes before checking again
2025-03-28 02:20:39,460 - INFO - Current counts in status file - Followers: 881, Following: 1868
2025-03-28 02:20:39,461 - INFO - Current counts in status file - Followers: 881, Following: 1868
2025-03-28 02:20:39,461 - INFO - It's 2:20, during pause hours. Waiting until morning.
2025-03-28 02:20:39,461 - INFO - Not safe to run right now. Waiting 60 minutes before checking again
2025-03-28 02:40:39,469 - INFO - Current counts in status file - Followers: 881, Following: 1868
2025-03-28 02:40:39,471 - INFO - Current counts in status file - Followers: 881, Following: 1868
2025-03-28 02:40:39,471 - INFO - It's 2:40, during pause hours. Waiting until morning.
2025-03-28 02:40:39,472 - INFO - Not safe to run right now. Waiting 60 minutes before checking again
2025-03-28 03:00:39,569 - INFO - Current counts in status file - Followers: 881, Following: 1868
2025-03-28 03:00:39,570 - INFO - Current counts in status file - Followers: 881, Following: 1868
2025-03-28 03:00:39,570 - INFO - It's 3:00, during pause hours. Waiting until morning.
2025-03-28 03:00:39,570 - INFO - Not safe to run right now. Waiting 60 minutes before checking again
2025-03-28 03:20:39,600 - INFO - Current counts in status file - Followers: 881, Following: 1868
2025-03-28 03:20:39,601 - INFO - Current counts in status file - Followers: 881, Following: 1868
2025-03-28 03:20:39,601 - INFO - It's 3:20, during pause hours. Waiting until morning.
2025-03-28 03:20:39,601 - INFO - Not safe to run right now. Waiting 60 minutes before checking again
2025-03-28 03:40:39,532 - INFO - Current counts in status file - Followers: 881, Following: 1868
2025-03-28 03:40:39,534 - INFO - Current counts in status file - Followers: 881, Following: 1868
2025-03-28 03:40:39,535 - INFO - It's 3:40, during pause hours. Waiting until morning.
2025-03-28 03:40:39,535 - INFO - Not safe to run right now. Waiting 60 minutes before checking again
2025-03-28 04:00:39,539 - INFO - Current counts in status file - Followers: 881, Following: 1868
2025-03-28 04:00:39,541 - INFO - Current counts in status file - Followers: 881, Following: 1868
2025-03-28 04:00:39,541 - INFO - Randomly skipping this session to create a more human-like pattern
2025-03-28 04:00:39,541 - INFO - Will check again in 38 minutes
2025-03-28 04:38:39,548 - INFO - Not safe to run right now. Waiting 60 minutes before checking again
2025-03-28 04:58:39,605 - INFO - Current counts in status file - Followers: 881, Following: 1868
2025-03-28 04:58:39,608 - INFO - Current counts in status file - Followers: 881, Following: 1868
2025-03-28 04:58:39,608 - INFO - It's 4:58, during pause hours. Waiting until morning.
2025-03-28 04:58:39,608 - INFO - Not safe to run right now. Waiting 60 minutes before checking again
2025-03-28 05:18:39,638 - INFO - Current counts in status file - Followers: 881, Following: 1868
2025-03-28 05:18:39,641 - INFO - Current counts in status file - Followers: 881, Following: 1868
2025-03-28 05:18:39,641 - INFO - It's 5:18, during pause hours. Waiting until morning.
2025-03-28 05:18:39,641 - INFO - Not safe to run right now. Waiting 60 minutes before checking again
2025-03-28 05:38:39,600 - INFO - Current counts in status file - Followers: 881, Following: 1868
2025-03-28 05:38:39,601 - INFO - Current counts in status file - Followers: 881, Following: 1868
2025-03-28 05:38:39,601 - INFO - It's 5:38, during pause hours. Waiting until morning.
2025-03-28 05:38:39,601 - INFO - Not safe to run right now. Waiting 60 minutes before checking again
2025-03-28 05:58:39,606 - INFO - Current counts in status file - Followers: 881, Following: 1868
2025-03-28 05:58:39,608 - INFO - Current counts in status file - Followers: 881, Following: 1868
2025-03-28 05:58:39,608 - INFO - It's 5:58, during pause hours. Waiting until morning.
2025-03-28 05:58:39,608 - INFO - Not safe to run right now. Waiting 60 minutes before checking again
2025-03-28 06:18:39,698 - INFO - Current counts in status file - Followers: 881, Following: 1868
2025-03-28 06:18:39,699 - INFO - Current counts in status file - Followers: 881, Following: 1868
2025-03-28 06:18:39,702 - INFO - Starting new scraping session
2025-03-28 06:18:39,703 - INFO - Current counts in status file - Followers: 881, Following: 1868
2025-03-28 06:18:39,703 - INFO - Need to collect more following accounts: 1862/1868
2025-03-28 06:18:39,703 - INFO - Need to collect more followers: 879/881
2025-03-28 06:18:39,703 - INFO - Using 6 max pages for this session
2025-03-28 06:19:12,771 - INFO - SCRAPER: Logged in using button: //button[contains(.,'Log in')]
2025-03-28 06:19:12,771 - INFO - SCRAPER: Logged in successfully!
2025-03-28 06:19:12,771 - INFO - SCRAPER: Logged in as fretin98
2025-03-28 06:19:12,772 - INFO - SCRAPER: Resuming previous session...
2025-03-28 06:19:12,772 - INFO - SCRAPER: Loaded 879 followers and 1862 following from previous session
2025-03-28 06:19:12,772 - INFO - SCRAPER: Profile Stats: {'followers': 881, 'following': 1868, 'posts': 242}
2025-03-28 06:19:12,772 - INFO - Found profile stats line
2025-03-28 06:19:12,772 - INFO - SCRAPER: Followers: 881, Following: 1868
2025-03-28 06:19:12,772 - INFO - Extracted total followers: 881
2025-03-28 06:19:12,772 - INFO - Extracted total following: 1868
2025-03-28 06:19:12,772 - INFO - SCRAPER: Scraping followers...
2025-03-28 06:19:12,772 - INFO - SCRAPER: Already collected 879/881 followers (≥95%). Skipping followers scraping.
2025-03-28 06:19:12,772 - INFO - SCRAPER: Scraping following...
2025-03-28 06:19:12,772 - INFO - SCRAPER: Already collected 1862/1868 following accounts (≥95%). Skipping following scraping.
2025-03-28 06:19:12,772 - INFO - SCRAPER: Getting links to following accounts...
2025-03-28 06:19:12,772 - INFO - SCRAPER: Created 1862 following links from usernames
2025-03-28 06:19:12,772 - INFO - SCRAPER: Updated following links file: instagram_data/followingLinks.txt
2025-03-28 06:19:12,772 - INFO - SCRAPER: Updated adjacency list file: instagram_data/adjList.txt
2025-03-28 06:19:12,772 - INFO - SCRAPER: Added 0 new relationships (total: 25025)
2025-03-28 06:19:12,772 - INFO - SCRAPER: Retrieved 1862 following links
2025-03-28 06:19:12,772 - INFO - SCRAPER: Session completed successfully!
2025-03-28 06:19:12,772 - INFO - SCRAPER: Browser closed.
2025-03-28 06:19:12,817 - INFO - Updating status with dynamic counts - Followers: 881, Following: 1868
2025-03-28 06:19:12,819 - INFO - Saved data to instagram_data/auto_scrape_status.json
2025-03-28 06:19:12,819 - INFO - Now running a session to scrape following accounts network data...
2025-03-28 06:19:12,819 - INFO - Starting following accounts scraping session
2025-03-28 06:19:12,819 - INFO - remove_processed_links function is disabled to allow re-scraping of potential rate-limited accounts
2025-03-28 06:19:12,819 - INFO - DEBUG: Checking for duplicates before processing
2025-03-28 06:19:12,820 - INFO - No duplicate links found in instagram_data/followingLinks.txt
2025-03-28 06:19:12,820 - INFO - DEBUG: Before processing - 1862 accounts in queue
2025-03-28 06:19:12,823 - INFO - Using random batch size of 42 accounts for this session
2025-03-28 06:20:50,299 - INFO - FOLLOWING SCRAPER: DEBUG MODE ENABLED
2025-03-28 06:20:50,301 - INFO - FOLLOWING SCRAPER: Loaded scraping progress: 1474 accounts processed
2025-03-28 06:20:50,301 - INFO - FOLLOWING SCRAPER: Will process 42 accounts in this session
2025-03-28 06:20:50,301 - INFO - FOLLOWING SCRAPER: Logged in using button: //button[contains(.,'Log in')]
2025-03-28 06:20:50,301 - INFO - FOLLOWING SCRAPER: Logged in successfully!
2025-03-28 06:20:50,301 - INFO - FOLLOWING SCRAPER: Rate limit statistics: 1 accounts marked as rate-limited
2025-03-28 06:20:50,301 - INFO - FOLLOWING SCRAPER: Examples of rate-limited accounts: ['benton.down']
2025-03-28 06:20:50,301 - INFO - FOLLOWING SCRAPER: Loaded 1862 links from instagram_data/followingLinks.txt
2025-03-28 06:20:50,301 - INFO - FOLLOWING SCRAPER: Loaded adjacency list from instagram_data/adjList.txt
2025-03-28 06:20:50,301 - INFO - FOLLOWING SCRAPER: Deduplicating adjacency list...
2025-03-28 06:20:50,301 - INFO - FOLLOWING SCRAPER: No duplicates found in adjList.txt
2025-03-28 06:20:50,301 - INFO - FOLLOWING SCRAPER: DEBUG: Found 6161 already processed accounts in adjList.txt
2025-03-28 06:20:50,301 - INFO - FOLLOWING SCRAPER: Found 6161 accounts that have already been processed
2025-03-28 06:20:50,301 - INFO - FOLLOWING SCRAPER: Starting batch processing of 42 accounts
2025-03-28 06:20:50,301 - INFO - FOLLOWING SCRAPER: Pre-checking accounts to prioritize ones with reasonable follower/following counts...
2025-03-28 06:20:50,301 - INFO - FOLLOWING SCRAPER: ✓ shuheisakaue: Good candidate with 18 followers, 895 following
2025-03-28 06:20:50,301 - INFO - FOLLOWING SCRAPER: ✓ catsoupai: Good candidate with 189 followers, 189 following
2025-03-28 06:20:50,301 - INFO - FOLLOWING SCRAPER: ✓ soloslop.memes: Good candidate with 70 followers, 67 following
2025-03-28 06:20:50,301 - INFO - FOLLOWING SCRAPER: ✓ phillipsauction: Good candidate with 429 followers, 434 following
2025-03-28 06:20:50,301 - INFO - FOLLOWING SCRAPER: ✓ filmmovement: Good candidate with 12 followers, 708 following
2025-03-28 06:20:50,302 - INFO - FOLLOWING SCRAPER: ✗ rubahitam_: Too many connections (48 followers, 1153 following)
2025-03-28 06:20:50,302 - INFO - FOLLOWING SCRAPER: ✗ chinatown_cowboy.mp4: Too many connections (2384 followers, 0 following)
2025-03-28 06:20:50,302 - INFO - FOLLOWING SCRAPER: ✓ asian_redbozicowboy: Good candidate with 29 followers, 250 following
2025-03-28 06:20:50,302 - INFO - FOLLOWING SCRAPER: ✓ ccpxi_8964: Good candidate with 10 followers, 97 following
2025-03-28 06:20:50,302 - INFO - FOLLOWING SCRAPER: ✓ ngr.ev: Good candidate with 115 followers, 190 following
2025-03-28 06:20:50,302 - INFO - FOLLOWING SCRAPER: ✓ cinema_nighttt: Good candidate with 401 followers, 15 following
2025-03-28 06:20:50,302 - INFO - FOLLOWING SCRAPER: ✓ thedizzyviper: Good candidate with 179 followers, 903 following
2025-03-28 06:20:50,302 - INFO - FOLLOWING SCRAPER: ✗ arabbitsfoot: Too many connections (64 followers, 1570 following)
2025-03-28 06:20:50,302 - INFO - FOLLOWING SCRAPER: ✓ laclefrevival: Good candidate with 23 followers, 504 following
2025-03-28 06:20:50,302 - INFO - FOLLOWING SCRAPER: ✓ byboyfantasy: Good candidate with 83 followers, 608 following
2025-03-28 06:20:50,302 - INFO - FOLLOWING SCRAPER: ✓ manofdutch: Good candidate with 29 followers, 55 following
2025-03-28 06:20:50,302 - INFO - FOLLOWING SCRAPER: ✗ fernandosev7n: Too many connections (235 followers, 1534 following)
2025-03-28 06:20:50,302 - INFO - FOLLOWING SCRAPER: ✓ thefineartcollective: Good candidate with 675 followers, 919 following
2025-03-28 06:20:50,302 - INFO - FOLLOWING SCRAPER: ✗ xidan_zhang: Too many connections (2743 followers, 902 following)
2025-03-28 06:20:50,302 - INFO - FOLLOWING SCRAPER: ✗ zihaosong: Too many connections (10 followers, 2448 following)
2025-03-28 06:20:50,302 - INFO - FOLLOWING SCRAPER: ✗ young.brando: Too many connections (17 followers, 2456 following)
2025-03-28 06:20:50,302 - INFO - FOLLOWING SCRAPER: ✗ gentleman.gasmask: Too many connections (364 followers, 1661 following)
2025-03-28 06:20:50,302 - INFO - FOLLOWING SCRAPER: ✗ yuukakazami0: Too many connections (1344 followers, 520 following)
2025-03-28 06:20:50,302 - INFO - FOLLOWING SCRAPER: ✗ cucny: Too many connections (2783 followers, 38 following)
2025-03-28 06:20:50,302 - INFO - FOLLOWING SCRAPER: ✗ thepennclub: Too many connections (4061 followers, 632 following)
2025-03-28 06:20:50,302 - INFO - FOLLOWING SCRAPER: Found 14 accounts with reasonable follower/following counts
2025-03-28 06:20:50,302 - INFO - FOLLOWING SCRAPER: DEBUG: Sanitizing and saving 1862 links
2025-03-28 06:20:50,303 - INFO - FOLLOWING SCRAPER: DEBUG: After sanitization: 1862 links (removed 0)
2025-03-28 06:20:50,303 - INFO - FOLLOWING SCRAPER: DEBUG: Successfully saved 1862 links to instagram_data/followingLinks.txt
2025-03-28 06:20:50,303 - INFO - FOLLOWING SCRAPER: Links reordered to prioritize accounts with reasonable follower/following counts
2025-03-28 06:20:50,303 - INFO - FOLLOWING SCRAPER: Randomly selecting 42 accounts from 1862 available accounts
2025-03-28 06:20:50,303 - INFO - FOLLOWING SCRAPER: DEBUG: Processing randomly selected link #989/1862: https://www.instagram.com/zilili.h/
2025-03-28 06:20:50,303 - INFO - FOLLOWING SCRAPER: DEBUG: Before processing - 1862 links in queue
2025-03-28 06:20:50,303 - INFO - FOLLOWING SCRAPER: DEBUG: Skipping already processed account: zilili.h
2025-03-28 06:20:50,303 - INFO - FOLLOWING SCRAPER: Error during batch processing: list.remove(x): x not in list
2025-03-28 06:20:50,303 - INFO - FOLLOWING SCRAPER: Browser closed. Script complete.
2025-03-28 06:20:50,498 - ERROR - DEBUG: ISSUE DETECTED - Queue size didn't decrease. Before: 1862, After: 1862, Diff: 0
2025-03-28 06:20:50,498 - INFO - DEBUG: Checking for duplicates after processing
2025-03-28 06:20:50,498 - INFO - No duplicate links found in instagram_data/followingLinks.txt
2025-03-28 06:20:50,498 - INFO - remove_processed_links function is disabled to allow re-scraping of potential rate-limited accounts
2025-03-28 06:20:50,498 - INFO - Following accounts scraping session completed with result: True
2025-03-28 06:20:50,498 - INFO - Sessions completed. Waiting 0 hours and 37 minutes before next sessions...
2025-03-28 06:57:52,482 - INFO - Current counts in status file - Followers: 881, Following: 1868
2025-03-28 06:57:52,484 - INFO - Current counts in status file - Followers: 881, Following: 1868
2025-03-28 06:57:52,486 - INFO - Starting new scraping session
2025-03-28 06:57:52,487 - INFO - Current counts in status file - Followers: 881, Following: 1868
2025-03-28 06:57:52,487 - INFO - Need to collect more following accounts: 1862/1868
2025-03-28 06:57:52,487 - INFO - Need to collect more followers: 879/881
2025-03-28 06:57:52,487 - INFO - Using 8 max pages for this session
2025-03-28 06:58:25,072 - INFO - SCRAPER: Logged in using button: //button[contains(.,'Log in')]
2025-03-28 06:58:25,073 - INFO - SCRAPER: Logged in successfully!
2025-03-28 06:58:25,073 - INFO - SCRAPER: Logged in as fretin98
2025-03-28 06:58:25,073 - INFO - SCRAPER: Resuming previous session...
2025-03-28 06:58:25,073 - INFO - SCRAPER: Loaded 879 followers and 1862 following from previous session
2025-03-28 06:58:25,073 - INFO - SCRAPER: Profile Stats: {'followers': 881, 'following': 1868, 'posts': 242}
2025-03-28 06:58:25,073 - INFO - Found profile stats line
2025-03-28 06:58:25,073 - INFO - SCRAPER: Followers: 881, Following: 1868
2025-03-28 06:58:25,073 - INFO - Extracted total followers: 881
2025-03-28 06:58:25,073 - INFO - Extracted total following: 1868
2025-03-28 06:58:25,073 - INFO - SCRAPER: Scraping followers...
2025-03-28 06:58:25,073 - INFO - SCRAPER: Already collected 879/881 followers (≥95%). Skipping followers scraping.
2025-03-28 06:58:25,073 - INFO - SCRAPER: Scraping following...
2025-03-28 06:58:25,073 - INFO - SCRAPER: Already collected 1862/1868 following accounts (≥95%). Skipping following scraping.
2025-03-28 06:58:25,073 - INFO - SCRAPER: Getting links to following accounts...
2025-03-28 06:58:25,073 - INFO - SCRAPER: Created 1862 following links from usernames
2025-03-28 06:58:25,073 - INFO - SCRAPER: Updated following links file: instagram_data/followingLinks.txt
2025-03-28 06:58:25,073 - INFO - SCRAPER: Updated adjacency list file: instagram_data/adjList.txt
2025-03-28 06:58:25,073 - INFO - SCRAPER: Added 0 new relationships (total: 25025)
2025-03-28 06:58:25,073 - INFO - SCRAPER: Retrieved 1862 following links
2025-03-28 06:58:25,073 - INFO - SCRAPER: Session completed successfully!
2025-03-28 06:58:25,074 - INFO - SCRAPER: Browser closed.
2025-03-28 06:58:25,126 - INFO - Updating status with dynamic counts - Followers: 881, Following: 1868
2025-03-28 06:58:25,127 - INFO - Saved data to instagram_data/auto_scrape_status.json
2025-03-28 06:58:25,127 - INFO - Now running a session to scrape following accounts network data...
2025-03-28 06:58:25,127 - INFO - Starting following accounts scraping session
2025-03-28 06:58:25,127 - INFO - remove_processed_links function is disabled to allow re-scraping of potential rate-limited accounts
2025-03-28 06:58:25,127 - INFO - DEBUG: Checking for duplicates before processing
2025-03-28 06:58:25,127 - INFO - No duplicate links found in instagram_data/followingLinks.txt
2025-03-28 06:58:25,127 - INFO - DEBUG: Before processing - 1862 accounts in queue
2025-03-28 06:58:25,130 - INFO - Using random batch size of 58 accounts for this session
2025-03-28 07:00:10,115 - INFO - FOLLOWING SCRAPER: DEBUG MODE ENABLED
2025-03-28 07:00:10,116 - INFO - FOLLOWING SCRAPER: Loaded scraping progress: 1474 accounts processed
2025-03-28 07:00:10,116 - INFO - FOLLOWING SCRAPER: Will process 58 accounts in this session
2025-03-28 07:00:10,116 - INFO - FOLLOWING SCRAPER: Logged in using button: //button[contains(.,'Log in')]
2025-03-28 07:00:10,116 - INFO - FOLLOWING SCRAPER: Logged in successfully!
2025-03-28 07:00:10,116 - INFO - FOLLOWING SCRAPER: Rate limit statistics: 1 accounts marked as rate-limited
2025-03-28 07:00:10,116 - INFO - FOLLOWING SCRAPER: Examples of rate-limited accounts: ['benton.down']
2025-03-28 07:00:10,116 - INFO - FOLLOWING SCRAPER: Loaded 1862 links from instagram_data/followingLinks.txt
2025-03-28 07:00:10,116 - INFO - FOLLOWING SCRAPER: Loaded adjacency list from instagram_data/adjList.txt
2025-03-28 07:00:10,116 - INFO - FOLLOWING SCRAPER: Deduplicating adjacency list...
2025-03-28 07:00:10,116 - INFO - FOLLOWING SCRAPER: No duplicates found in adjList.txt
2025-03-28 07:00:10,116 - INFO - FOLLOWING SCRAPER: DEBUG: Found 6161 already processed accounts in adjList.txt
2025-03-28 07:00:10,116 - INFO - FOLLOWING SCRAPER: Found 6161 accounts that have already been processed
2025-03-28 07:00:10,116 - INFO - FOLLOWING SCRAPER: Starting batch processing of 58 accounts
2025-03-28 07:00:10,116 - INFO - FOLLOWING SCRAPER: Pre-checking accounts to prioritize ones with reasonable follower/following counts...
2025-03-28 07:00:10,116 - INFO - FOLLOWING SCRAPER: ✓ shuheisakaue: Good candidate with 18 followers, 895 following
2025-03-28 07:00:10,116 - INFO - FOLLOWING SCRAPER: ✓ catsoupai: Good candidate with 189 followers, 189 following
2025-03-28 07:00:10,116 - INFO - FOLLOWING SCRAPER: ✓ soloslop.memes: Good candidate with 70 followers, 67 following
2025-03-28 07:00:10,116 - INFO - FOLLOWING SCRAPER: ✓ phillipsauction: Good candidate with 429 followers, 434 following
2025-03-28 07:00:10,116 - INFO - FOLLOWING SCRAPER: ✓ filmmovement: Good candidate with 12 followers, 708 following
2025-03-28 07:00:10,117 - INFO - FOLLOWING SCRAPER: ✗ rubahitam_: Too many connections (48 followers, 1153 following)
2025-03-28 07:00:10,117 - INFO - FOLLOWING SCRAPER: ✗ chinatown_cowboy.mp4: Too many connections (2384 followers, 0 following)
2025-03-28 07:00:10,117 - INFO - FOLLOWING SCRAPER: ✓ asian_redbozicowboy: Good candidate with 29 followers, 250 following
2025-03-28 07:00:10,117 - INFO - FOLLOWING SCRAPER: ✓ ccpxi_8964: Good candidate with 10 followers, 97 following
2025-03-28 07:00:10,117 - INFO - FOLLOWING SCRAPER: ✓ ngr.ev: Good candidate with 115 followers, 190 following
2025-03-28 07:00:10,117 - INFO - FOLLOWING SCRAPER: ✓ cinema_nighttt: Good candidate with 401 followers, 15 following
2025-03-28 07:00:10,117 - INFO - FOLLOWING SCRAPER: ✓ thedizzyviper: Good candidate with 179 followers, 903 following
2025-03-28 07:00:10,117 - INFO - FOLLOWING SCRAPER: ✗ arabbitsfoot: Too many connections (64 followers, 1570 following)
2025-03-28 07:00:10,117 - INFO - FOLLOWING SCRAPER: ✓ laclefrevival: Good candidate with 23 followers, 504 following
2025-03-28 07:00:10,117 - INFO - FOLLOWING SCRAPER: ✓ byboyfantasy: Good candidate with 83 followers, 608 following
2025-03-28 07:00:10,117 - INFO - FOLLOWING SCRAPER: ✓ manofdutch: Good candidate with 29 followers, 55 following
2025-03-28 07:00:10,117 - INFO - FOLLOWING SCRAPER: ✗ fernandosev7n: Too many connections (235 followers, 1534 following)
2025-03-28 07:00:10,117 - INFO - FOLLOWING SCRAPER: ✓ thefineartcollective: Good candidate with 675 followers, 919 following
2025-03-28 07:00:10,117 - INFO - FOLLOWING SCRAPER: ✗ xidan_zhang: Too many connections (2743 followers, 902 following)
2025-03-28 07:00:10,117 - INFO - FOLLOWING SCRAPER: ✗ zihaosong: Too many connections (10 followers, 2448 following)
2025-03-28 07:00:10,117 - INFO - FOLLOWING SCRAPER: ✗ young.brando: Too many connections (17 followers, 2456 following)
2025-03-28 07:00:10,117 - INFO - FOLLOWING SCRAPER: ✗ gentleman.gasmask: Too many connections (364 followers, 1661 following)
2025-03-28 07:00:10,117 - INFO - FOLLOWING SCRAPER: ✗ yuukakazami0: Too many connections (1344 followers, 520 following)
2025-03-28 07:00:10,117 - INFO - FOLLOWING SCRAPER: ✗ cucny: Too many connections (2783 followers, 38 following)
2025-03-28 07:00:10,117 - INFO - FOLLOWING SCRAPER: ✗ thepennclub: Too many connections (4061 followers, 632 following)
2025-03-28 07:00:10,117 - INFO - FOLLOWING SCRAPER: ✗ lsmartfund: Too many connections (4172 followers, 586 following)
2025-03-28 07:00:10,117 - INFO - FOLLOWING SCRAPER: ✗ perpetual.passion: Too many connections (38 followers, 2352 following)
2025-03-28 07:00:10,118 - INFO - FOLLOWING SCRAPER: ✗ milanrecords: Too many connections (20 followers, 2860 following)
2025-03-28 07:00:10,118 - INFO - FOLLOWING SCRAPER: ✗ prophetconsulting: Too many connections (5422 followers, 300 following)
2025-03-28 07:00:10,118 - INFO - FOLLOWING SCRAPER: Found 14 accounts with reasonable follower/following counts
2025-03-28 07:00:10,118 - INFO - FOLLOWING SCRAPER: DEBUG: Sanitizing and saving 1862 links
2025-03-28 07:00:10,118 - INFO - FOLLOWING SCRAPER: DEBUG: After sanitization: 1862 links (removed 0)
2025-03-28 07:00:10,118 - INFO - FOLLOWING SCRAPER: DEBUG: Successfully saved 1862 links to instagram_data/followingLinks.txt
2025-03-28 07:00:10,118 - INFO - FOLLOWING SCRAPER: Links reordered to prioritize accounts with reasonable follower/following counts
2025-03-28 07:00:10,118 - INFO - FOLLOWING SCRAPER: Randomly selecting 58 accounts from 1862 available accounts
2025-03-28 07:00:10,118 - INFO - FOLLOWING SCRAPER: DEBUG: Processing randomly selected link #1795/1862: https://www.instagram.com/smallgeorgy/
2025-03-28 07:00:10,118 - INFO - FOLLOWING SCRAPER: DEBUG: Before processing - 1862 links in queue
2025-03-28 07:00:10,118 - INFO - FOLLOWING SCRAPER: DEBUG: Account smallgeorgy in progress data with rate_limited=False
2025-03-28 07:00:10,118 - INFO - FOLLOWING SCRAPER: DEBUG: Skipping already processed account: smallgeorgy
2025-03-28 07:00:10,118 - INFO - FOLLOWING SCRAPER: Error during batch processing: list.remove(x): x not in list
2025-03-28 07:00:10,118 - INFO - FOLLOWING SCRAPER: Browser closed. Script complete.
2025-03-28 07:00:10,410 - ERROR - DEBUG: ISSUE DETECTED - Queue size didn't decrease. Before: 1862, After: 1862, Diff: 0
2025-03-28 07:00:10,410 - INFO - DEBUG: Checking for duplicates after processing
2025-03-28 07:00:10,410 - INFO - No duplicate links found in instagram_data/followingLinks.txt
2025-03-28 07:00:10,410 - INFO - remove_processed_links function is disabled to allow re-scraping of potential rate-limited accounts
2025-03-28 07:00:10,411 - INFO - Following accounts scraping session completed with result: True
2025-03-28 07:00:10,411 - INFO - Sessions completed. Waiting 0 hours and 22 minutes before next sessions...
2025-03-28 07:22:13,452 - INFO - Current counts in status file - Followers: 881, Following: 1868
2025-03-28 07:22:13,453 - INFO - Current counts in status file - Followers: 881, Following: 1868
2025-03-28 07:22:13,454 - INFO - Randomly skipping this session to create a more human-like pattern
2025-03-28 07:22:13,454 - INFO - Will check again in 44 minutes
2025-03-28 08:06:13,409 - INFO - Not safe to run right now. Waiting 60 minutes before checking again
2025-03-28 08:26:13,421 - INFO - Current counts in status file - Followers: 881, Following: 1868
2025-03-28 08:26:13,422 - INFO - Current counts in status file - Followers: 881, Following: 1868
2025-03-28 08:26:13,424 - INFO - Starting new scraping session
2025-03-28 08:26:13,425 - INFO - Current counts in status file - Followers: 881, Following: 1868
2025-03-28 08:26:13,425 - INFO - Need to collect more following accounts: 1862/1868
2025-03-28 08:26:13,425 - INFO - Need to collect more followers: 879/881
2025-03-28 08:26:13,425 - INFO - Using 5 max pages for this session
2025-03-28 08:26:46,184 - INFO - SCRAPER: Logged in using button: //button[contains(.,'Log in')]
2025-03-28 08:26:46,185 - INFO - SCRAPER: Logged in successfully!
2025-03-28 08:26:46,185 - INFO - SCRAPER: Logged in as fretin98
2025-03-28 08:26:46,185 - INFO - SCRAPER: Resuming previous session...
2025-03-28 08:26:46,185 - INFO - SCRAPER: Loaded 879 followers and 1862 following from previous session
2025-03-28 08:26:46,185 - INFO - SCRAPER: Profile Stats: {'followers': 881, 'following': 1868, 'posts': 242}
2025-03-28 08:26:46,185 - INFO - Found profile stats line
2025-03-28 08:26:46,186 - INFO - SCRAPER: Followers: 881, Following: 1868
2025-03-28 08:26:46,186 - INFO - Extracted total followers: 881
2025-03-28 08:26:46,186 - INFO - Extracted total following: 1868
2025-03-28 08:26:46,186 - INFO - SCRAPER: Scraping followers...
2025-03-28 08:26:46,186 - INFO - SCRAPER: Already collected 879/881 followers (≥95%). Skipping followers scraping.
2025-03-28 08:26:46,186 - INFO - SCRAPER: Scraping following...
2025-03-28 08:26:46,192 - INFO - SCRAPER: Already collected 1862/1868 following accounts (≥95%). Skipping following scraping.
2025-03-28 08:26:46,192 - INFO - SCRAPER: Getting links to following accounts...
2025-03-28 08:26:46,192 - INFO - SCRAPER: Created 1862 following links from usernames
2025-03-28 08:26:46,192 - INFO - SCRAPER: Updated following links file: instagram_data/followingLinks.txt
2025-03-28 08:26:46,192 - INFO - SCRAPER: Updated adjacency list file: instagram_data/adjList.txt
2025-03-28 08:26:46,192 - INFO - SCRAPER: Added 0 new relationships (total: 25025)
2025-03-28 08:26:46,192 - INFO - SCRAPER: Retrieved 1862 following links
2025-03-28 08:26:46,192 - INFO - SCRAPER: Session completed successfully!
2025-03-28 08:26:46,192 - INFO - SCRAPER: Browser closed.
2025-03-28 08:26:46,261 - INFO - Updating status with dynamic counts - Followers: 881, Following: 1868
2025-03-28 08:26:46,263 - INFO - Saved data to instagram_data/auto_scrape_status.json
2025-03-28 08:26:46,263 - INFO - Now running a session to scrape following accounts network data...
2025-03-28 08:26:46,263 - INFO - Starting following accounts scraping session
2025-03-28 08:26:46,263 - INFO - remove_processed_links function is disabled to allow re-scraping of potential rate-limited accounts
2025-03-28 08:26:46,263 - INFO - DEBUG: Checking for duplicates before processing
2025-03-28 08:26:46,263 - INFO - No duplicate links found in instagram_data/followingLinks.txt
2025-03-28 08:26:46,263 - INFO - DEBUG: Before processing - 1862 accounts in queue
2025-03-28 08:26:46,268 - INFO - Using random batch size of 41 accounts for this session
2025-03-28 08:28:25,250 - INFO - FOLLOWING SCRAPER: DEBUG MODE ENABLED
2025-03-28 08:28:25,252 - INFO - FOLLOWING SCRAPER: Loaded scraping progress: 1474 accounts processed
2025-03-28 08:28:25,252 - INFO - FOLLOWING SCRAPER: Will process 41 accounts in this session
2025-03-28 08:28:25,252 - INFO - FOLLOWING SCRAPER: Logged in using button: //button[contains(.,'Log in')]
2025-03-28 08:28:25,252 - INFO - FOLLOWING SCRAPER: Logged in successfully!
2025-03-28 08:28:25,252 - INFO - FOLLOWING SCRAPER: Rate limit statistics: 1 accounts marked as rate-limited
2025-03-28 08:28:25,252 - INFO - FOLLOWING SCRAPER: Examples of rate-limited accounts: ['benton.down']
2025-03-28 08:28:25,252 - INFO - FOLLOWING SCRAPER: Loaded 1862 links from instagram_data/followingLinks.txt
2025-03-28 08:28:25,252 - INFO - FOLLOWING SCRAPER: Loaded adjacency list from instagram_data/adjList.txt
2025-03-28 08:28:25,252 - INFO - FOLLOWING SCRAPER: Deduplicating adjacency list...
2025-03-28 08:28:25,252 - INFO - FOLLOWING SCRAPER: No duplicates found in adjList.txt
2025-03-28 08:28:25,252 - INFO - FOLLOWING SCRAPER: DEBUG: Found 6161 already processed accounts in adjList.txt
2025-03-28 08:28:25,252 - INFO - FOLLOWING SCRAPER: Found 6161 accounts that have already been processed
2025-03-28 08:28:25,252 - INFO - FOLLOWING SCRAPER: Starting batch processing of 41 accounts
2025-03-28 08:28:25,252 - INFO - FOLLOWING SCRAPER: Pre-checking accounts to prioritize ones with reasonable follower/following counts...
2025-03-28 08:28:25,252 - INFO - FOLLOWING SCRAPER: ✓ shuheisakaue: Good candidate with 18 followers, 895 following
2025-03-28 08:28:25,252 - INFO - FOLLOWING SCRAPER: ✓ catsoupai: Good candidate with 189 followers, 189 following
2025-03-28 08:28:25,252 - INFO - FOLLOWING SCRAPER: ✓ soloslop.memes: Good candidate with 70 followers, 67 following
2025-03-28 08:28:25,252 - INFO - FOLLOWING SCRAPER: ✓ phillipsauction: Good candidate with 429 followers, 434 following
2025-03-28 08:28:25,252 - INFO - FOLLOWING SCRAPER: ✓ filmmovement: Good candidate with 12 followers, 708 following
2025-03-28 08:28:25,252 - INFO - FOLLOWING SCRAPER: ✗ rubahitam_: Too many connections (48 followers, 1152 following)
2025-03-28 08:28:25,252 - INFO - FOLLOWING SCRAPER: ✗ chinatown_cowboy.mp4: Too many connections (2384 followers, 0 following)
2025-03-28 08:28:25,252 - INFO - FOLLOWING SCRAPER: ✓ asian_redbozicowboy: Good candidate with 29 followers, 250 following
2025-03-28 08:28:25,252 - INFO - FOLLOWING SCRAPER: ✓ ccpxi_8964: Good candidate with 10 followers, 97 following
2025-03-28 08:28:25,252 - INFO - FOLLOWING SCRAPER: ✓ ngr.ev: Good candidate with 115 followers, 190 following
2025-03-28 08:28:25,252 - INFO - FOLLOWING SCRAPER: ✓ cinema_nighttt: Good candidate with 401 followers, 15 following
2025-03-28 08:28:25,252 - INFO - FOLLOWING SCRAPER: ✓ thedizzyviper: Good candidate with 179 followers, 903 following
2025-03-28 08:28:25,252 - INFO - FOLLOWING SCRAPER: ✗ arabbitsfoot: Too many connections (65 followers, 1570 following)
2025-03-28 08:28:25,252 - INFO - FOLLOWING SCRAPER: ✓ laclefrevival: Good candidate with 23 followers, 504 following
2025-03-28 08:28:25,252 - INFO - FOLLOWING SCRAPER: ✓ byboyfantasy: Good candidate with 83 followers, 608 following
2025-03-28 08:28:25,252 - INFO - FOLLOWING SCRAPER: ✓ manofdutch: Good candidate with 29 followers, 55 following
2025-03-28 08:28:25,252 - INFO - FOLLOWING SCRAPER: ✗ fernandosev7n: Too many connections (235 followers, 1534 following)
2025-03-28 08:28:25,252 - INFO - FOLLOWING SCRAPER: ✓ thefineartcollective: Good candidate with 675 followers, 920 following
2025-03-28 08:28:25,252 - INFO - FOLLOWING SCRAPER: ✗ xidan_zhang: Too many connections (2743 followers, 902 following)
2025-03-28 08:28:25,252 - INFO - FOLLOWING SCRAPER: ✗ zihaosong: Too many connections (10 followers, 2448 following)
2025-03-28 08:28:25,252 - INFO - FOLLOWING SCRAPER: ✗ young.brando: Too many connections (17 followers, 2456 following)
2025-03-28 08:28:25,252 - INFO - FOLLOWING SCRAPER: ✗ gentleman.gasmask: Too many connections (364 followers, 1661 following)
2025-03-28 08:28:25,252 - INFO - FOLLOWING SCRAPER: ✗ yuukakazami0: Too many connections (1344 followers, 520 following)
2025-03-28 08:28:25,252 - INFO - FOLLOWING SCRAPER: ✗ cucny: Too many connections (2783 followers, 38 following)
2025-03-28 08:28:25,252 - INFO - FOLLOWING SCRAPER: ✗ thepennclub: Too many connections (4061 followers, 632 following)
2025-03-28 08:28:25,252 - INFO - FOLLOWING SCRAPER: Found 14 accounts with reasonable follower/following counts
2025-03-28 08:28:25,252 - INFO - FOLLOWING SCRAPER: DEBUG: Sanitizing and saving 1862 links
2025-03-28 08:28:25,252 - INFO - FOLLOWING SCRAPER: DEBUG: After sanitization: 1862 links (removed 0)
2025-03-28 08:28:25,252 - INFO - FOLLOWING SCRAPER: DEBUG: Successfully saved 1862 links to instagram_data/followingLinks.txt
2025-03-28 08:28:25,252 - INFO - FOLLOWING SCRAPER: Links reordered to prioritize accounts with reasonable follower/following counts
2025-03-28 08:28:25,252 - INFO - FOLLOWING SCRAPER: Randomly selecting 41 accounts from 1862 available accounts
2025-03-28 08:28:25,252 - INFO - FOLLOWING SCRAPER: DEBUG: Processing randomly selected link #1147/1862: https://www.instagram.com/vicwang1025/
2025-03-28 08:28:25,252 - INFO - FOLLOWING SCRAPER: DEBUG: Before processing - 1862 links in queue
2025-03-28 08:28:25,252 - INFO - FOLLOWING SCRAPER: DEBUG: Account vicwang1025 in progress data with rate_limited=False
2025-03-28 08:28:25,252 - INFO - FOLLOWING SCRAPER: Processing: https://www.instagram.com/vicwang1025/
2025-03-28 08:28:25,252 - INFO - FOLLOWING SCRAPER: Account vicwang1025 already fully processed. Skipping.
2025-03-28 08:28:25,253 - INFO - FOLLOWING SCRAPER: DEBUG: Removing link from queue: https://www.instagram.com/vicwang1025/
2025-03-28 08:28:25,253 - INFO - FOLLOWING SCRAPER: Error processing https://www.instagram.com/vicwang1025/: list.remove(x): x not in list
2025-03-28 08:28:25,253 - INFO - FOLLOWING SCRAPER: DEBUG: Moving failed link to end of queue: https://www.instagram.com/vicwang1025/
2025-03-28 08:28:25,253 - INFO - FOLLOWING SCRAPER: Error during batch processing: list.remove(x): x not in list
2025-03-28 08:28:25,253 - INFO - FOLLOWING SCRAPER: Browser closed. Script complete.
2025-03-28 08:28:25,465 - ERROR - DEBUG: ISSUE DETECTED - Queue size didn't decrease. Before: 1862, After: 1862, Diff: 0
2025-03-28 08:28:25,465 - INFO - DEBUG: Checking for duplicates after processing
2025-03-28 08:28:25,466 - INFO - No duplicate links found in instagram_data/followingLinks.txt
2025-03-28 08:28:25,466 - INFO - remove_processed_links function is disabled to allow re-scraping of potential rate-limited accounts
2025-03-28 08:28:25,466 - INFO - Following accounts scraping session completed with result: True
2025-03-28 08:28:25,466 - INFO - Sessions completed. Waiting 0 hours and 28 minutes before next sessions...
2025-03-28 08:56:33,464 - INFO - Current counts in status file - Followers: 881, Following: 1868
2025-03-28 08:56:33,467 - INFO - Current counts in status file - Followers: 881, Following: 1868
2025-03-28 08:56:33,470 - INFO - Starting new scraping session
2025-03-28 08:56:33,471 - INFO - Current counts in status file - Followers: 881, Following: 1868
2025-03-28 08:56:33,471 - INFO - Need to collect more following accounts: 1862/1868
2025-03-28 08:56:33,471 - INFO - Need to collect more followers: 879/881
2025-03-28 08:56:33,471 - INFO - Using 5 max pages for this session
2025-03-28 08:57:06,033 - INFO - SCRAPER: Logged in using button: //button[contains(.,'Log in')]
2025-03-28 08:57:06,033 - INFO - SCRAPER: Logged in successfully!
2025-03-28 08:57:06,033 - INFO - SCRAPER: Logged in as fretin98
2025-03-28 08:57:06,034 - INFO - SCRAPER: Resuming previous session...
2025-03-28 08:57:06,034 - INFO - SCRAPER: Loaded 879 followers and 1862 following from previous session
2025-03-28 08:57:06,034 - INFO - SCRAPER: Profile Stats: {'followers': 881, 'following': 1868, 'posts': 242}
2025-03-28 08:57:06,034 - INFO - Found profile stats line
2025-03-28 08:57:06,034 - INFO - SCRAPER: Followers: 881, Following: 1868
2025-03-28 08:57:06,034 - INFO - Extracted total followers: 881
2025-03-28 08:57:06,034 - INFO - Extracted total following: 1868
2025-03-28 08:57:06,034 - INFO - SCRAPER: Scraping followers...
2025-03-28 08:57:06,034 - INFO - SCRAPER: Already collected 879/881 followers (≥95%). Skipping followers scraping.
2025-03-28 08:57:06,034 - INFO - SCRAPER: Scraping following...
2025-03-28 08:57:06,034 - INFO - SCRAPER: Already collected 1862/1868 following accounts (≥95%). Skipping following scraping.
2025-03-28 08:57:06,034 - INFO - SCRAPER: Getting links to following accounts...
2025-03-28 08:57:06,034 - INFO - SCRAPER: Created 1862 following links from usernames
2025-03-28 08:57:06,034 - INFO - SCRAPER: Updated following links file: instagram_data/followingLinks.txt
2025-03-28 08:57:06,034 - INFO - SCRAPER: Updated adjacency list file: instagram_data/adjList.txt
2025-03-28 08:57:06,034 - INFO - SCRAPER: Added 0 new relationships (total: 25025)
2025-03-28 08:57:06,034 - INFO - SCRAPER: Retrieved 1862 following links
2025-03-28 08:57:06,034 - INFO - SCRAPER: Session completed successfully!
2025-03-28 08:57:06,034 - INFO - SCRAPER: Browser closed.
2025-03-28 08:57:06,366 - INFO - Updating status with dynamic counts - Followers: 881, Following: 1868
2025-03-28 08:57:06,371 - INFO - Saved data to instagram_data/auto_scrape_status.json
2025-03-28 08:57:06,371 - INFO - Now running a session to scrape following accounts network data...
2025-03-28 08:57:06,371 - INFO - Starting following accounts scraping session
2025-03-28 08:57:06,371 - INFO - remove_processed_links function is disabled to allow re-scraping of potential rate-limited accounts
2025-03-28 08:57:06,371 - INFO - DEBUG: Checking for duplicates before processing
2025-03-28 08:57:06,372 - INFO - No duplicate links found in instagram_data/followingLinks.txt
2025-03-28 08:57:06,373 - INFO - DEBUG: Before processing - 1862 accounts in queue
2025-03-28 08:57:06,377 - INFO - Using random batch size of 59 accounts for this session
2025-03-28 08:58:52,050 - INFO - FOLLOWING SCRAPER: DEBUG MODE ENABLED
2025-03-28 08:58:52,053 - INFO - FOLLOWING SCRAPER: Loaded scraping progress: 1474 accounts processed
2025-03-28 08:58:52,053 - INFO - FOLLOWING SCRAPER: Will process 59 accounts in this session
2025-03-28 08:58:52,053 - INFO - FOLLOWING SCRAPER: Logged in using button: //button[contains(.,'Log in')]
2025-03-28 08:58:52,053 - INFO - FOLLOWING SCRAPER: Logged in successfully!
2025-03-28 08:58:52,053 - INFO - FOLLOWING SCRAPER: Rate limit statistics: 1 accounts marked as rate-limited
2025-03-28 08:58:52,053 - INFO - FOLLOWING SCRAPER: Examples of rate-limited accounts: ['benton.down']
2025-03-28 08:58:52,053 - INFO - FOLLOWING SCRAPER: Loaded 1862 links from instagram_data/followingLinks.txt
2025-03-28 08:58:52,053 - INFO - FOLLOWING SCRAPER: Loaded adjacency list from instagram_data/adjList.txt
2025-03-28 08:58:52,053 - INFO - FOLLOWING SCRAPER: Deduplicating adjacency list...
2025-03-28 08:58:52,053 - INFO - FOLLOWING SCRAPER: No duplicates found in adjList.txt
2025-03-28 08:58:52,054 - INFO - FOLLOWING SCRAPER: DEBUG: Found 6161 already processed accounts in adjList.txt
2025-03-28 08:58:52,054 - INFO - FOLLOWING SCRAPER: Found 6161 accounts that have already been processed
2025-03-28 08:58:52,054 - INFO - FOLLOWING SCRAPER: Starting batch processing of 59 accounts
2025-03-28 08:58:52,054 - INFO - FOLLOWING SCRAPER: Pre-checking accounts to prioritize ones with reasonable follower/following counts...
2025-03-28 08:58:52,054 - INFO - FOLLOWING SCRAPER: ✓ shuheisakaue: Good candidate with 18 followers, 895 following
2025-03-28 08:58:52,054 - INFO - FOLLOWING SCRAPER: ✓ catsoupai: Good candidate with 189 followers, 189 following
2025-03-28 08:58:52,054 - INFO - FOLLOWING SCRAPER: ✓ soloslop.memes: Good candidate with 70 followers, 67 following
2025-03-28 08:58:52,054 - INFO - FOLLOWING SCRAPER: ✓ phillipsauction: Good candidate with 429 followers, 434 following
2025-03-28 08:58:52,054 - INFO - FOLLOWING SCRAPER: ✓ filmmovement: Good candidate with 12 followers, 708 following
2025-03-28 08:58:52,054 - INFO - FOLLOWING SCRAPER: ✗ rubahitam_: Too many connections (48 followers, 1152 following)
2025-03-28 08:58:52,054 - INFO - FOLLOWING SCRAPER: ✗ chinatown_cowboy.mp4: Too many connections (2384 followers, 0 following)
2025-03-28 08:58:52,054 - INFO - FOLLOWING SCRAPER: ✓ asian_redbozicowboy: Good candidate with 29 followers, 250 following
2025-03-28 08:58:52,054 - INFO - FOLLOWING SCRAPER: ✓ ccpxi_8964: Good candidate with 10 followers, 97 following
2025-03-28 08:58:52,054 - INFO - FOLLOWING SCRAPER: ✓ ngr.ev: Good candidate with 115 followers, 190 following
2025-03-28 08:58:52,054 - INFO - FOLLOWING SCRAPER: ✓ cinema_nighttt: Good candidate with 401 followers, 15 following
2025-03-28 08:58:52,054 - INFO - FOLLOWING SCRAPER: ✓ thedizzyviper: Good candidate with 179 followers, 903 following
2025-03-28 08:58:52,054 - INFO - FOLLOWING SCRAPER: ✗ arabbitsfoot: Too many connections (65 followers, 1570 following)
2025-03-28 08:58:52,054 - INFO - FOLLOWING SCRAPER: ✓ laclefrevival: Good candidate with 23 followers, 504 following
2025-03-28 08:58:52,057 - INFO - FOLLOWING SCRAPER: ✓ byboyfantasy: Good candidate with 83 followers, 608 following
2025-03-28 08:58:52,057 - INFO - FOLLOWING SCRAPER: ✓ manofdutch: Good candidate with 29 followers, 55 following
2025-03-28 08:58:52,057 - INFO - FOLLOWING SCRAPER: ✗ fernandosev7n: Too many connections (235 followers, 1534 following)
2025-03-28 08:58:52,057 - INFO - FOLLOWING SCRAPER: ✓ thefineartcollective: Good candidate with 675 followers, 920 following
2025-03-28 08:58:52,057 - INFO - FOLLOWING SCRAPER: ✗ xidan_zhang: Too many connections (2743 followers, 902 following)
2025-03-28 08:58:52,057 - INFO - FOLLOWING SCRAPER: ✗ zihaosong: Too many connections (10 followers, 2448 following)
2025-03-28 08:58:52,057 - INFO - FOLLOWING SCRAPER: ✗ young.brando: Too many connections (17 followers, 2456 following)
2025-03-28 08:58:52,057 - INFO - FOLLOWING SCRAPER: ✗ gentleman.gasmask: Too many connections (364 followers, 1661 following)
2025-03-28 08:58:52,057 - INFO - FOLLOWING SCRAPER: ✗ yuukakazami0: Too many connections (1344 followers, 520 following)
2025-03-28 08:58:52,057 - INFO - FOLLOWING SCRAPER: ✗ cucny: Too many connections (2783 followers, 38 following)
2025-03-28 08:58:52,057 - INFO - FOLLOWING SCRAPER: ✗ thepennclub: Too many connections (4061 followers, 632 following)
2025-03-28 08:58:52,057 - INFO - FOLLOWING SCRAPER: ✗ lsmartfund: Too many connections (4172 followers, 586 following)
2025-03-28 08:58:52,057 - INFO - FOLLOWING SCRAPER: ✗ perpetual.passion: Too many connections (38 followers, 2352 following)
2025-03-28 08:58:52,057 - INFO - FOLLOWING SCRAPER: ✗ milanrecords: Too many connections (20 followers, 2860 following)
2025-03-28 08:58:52,057 - INFO - FOLLOWING SCRAPER: ✗ prophetconsulting: Too many connections (5422 followers, 300 following)
2025-03-28 08:58:52,057 - INFO - FOLLOWING SCRAPER: Found 14 accounts with reasonable follower/following counts
2025-03-28 08:58:52,057 - INFO - FOLLOWING SCRAPER: DEBUG: Sanitizing and saving 1862 links
2025-03-28 08:58:52,057 - INFO - FOLLOWING SCRAPER: DEBUG: After sanitization: 1862 links (removed 0)
2025-03-28 08:58:52,057 - INFO - FOLLOWING SCRAPER: DEBUG: Successfully saved 1862 links to instagram_data/followingLinks.txt
2025-03-28 08:58:52,057 - INFO - FOLLOWING SCRAPER: Links reordered to prioritize accounts with reasonable follower/following counts
2025-03-28 08:58:52,057 - INFO - FOLLOWING SCRAPER: Randomly selecting 59 accounts from 1862 available accounts
2025-03-28 08:58:52,058 - INFO - FOLLOWING SCRAPER: DEBUG: Processing randomly selected link #416/1862: https://www.instagram.com/yuwen634/
2025-03-28 08:58:52,058 - INFO - FOLLOWING SCRAPER: DEBUG: Before processing - 1862 links in queue
2025-03-28 08:58:52,058 - INFO - FOLLOWING SCRAPER: DEBUG: Account yuwen634 in progress data with rate_limited=False
2025-03-28 08:58:52,058 - INFO - FOLLOWING SCRAPER: DEBUG: Skipping already processed account: yuwen634
2025-03-28 08:58:52,058 - INFO - FOLLOWING SCRAPER: Error during batch processing: list.remove(x): x not in list
2025-03-28 08:58:52,058 - INFO - FOLLOWING SCRAPER: Browser closed. Script complete.
2025-03-28 08:58:52,398 - ERROR - DEBUG: ISSUE DETECTED - Queue size didn't decrease. Before: 1862, After: 1862, Diff: 0
2025-03-28 08:58:52,398 - INFO - DEBUG: Checking for duplicates after processing
2025-03-28 08:58:52,399 - INFO - No duplicate links found in instagram_data/followingLinks.txt
2025-03-28 08:58:52,399 - INFO - remove_processed_links function is disabled to allow re-scraping of potential rate-limited accounts
2025-03-28 08:58:52,399 - INFO - Following accounts scraping session completed with result: True
2025-03-28 08:58:52,399 - INFO - Sessions completed. Waiting 0 hours and 31 minutes before next sessions...
2025-03-28 09:30:38,486 - INFO - Current counts in status file - Followers: 881, Following: 1868
2025-03-28 09:30:38,488 - INFO - Current counts in status file - Followers: 881, Following: 1868
2025-03-28 09:30:38,490 - INFO - Starting new scraping session
2025-03-28 09:30:38,490 - INFO - Current counts in status file - Followers: 881, Following: 1868
2025-03-28 09:30:38,490 - INFO - Need to collect more following accounts: 1862/1868
2025-03-28 09:30:38,491 - INFO - Need to collect more followers: 879/881
2025-03-28 09:30:38,491 - INFO - Using 8 max pages for this session
2025-03-28 09:31:11,789 - INFO - SCRAPER: Logged in using button: //button[contains(.,'Log in')]
2025-03-28 09:31:11,790 - INFO - SCRAPER: Logged in successfully!
2025-03-28 09:31:11,790 - INFO - SCRAPER: Logged in as fretin98
2025-03-28 09:31:11,790 - INFO - SCRAPER: Resuming previous session...
2025-03-28 09:31:11,790 - INFO - SCRAPER: Loaded 879 followers and 1862 following from previous session
2025-03-28 09:31:11,790 - INFO - SCRAPER: Profile Stats: {'followers': 881, 'following': 1868, 'posts': 242}
2025-03-28 09:31:11,790 - INFO - Found profile stats line
2025-03-28 09:31:11,790 - INFO - SCRAPER: Followers: 881, Following: 1868
2025-03-28 09:31:11,790 - INFO - Extracted total followers: 881
2025-03-28 09:31:11,790 - INFO - Extracted total following: 1868
2025-03-28 09:31:11,790 - INFO - SCRAPER: Scraping followers...
2025-03-28 09:31:11,790 - INFO - SCRAPER: Already collected 879/881 followers (≥95%). Skipping followers scraping.
2025-03-28 09:31:11,790 - INFO - SCRAPER: Scraping following...
2025-03-28 09:31:11,790 - INFO - SCRAPER: Already collected 1862/1868 following accounts (≥95%). Skipping following scraping.
2025-03-28 09:31:11,790 - INFO - SCRAPER: Getting links to following accounts...
2025-03-28 09:31:11,791 - INFO - SCRAPER: Created 1862 following links from usernames
2025-03-28 09:31:11,791 - INFO - SCRAPER: Updated following links file: instagram_data/followingLinks.txt
2025-03-28 09:31:11,791 - INFO - SCRAPER: Updated adjacency list file: instagram_data/adjList.txt
2025-03-28 09:31:11,791 - INFO - SCRAPER: Added 0 new relationships (total: 25025)
2025-03-28 09:31:11,791 - INFO - SCRAPER: Retrieved 1862 following links
2025-03-28 09:31:11,791 - INFO - SCRAPER: Session completed successfully!
2025-03-28 09:31:11,791 - INFO - SCRAPER: Browser closed.
2025-03-28 09:31:11,844 - INFO - Updating status with dynamic counts - Followers: 881, Following: 1868
2025-03-28 09:31:11,845 - INFO - Saved data to instagram_data/auto_scrape_status.json
2025-03-28 09:31:11,845 - INFO - Now running a session to scrape following accounts network data...
2025-03-28 09:31:11,845 - INFO - Starting following accounts scraping session
2025-03-28 09:31:11,845 - INFO - remove_processed_links function is disabled to allow re-scraping of potential rate-limited accounts
2025-03-28 09:31:11,845 - INFO - DEBUG: Checking for duplicates before processing
2025-03-28 09:31:11,846 - INFO - No duplicate links found in instagram_data/followingLinks.txt
2025-03-28 09:31:11,846 - INFO - DEBUG: Before processing - 1862 accounts in queue
2025-03-28 09:31:11,850 - INFO - Using random batch size of 58 accounts for this session
2025-03-28 09:33:03,225 - INFO - FOLLOWING SCRAPER: DEBUG MODE ENABLED
2025-03-28 09:33:03,226 - INFO - FOLLOWING SCRAPER: Loaded scraping progress: 1474 accounts processed
2025-03-28 09:33:03,226 - INFO - FOLLOWING SCRAPER: Will process 58 accounts in this session
2025-03-28 09:33:03,226 - INFO - FOLLOWING SCRAPER: Logged in using button: //button[contains(.,'Log in')]
2025-03-28 09:33:03,227 - INFO - FOLLOWING SCRAPER: Logged in successfully!
2025-03-28 09:33:03,227 - INFO - FOLLOWING SCRAPER: Rate limit statistics: 1 accounts marked as rate-limited
2025-03-28 09:33:03,227 - INFO - FOLLOWING SCRAPER: Examples of rate-limited accounts: ['benton.down']
2025-03-28 09:33:03,227 - INFO - FOLLOWING SCRAPER: Loaded 1862 links from instagram_data/followingLinks.txt
2025-03-28 09:33:03,227 - INFO - FOLLOWING SCRAPER: Loaded adjacency list from instagram_data/adjList.txt
2025-03-28 09:33:03,227 - INFO - FOLLOWING SCRAPER: Deduplicating adjacency list...
2025-03-28 09:33:03,227 - INFO - FOLLOWING SCRAPER: No duplicates found in adjList.txt
2025-03-28 09:33:03,227 - INFO - FOLLOWING SCRAPER: DEBUG: Found 6161 already processed accounts in adjList.txt
2025-03-28 09:33:03,227 - INFO - FOLLOWING SCRAPER: Found 6161 accounts that have already been processed
2025-03-28 09:33:03,227 - INFO - FOLLOWING SCRAPER: Starting batch processing of 58 accounts
2025-03-28 09:33:03,227 - INFO - FOLLOWING SCRAPER: Pre-checking accounts to prioritize ones with reasonable follower/following counts...
2025-03-28 09:33:03,227 - INFO - FOLLOWING SCRAPER: ✓ shuheisakaue: Good candidate with 18 followers, 895 following
2025-03-28 09:33:03,227 - INFO - FOLLOWING SCRAPER: ✓ catsoupai: Good candidate with 189 followers, 189 following
2025-03-28 09:33:03,227 - INFO - FOLLOWING SCRAPER: ✓ soloslop.memes: Good candidate with 70 followers, 67 following
2025-03-28 09:33:03,227 - INFO - FOLLOWING SCRAPER: ✓ phillipsauction: Good candidate with 429 followers, 434 following
2025-03-28 09:33:03,227 - INFO - FOLLOWING SCRAPER: ✓ filmmovement: Good candidate with 12 followers, 708 following
2025-03-28 09:33:03,227 - INFO - FOLLOWING SCRAPER: ✗ rubahitam_: Too many connections (48 followers, 1152 following)
2025-03-28 09:33:03,227 - INFO - FOLLOWING SCRAPER: ✗ chinatown_cowboy.mp4: Too many connections (2384 followers, 0 following)
2025-03-28 09:33:03,227 - INFO - FOLLOWING SCRAPER: ✓ asian_redbozicowboy: Good candidate with 29 followers, 250 following
2025-03-28 09:33:03,227 - INFO - FOLLOWING SCRAPER: ✓ ccpxi_8964: Good candidate with 10 followers, 97 following
2025-03-28 09:33:03,227 - INFO - FOLLOWING SCRAPER: ✓ ngr.ev: Good candidate with 115 followers, 190 following
2025-03-28 09:33:03,227 - INFO - FOLLOWING SCRAPER: ✓ cinema_nighttt: Good candidate with 401 followers, 15 following
2025-03-28 09:33:03,227 - INFO - FOLLOWING SCRAPER: ✓ thedizzyviper: Good candidate with 179 followers, 903 following
2025-03-28 09:33:03,227 - INFO - FOLLOWING SCRAPER: ✗ arabbitsfoot: Too many connections (65 followers, 1570 following)
2025-03-28 09:33:03,227 - INFO - FOLLOWING SCRAPER: ✓ laclefrevival: Good candidate with 23 followers, 504 following
2025-03-28 09:33:03,227 - INFO - FOLLOWING SCRAPER: ✓ byboyfantasy: Good candidate with 83 followers, 608 following
2025-03-28 09:33:03,227 - INFO - FOLLOWING SCRAPER: ✓ manofdutch: Good candidate with 29 followers, 55 following
2025-03-28 09:33:03,227 - INFO - FOLLOWING SCRAPER: ✗ fernandosev7n: Too many connections (235 followers, 1534 following)
2025-03-28 09:33:03,227 - INFO - FOLLOWING SCRAPER: ✓ thefineartcollective: Good candidate with 675 followers, 920 following
2025-03-28 09:33:03,227 - INFO - FOLLOWING SCRAPER: ✗ xidan_zhang: Too many connections (2743 followers, 902 following)
2025-03-28 09:33:03,227 - INFO - FOLLOWING SCRAPER: ✗ zihaosong: Too many connections (10 followers, 2448 following)
2025-03-28 09:33:03,227 - INFO - FOLLOWING SCRAPER: ✗ young.brando: Too many connections (17 followers, 2456 following)
2025-03-28 09:33:03,227 - INFO - FOLLOWING SCRAPER: ✗ gentleman.gasmask: Too many connections (364 followers, 1661 following)
2025-03-28 09:33:03,227 - INFO - FOLLOWING SCRAPER: ✗ yuukakazami0: Too many connections (1344 followers, 520 following)
2025-03-28 09:33:03,227 - INFO - FOLLOWING SCRAPER: ✗ cucny: Too many connections (2784 followers, 38 following)
2025-03-28 09:33:03,227 - INFO - FOLLOWING SCRAPER: ✗ thepennclub: Too many connections (4061 followers, 632 following)
2025-03-28 09:33:03,227 - INFO - FOLLOWING SCRAPER: ✗ lsmartfund: Too many connections (4172 followers, 586 following)
2025-03-28 09:33:03,227 - INFO - FOLLOWING SCRAPER: ✗ perpetual.passion: Too many connections (38 followers, 2352 following)
2025-03-28 09:33:03,227 - INFO - FOLLOWING SCRAPER: ✗ milanrecords: Too many connections (20 followers, 2860 following)
2025-03-28 09:33:03,227 - INFO - FOLLOWING SCRAPER: ✗ prophetconsulting: Too many connections (5422 followers, 300 following)
2025-03-28 09:33:03,227 - INFO - FOLLOWING SCRAPER: Found 14 accounts with reasonable follower/following counts
2025-03-28 09:33:03,227 - INFO - FOLLOWING SCRAPER: DEBUG: Sanitizing and saving 1862 links
2025-03-28 09:33:03,228 - INFO - FOLLOWING SCRAPER: DEBUG: After sanitization: 1862 links (removed 0)
2025-03-28 09:33:03,228 - INFO - FOLLOWING SCRAPER: DEBUG: Successfully saved 1862 links to instagram_data/followingLinks.txt
2025-03-28 09:33:03,228 - INFO - FOLLOWING SCRAPER: Links reordered to prioritize accounts with reasonable follower/following counts
2025-03-28 09:33:03,228 - INFO - FOLLOWING SCRAPER: Randomly selecting 58 accounts from 1862 available accounts
2025-03-28 09:33:03,228 - INFO - FOLLOWING SCRAPER: DEBUG: Processing randomly selected link #310/1862: https://www.instagram.com/maybeisgod/
2025-03-28 09:33:03,228 - INFO - FOLLOWING SCRAPER: DEBUG: Before processing - 1862 links in queue
2025-03-28 09:33:03,228 - INFO - FOLLOWING SCRAPER: DEBUG: Account maybeisgod in progress data with rate_limited=False
2025-03-28 09:33:03,228 - INFO - FOLLOWING SCRAPER: DEBUG: Skipping already processed account: maybeisgod
2025-03-28 09:33:03,228 - INFO - FOLLOWING SCRAPER: Error during batch processing: list.remove(x): x not in list
2025-03-28 09:33:03,228 - INFO - FOLLOWING SCRAPER: Browser closed. Script complete.
2025-03-28 09:33:03,565 - ERROR - DEBUG: ISSUE DETECTED - Queue size didn't decrease. Before: 1862, After: 1862, Diff: 0
2025-03-28 09:33:03,565 - INFO - DEBUG: Checking for duplicates after processing
2025-03-28 09:33:03,565 - INFO - No duplicate links found in instagram_data/followingLinks.txt
2025-03-28 09:33:03,565 - INFO - remove_processed_links function is disabled to allow re-scraping of potential rate-limited accounts
2025-03-28 09:33:03,565 - INFO - Following accounts scraping session completed with result: True
2025-03-28 09:33:03,565 - INFO - Sessions completed. Waiting 0 hours and 21 minutes before next sessions...
2025-03-28 09:54:46,577 - INFO - Current counts in status file - Followers: 881, Following: 1868
2025-03-28 09:54:46,579 - INFO - Current counts in status file - Followers: 881, Following: 1868
2025-03-28 09:54:46,582 - INFO - Starting new scraping session
2025-03-28 09:54:46,583 - INFO - Current counts in status file - Followers: 881, Following: 1868
2025-03-28 09:54:46,584 - INFO - Need to collect more following accounts: 1862/1868
2025-03-28 09:54:46,584 - INFO - Need to collect more followers: 879/881
2025-03-28 09:54:46,584 - INFO - Using 7 max pages for this session
2025-03-28 09:55:19,727 - INFO - SCRAPER: Logged in using button: //button[contains(.,'Log in')]
2025-03-28 09:55:19,728 - INFO - SCRAPER: Logged in successfully!
2025-03-28 09:55:19,728 - INFO - SCRAPER: Logged in as fretin98
2025-03-28 09:55:19,728 - INFO - SCRAPER: Resuming previous session...
2025-03-28 09:55:19,728 - INFO - SCRAPER: Loaded 879 followers and 1862 following from previous session
2025-03-28 09:55:19,728 - INFO - SCRAPER: Profile Stats: {'followers': 881, 'following': 1868, 'posts': 242}
2025-03-28 09:55:19,728 - INFO - Found profile stats line
2025-03-28 09:55:19,728 - INFO - SCRAPER: Followers: 881, Following: 1868
2025-03-28 09:55:19,728 - INFO - Extracted total followers: 881
2025-03-28 09:55:19,728 - INFO - Extracted total following: 1868
2025-03-28 09:55:19,728 - INFO - SCRAPER: Scraping followers...
2025-03-28 09:55:19,728 - INFO - SCRAPER: Already collected 879/881 followers (≥95%). Skipping followers scraping.
2025-03-28 09:55:19,728 - INFO - SCRAPER: Scraping following...
2025-03-28 09:55:19,728 - INFO - SCRAPER: Already collected 1862/1868 following accounts (≥95%). Skipping following scraping.
2025-03-28 09:55:19,728 - INFO - SCRAPER: Getting links to following accounts...
2025-03-28 09:55:19,728 - INFO - SCRAPER: Created 1862 following links from usernames
2025-03-28 09:55:19,728 - INFO - SCRAPER: Updated following links file: instagram_data/followingLinks.txt
2025-03-28 09:55:19,728 - INFO - SCRAPER: Updated adjacency list file: instagram_data/adjList.txt
2025-03-28 09:55:19,728 - INFO - SCRAPER: Added 0 new relationships (total: 25025)
2025-03-28 09:55:19,728 - INFO - SCRAPER: Retrieved 1862 following links
2025-03-28 09:55:19,728 - INFO - SCRAPER: Session completed successfully!
2025-03-28 09:55:19,728 - INFO - SCRAPER: Browser closed.
2025-03-28 09:55:19,778 - INFO - Updating status with dynamic counts - Followers: 881, Following: 1868
2025-03-28 09:55:19,780 - INFO - Saved data to instagram_data/auto_scrape_status.json
2025-03-28 09:55:19,780 - INFO - Now running a session to scrape following accounts network data...
2025-03-28 09:55:19,780 - INFO - Starting following accounts scraping session
2025-03-28 09:55:19,780 - INFO - remove_processed_links function is disabled to allow re-scraping of potential rate-limited accounts
2025-03-28 09:55:19,780 - INFO - DEBUG: Checking for duplicates before processing
2025-03-28 09:55:19,781 - INFO - No duplicate links found in instagram_data/followingLinks.txt
2025-03-28 09:55:19,781 - INFO - DEBUG: Before processing - 1862 accounts in queue
2025-03-28 09:55:19,785 - INFO - Using random batch size of 41 accounts for this session
2025-03-28 09:56:56,273 - INFO - FOLLOWING SCRAPER: DEBUG MODE ENABLED
2025-03-28 09:56:56,274 - INFO - FOLLOWING SCRAPER: Loaded scraping progress: 1474 accounts processed
2025-03-28 09:56:56,274 - INFO - FOLLOWING SCRAPER: Will process 41 accounts in this session
2025-03-28 09:56:56,274 - INFO - FOLLOWING SCRAPER: Logged in using button: //button[contains(.,'Log in')]
2025-03-28 09:56:56,275 - INFO - FOLLOWING SCRAPER: Logged in successfully!
2025-03-28 09:56:56,275 - INFO - FOLLOWING SCRAPER: Rate limit statistics: 1 accounts marked as rate-limited
2025-03-28 09:56:56,275 - INFO - FOLLOWING SCRAPER: Examples of rate-limited accounts: ['benton.down']
2025-03-28 09:56:56,275 - INFO - FOLLOWING SCRAPER: Loaded 1862 links from instagram_data/followingLinks.txt
2025-03-28 09:56:56,275 - INFO - FOLLOWING SCRAPER: Loaded adjacency list from instagram_data/adjList.txt
2025-03-28 09:56:56,275 - INFO - FOLLOWING SCRAPER: Deduplicating adjacency list...
2025-03-28 09:56:56,275 - INFO - FOLLOWING SCRAPER: No duplicates found in adjList.txt
2025-03-28 09:56:56,275 - INFO - FOLLOWING SCRAPER: DEBUG: Found 6161 already processed accounts in adjList.txt
2025-03-28 09:56:56,275 - INFO - FOLLOWING SCRAPER: Found 6161 accounts that have already been processed
2025-03-28 09:56:56,275 - INFO - FOLLOWING SCRAPER: Starting batch processing of 41 accounts
2025-03-28 09:56:56,275 - INFO - FOLLOWING SCRAPER: Pre-checking accounts to prioritize ones with reasonable follower/following counts...
2025-03-28 09:56:56,275 - INFO - FOLLOWING SCRAPER: ✓ shuheisakaue: Good candidate with 18 followers, 895 following
2025-03-28 09:56:56,275 - INFO - FOLLOWING SCRAPER: ✓ catsoupai: Good candidate with 189 followers, 189 following
2025-03-28 09:56:56,275 - INFO - FOLLOWING SCRAPER: ✓ soloslop.memes: Good candidate with 70 followers, 67 following
2025-03-28 09:56:56,275 - INFO - FOLLOWING SCRAPER: ✓ phillipsauction: Good candidate with 429 followers, 434 following
2025-03-28 09:56:56,275 - INFO - FOLLOWING SCRAPER: ✓ filmmovement: Good candidate with 12 followers, 708 following
2025-03-28 09:56:56,276 - INFO - FOLLOWING SCRAPER: ✗ rubahitam_: Too many connections (48 followers, 1152 following)
2025-03-28 09:56:56,276 - INFO - FOLLOWING SCRAPER: ✗ chinatown_cowboy.mp4: Too many connections (2384 followers, 0 following)
2025-03-28 09:56:56,276 - INFO - FOLLOWING SCRAPER: ✓ asian_redbozicowboy: Good candidate with 29 followers, 250 following
2025-03-28 09:56:56,276 - INFO - FOLLOWING SCRAPER: ✓ ccpxi_8964: Good candidate with 10 followers, 97 following
2025-03-28 09:56:56,276 - INFO - FOLLOWING SCRAPER: ✓ ngr.ev: Good candidate with 115 followers, 190 following
2025-03-28 09:56:56,276 - INFO - FOLLOWING SCRAPER: ✓ cinema_nighttt: Good candidate with 401 followers, 15 following
2025-03-28 09:56:56,276 - INFO - FOLLOWING SCRAPER: ✓ thedizzyviper: Good candidate with 179 followers, 903 following
2025-03-28 09:56:56,276 - INFO - FOLLOWING SCRAPER: ✗ arabbitsfoot: Too many connections (65 followers, 1570 following)
2025-03-28 09:56:56,276 - INFO - FOLLOWING SCRAPER: ✓ laclefrevival: Good candidate with 23 followers, 504 following
2025-03-28 09:56:56,276 - INFO - FOLLOWING SCRAPER: ✓ byboyfantasy: Good candidate with 83 followers, 608 following
2025-03-28 09:56:56,276 - INFO - FOLLOWING SCRAPER: ✓ manofdutch: Good candidate with 29 followers, 55 following
2025-03-28 09:56:56,276 - INFO - FOLLOWING SCRAPER: ✗ fernandosev7n: Too many connections (235 followers, 1534 following)
2025-03-28 09:56:56,276 - INFO - FOLLOWING SCRAPER: ✓ thefineartcollective: Good candidate with 675 followers, 920 following
2025-03-28 09:56:56,276 - INFO - FOLLOWING SCRAPER: ✗ xidan_zhang: Too many connections (2743 followers, 902 following)
2025-03-28 09:56:56,276 - INFO - FOLLOWING SCRAPER: ✗ zihaosong: Too many connections (10 followers, 2448 following)
2025-03-28 09:56:56,276 - INFO - FOLLOWING SCRAPER: ✗ young.brando: Too many connections (17 followers, 2456 following)
2025-03-28 09:56:56,276 - INFO - FOLLOWING SCRAPER: ✗ gentleman.gasmask: Too many connections (364 followers, 1661 following)
2025-03-28 09:56:56,276 - INFO - FOLLOWING SCRAPER: ✗ yuukakazami0: Too many connections (1344 followers, 520 following)
2025-03-28 09:56:56,276 - INFO - FOLLOWING SCRAPER: ✗ cucny: Too many connections (2784 followers, 38 following)
2025-03-28 09:56:56,276 - INFO - FOLLOWING SCRAPER: ✗ thepennclub: Too many connections (4061 followers, 632 following)
2025-03-28 09:56:56,276 - INFO - FOLLOWING SCRAPER: Found 14 accounts with reasonable follower/following counts
2025-03-28 09:56:56,276 - INFO - FOLLOWING SCRAPER: DEBUG: Sanitizing and saving 1862 links
2025-03-28 09:56:56,276 - INFO - FOLLOWING SCRAPER: DEBUG: After sanitization: 1862 links (removed 0)
2025-03-28 09:56:56,277 - INFO - FOLLOWING SCRAPER: DEBUG: Successfully saved 1862 links to instagram_data/followingLinks.txt
2025-03-28 09:56:56,277 - INFO - FOLLOWING SCRAPER: Links reordered to prioritize accounts with reasonable follower/following counts
2025-03-28 09:56:56,277 - INFO - FOLLOWING SCRAPER: Randomly selecting 41 accounts from 1862 available accounts
2025-03-28 09:56:56,277 - INFO - FOLLOWING SCRAPER: DEBUG: Processing randomly selected link #949/1862: https://www.instagram.com/s.toyoki/
2025-03-28 09:56:56,277 - INFO - FOLLOWING SCRAPER: DEBUG: Before processing - 1862 links in queue
2025-03-28 09:56:56,277 - INFO - FOLLOWING SCRAPER: DEBUG: Account s.toyoki in progress data with rate_limited=False
2025-03-28 09:56:56,277 - INFO - FOLLOWING SCRAPER: Processing: https://www.instagram.com/s.toyoki/
2025-03-28 09:56:56,277 - INFO - FOLLOWING SCRAPER: Account s.toyoki already fully processed. Skipping.
2025-03-28 09:56:56,277 - INFO - FOLLOWING SCRAPER: DEBUG: Removing link from queue: https://www.instagram.com/s.toyoki/
2025-03-28 09:56:56,277 - INFO - FOLLOWING SCRAPER: Error processing https://www.instagram.com/s.toyoki/: list.remove(x): x not in list
2025-03-28 09:56:56,277 - INFO - FOLLOWING SCRAPER: DEBUG: Moving failed link to end of queue: https://www.instagram.com/s.toyoki/
2025-03-28 09:56:56,277 - INFO - FOLLOWING SCRAPER: Error during batch processing: list.remove(x): x not in list
2025-03-28 09:56:56,277 - INFO - FOLLOWING SCRAPER: Browser closed. Script complete.
2025-03-28 09:56:56,637 - ERROR - DEBUG: ISSUE DETECTED - Queue size didn't decrease. Before: 1862, After: 1862, Diff: 0
2025-03-28 09:56:56,637 - INFO - DEBUG: Checking for duplicates after processing
2025-03-28 09:56:56,638 - INFO - No duplicate links found in instagram_data/followingLinks.txt
2025-03-28 09:56:56,638 - INFO - remove_processed_links function is disabled to allow re-scraping of potential rate-limited accounts
2025-03-28 09:56:56,638 - INFO - Following accounts scraping session completed with result: True
2025-03-28 09:56:56,638 - INFO - Sessions completed. Waiting 0 hours and 25 minutes before next sessions...
2025-03-28 10:22:32,658 - INFO - Current counts in status file - Followers: 881, Following: 1868
2025-03-28 10:22:32,659 - INFO - Current counts in status file - Followers: 881, Following: 1868
2025-03-28 10:22:32,661 - INFO - Starting new scraping session
2025-03-28 10:22:32,661 - INFO - Current counts in status file - Followers: 881, Following: 1868
2025-03-28 10:22:32,661 - INFO - Need to collect more following accounts: 1862/1868
2025-03-28 10:22:32,661 - INFO - Need to collect more followers: 879/881
2025-03-28 10:22:32,661 - INFO - Using 5 max pages for this session
2025-03-28 10:23:05,376 - INFO - SCRAPER: Logged in using button: //button[contains(.,'Log in')]
2025-03-28 10:23:05,377 - INFO - SCRAPER: Logged in successfully!
2025-03-28 10:23:05,378 - INFO - SCRAPER: Logged in as fretin98
2025-03-28 10:23:05,378 - INFO - SCRAPER: Resuming previous session...
2025-03-28 10:23:05,378 - INFO - SCRAPER: Loaded 879 followers and 1862 following from previous session
2025-03-28 10:23:05,378 - INFO - SCRAPER: Profile Stats: {'followers': 881, 'following': 1869, 'posts': 242}
2025-03-28 10:23:05,378 - INFO - Found profile stats line
2025-03-28 10:23:05,378 - INFO - SCRAPER: Followers: 881, Following: 1869
2025-03-28 10:23:05,378 - INFO - Extracted total followers: 881
2025-03-28 10:23:05,379 - INFO - Extracted total following: 1869
2025-03-28 10:23:05,379 - INFO - SCRAPER: Scraping followers...
2025-03-28 10:23:05,379 - INFO - SCRAPER: Already collected 879/881 followers (≥95%). Skipping followers scraping.
2025-03-28 10:23:05,379 - INFO - SCRAPER: Scraping following...
2025-03-28 10:23:05,379 - INFO - SCRAPER: Already collected 1862/1869 following accounts (≥95%). Skipping following scraping.
2025-03-28 10:23:05,379 - INFO - SCRAPER: Getting links to following accounts...
2025-03-28 10:23:05,379 - INFO - SCRAPER: Created 1862 following links from usernames
2025-03-28 10:23:05,379 - INFO - SCRAPER: Updated following links file: instagram_data/followingLinks.txt
2025-03-28 10:23:05,379 - INFO - SCRAPER: Updated adjacency list file: instagram_data/adjList.txt
2025-03-28 10:23:05,379 - INFO - SCRAPER: Added 0 new relationships (total: 25025)
2025-03-28 10:23:05,379 - INFO - SCRAPER: Retrieved 1862 following links
2025-03-28 10:23:05,380 - INFO - SCRAPER: Session completed successfully!
2025-03-28 10:23:05,380 - INFO - SCRAPER: Browser closed.
2025-03-28 10:23:05,443 - INFO - Updating status with dynamic counts - Followers: 881, Following: 1869
2025-03-28 10:23:05,445 - INFO - Saved data to instagram_data/auto_scrape_status.json
2025-03-28 10:23:05,445 - INFO - Now running a session to scrape following accounts network data...
2025-03-28 10:23:05,447 - INFO - Starting following accounts scraping session
2025-03-28 10:23:05,447 - INFO - remove_processed_links function is disabled to allow re-scraping of potential rate-limited accounts
2025-03-28 10:23:05,447 - INFO - DEBUG: Checking for duplicates before processing
2025-03-28 10:23:05,447 - INFO - No duplicate links found in instagram_data/followingLinks.txt
2025-03-28 10:23:05,448 - INFO - DEBUG: Before processing - 1862 accounts in queue
2025-03-28 10:23:05,452 - INFO - Using random batch size of 54 accounts for this session
2025-03-28 10:24:50,719 - INFO - FOLLOWING SCRAPER: DEBUG MODE ENABLED
2025-03-28 10:24:50,764 - INFO - FOLLOWING SCRAPER: Loaded scraping progress: 1474 accounts processed
2025-03-28 10:24:50,764 - INFO - FOLLOWING SCRAPER: Will process 54 accounts in this session
2025-03-28 10:24:50,764 - INFO - FOLLOWING SCRAPER: Logged in using button: //button[contains(.,'Log in')]
2025-03-28 10:24:50,765 - INFO - FOLLOWING SCRAPER: Logged in successfully!
2025-03-28 10:24:50,797 - INFO - FOLLOWING SCRAPER: Rate limit statistics: 1 accounts marked as rate-limited
2025-03-28 10:24:50,800 - INFO - FOLLOWING SCRAPER: Examples of rate-limited accounts: ['benton.down']
2025-03-28 10:24:50,801 - INFO - FOLLOWING SCRAPER: Loaded 1862 links from instagram_data/followingLinks.txt
2025-03-28 10:24:50,801 - INFO - FOLLOWING SCRAPER: Loaded adjacency list from instagram_data/adjList.txt
2025-03-28 10:24:50,801 - INFO - FOLLOWING SCRAPER: Deduplicating adjacency list...
2025-03-28 10:24:50,801 - INFO - FOLLOWING SCRAPER: No duplicates found in adjList.txt
2025-03-28 10:24:50,801 - INFO - FOLLOWING SCRAPER: DEBUG: Found 6161 already processed accounts in adjList.txt
2025-03-28 10:24:50,801 - INFO - FOLLOWING SCRAPER: Found 6161 accounts that have already been processed
2025-03-28 10:24:50,801 - INFO - FOLLOWING SCRAPER: Starting batch processing of 54 accounts
2025-03-28 10:24:50,802 - INFO - FOLLOWING SCRAPER: Pre-checking accounts to prioritize ones with reasonable follower/following counts...
2025-03-28 10:24:50,802 - INFO - FOLLOWING SCRAPER: ✓ shuheisakaue: Good candidate with 18 followers, 895 following
2025-03-28 10:24:50,802 - INFO - FOLLOWING SCRAPER: ✓ catsoupai: Good candidate with 189 followers, 189 following
2025-03-28 10:24:50,802 - INFO - FOLLOWING SCRAPER: ✓ soloslop.memes: Good candidate with 70 followers, 67 following
2025-03-28 10:24:50,802 - INFO - FOLLOWING SCRAPER: ✓ phillipsauction: Good candidate with 429 followers, 434 following
2025-03-28 10:24:50,802 - INFO - FOLLOWING SCRAPER: ✓ filmmovement: Good candidate with 12 followers, 708 following
2025-03-28 10:24:50,808 - INFO - FOLLOWING SCRAPER: ✗ rubahitam_: Too many connections (48 followers, 1152 following)
2025-03-28 10:24:50,808 - INFO - FOLLOWING SCRAPER: ✗ chinatown_cowboy.mp4: Too many connections (2384 followers, 0 following)
2025-03-28 10:24:50,808 - INFO - FOLLOWING SCRAPER: ✓ asian_redbozicowboy: Good candidate with 29 followers, 250 following
2025-03-28 10:24:50,812 - INFO - FOLLOWING SCRAPER: ✓ ccpxi_8964: Good candidate with 10 followers, 97 following
2025-03-28 10:24:50,812 - INFO - FOLLOWING SCRAPER: ✓ ngr.ev: Good candidate with 115 followers, 190 following
2025-03-28 10:24:50,812 - INFO - FOLLOWING SCRAPER: ✓ cinema_nighttt: Good candidate with 401 followers, 15 following
2025-03-28 10:24:50,812 - INFO - FOLLOWING SCRAPER: ✓ thedizzyviper: Good candidate with 179 followers, 903 following
2025-03-28 10:24:50,812 - INFO - FOLLOWING SCRAPER: ✗ arabbitsfoot: Too many connections (65 followers, 1570 following)
2025-03-28 10:24:50,812 - INFO - FOLLOWING SCRAPER: ✓ laclefrevival: Good candidate with 23 followers, 503 following
2025-03-28 10:24:50,812 - INFO - FOLLOWING SCRAPER: ✓ byboyfantasy: Good candidate with 83 followers, 608 following
2025-03-28 10:24:50,812 - INFO - FOLLOWING SCRAPER: ✓ manofdutch: Good candidate with 29 followers, 55 following
2025-03-28 10:24:50,814 - INFO - FOLLOWING SCRAPER: ✗ fernandosev7n: Too many connections (235 followers, 1534 following)
2025-03-28 10:24:50,815 - INFO - FOLLOWING SCRAPER: ✓ thefineartcollective: Good candidate with 675 followers, 920 following
2025-03-28 10:24:50,815 - INFO - FOLLOWING SCRAPER: ✗ xidan_zhang: Too many connections (2743 followers, 902 following)
2025-03-28 10:24:50,815 - INFO - FOLLOWING SCRAPER: ✗ zihaosong: Too many connections (10 followers, 2448 following)
2025-03-28 10:24:50,815 - INFO - FOLLOWING SCRAPER: ✗ young.brando: Too many connections (17 followers, 2456 following)
2025-03-28 10:24:50,815 - INFO - FOLLOWING SCRAPER: ✗ gentleman.gasmask: Too many connections (364 followers, 1661 following)
2025-03-28 10:24:50,815 - INFO - FOLLOWING SCRAPER: ✗ yuukakazami0: Too many connections (1344 followers, 520 following)
2025-03-28 10:24:50,815 - INFO - FOLLOWING SCRAPER: ✗ cucny: Too many connections (2783 followers, 38 following)
2025-03-28 10:24:50,821 - INFO - FOLLOWING SCRAPER: ✗ thepennclub: Too many connections (4061 followers, 632 following)
2025-03-28 10:24:50,821 - INFO - FOLLOWING SCRAPER: ✗ lsmartfund: Too many connections (4172 followers, 586 following)
2025-03-28 10:24:50,821 - INFO - FOLLOWING SCRAPER: ✗ perpetual.passion: Too many connections (38 followers, 2352 following)
2025-03-28 10:24:50,821 - INFO - FOLLOWING SCRAPER: ✗ milanrecords: Too many connections (20 followers, 2860 following)
2025-03-28 10:24:50,821 - INFO - FOLLOWING SCRAPER: Found 14 accounts with reasonable follower/following counts
2025-03-28 10:24:50,821 - INFO - FOLLOWING SCRAPER: DEBUG: Sanitizing and saving 1862 links
2025-03-28 10:24:50,821 - INFO - FOLLOWING SCRAPER: DEBUG: After sanitization: 1862 links (removed 0)
2025-03-28 10:24:50,821 - INFO - FOLLOWING SCRAPER: DEBUG: Successfully saved 1862 links to instagram_data/followingLinks.txt
2025-03-28 10:24:50,821 - INFO - FOLLOWING SCRAPER: Links reordered to prioritize accounts with reasonable follower/following counts
2025-03-28 10:24:50,823 - INFO - FOLLOWING SCRAPER: Randomly selecting 54 accounts from 1862 available accounts
2025-03-28 10:24:50,823 - INFO - FOLLOWING SCRAPER: DEBUG: Processing randomly selected link #1616/1862: https://www.instagram.com/zhengluxiao/
2025-03-28 10:24:50,825 - INFO - FOLLOWING SCRAPER: DEBUG: Before processing - 1862 links in queue
2025-03-28 10:24:50,825 - INFO - FOLLOWING SCRAPER: DEBUG: Skipping already processed account: zhengluxiao
2025-03-28 10:24:50,825 - INFO - FOLLOWING SCRAPER: Error during batch processing: list.remove(x): x not in list
2025-03-28 10:24:50,825 - INFO - FOLLOWING SCRAPER: Browser closed. Script complete.
2025-03-28 10:25:02,963 - ERROR - DEBUG: ISSUE DETECTED - Queue size didn't decrease. Before: 1862, After: 1862, Diff: 0
2025-03-28 10:25:02,995 - INFO - DEBUG: Checking for duplicates after processing
2025-03-28 10:25:03,044 - INFO - No duplicate links found in instagram_data/followingLinks.txt
2025-03-28 10:25:03,046 - INFO - remove_processed_links function is disabled to allow re-scraping of potential rate-limited accounts
2025-03-28 10:25:03,117 - INFO - Following accounts scraping session completed with result: True
2025-03-28 10:25:03,118 - INFO - Sessions completed. Waiting 0 hours and 37 minutes before next sessions...
2025-03-28 11:03:01,142 - INFO - Current counts in status file - Followers: 881, Following: 1869
2025-03-28 11:03:01,144 - INFO - Current counts in status file - Followers: 881, Following: 1869
2025-03-28 11:03:01,146 - INFO - Starting new scraping session
2025-03-28 11:03:01,147 - INFO - Current counts in status file - Followers: 881, Following: 1869
2025-03-28 11:03:01,148 - INFO - Need to collect more following accounts: 1862/1869
2025-03-28 11:03:01,148 - INFO - Need to collect more followers: 879/881
2025-03-28 11:03:01,148 - INFO - Using 5 max pages for this session
2025-03-28 11:03:34,893 - INFO - SCRAPER: Logged in using button: //button[contains(.,'Log in')]
2025-03-28 11:03:34,894 - INFO - SCRAPER: Logged in successfully!
2025-03-28 11:03:34,894 - INFO - SCRAPER: Logged in as fretin98
2025-03-28 11:03:34,894 - INFO - SCRAPER: Resuming previous session...
2025-03-28 11:03:34,894 - INFO - SCRAPER: Loaded 879 followers and 1862 following from previous session
2025-03-28 11:03:34,894 - INFO - SCRAPER: Profile Stats: {'followers': 881, 'following': 1869, 'posts': 242}
2025-03-28 11:03:34,894 - INFO - Found profile stats line
2025-03-28 11:03:34,894 - INFO - SCRAPER: Followers: 881, Following: 1869
2025-03-28 11:03:34,894 - INFO - Extracted total followers: 881
2025-03-28 11:03:34,894 - INFO - Extracted total following: 1869
2025-03-28 11:03:34,894 - INFO - SCRAPER: Scraping followers...
2025-03-28 11:03:34,894 - INFO - SCRAPER: Already collected 879/881 followers (≥95%). Skipping followers scraping.
2025-03-28 11:03:34,895 - INFO - SCRAPER: Scraping following...
2025-03-28 11:03:34,895 - INFO - SCRAPER: Already collected 1862/1869 following accounts (≥95%). Skipping following scraping.
2025-03-28 11:03:34,895 - INFO - SCRAPER: Getting links to following accounts...
2025-03-28 11:03:34,895 - INFO - SCRAPER: Created 1862 following links from usernames
2025-03-28 11:03:34,895 - INFO - SCRAPER: Updated following links file: instagram_data/followingLinks.txt
2025-03-28 11:03:34,895 - INFO - SCRAPER: Updated adjacency list file: instagram_data/adjList.txt
2025-03-28 11:03:34,895 - INFO - SCRAPER: Added 0 new relationships (total: 25025)
2025-03-28 11:03:34,895 - INFO - SCRAPER: Retrieved 1862 following links
2025-03-28 11:03:34,895 - INFO - SCRAPER: Session completed successfully!
2025-03-28 11:03:34,895 - INFO - SCRAPER: Browser closed.
2025-03-28 11:03:35,167 - INFO - Updating status with dynamic counts - Followers: 881, Following: 1869
2025-03-28 11:03:35,196 - INFO - Saved data to instagram_data/auto_scrape_status.json
2025-03-28 11:03:35,197 - INFO - Now running a session to scrape following accounts network data...
2025-03-28 11:03:35,197 - INFO - Starting following accounts scraping session
2025-03-28 11:03:35,197 - INFO - remove_processed_links function is disabled to allow re-scraping of potential rate-limited accounts
2025-03-28 11:03:35,197 - INFO - DEBUG: Checking for duplicates before processing
2025-03-28 11:03:35,200 - INFO - No duplicate links found in instagram_data/followingLinks.txt
2025-03-28 11:03:35,202 - INFO - DEBUG: Before processing - 1862 accounts in queue
2025-03-28 11:03:35,219 - INFO - Using random batch size of 54 accounts for this session
2025-03-28 11:05:57,457 - INFO - FOLLOWING SCRAPER: DEBUG MODE ENABLED
2025-03-28 11:05:57,464 - INFO - FOLLOWING SCRAPER: Loaded scraping progress: 1474 accounts processed
2025-03-28 11:05:57,464 - INFO - FOLLOWING SCRAPER: Will process 54 accounts in this session
2025-03-28 11:05:57,464 - INFO - FOLLOWING SCRAPER: Logged in using button: //button[contains(.,'Log in')]
2025-03-28 11:05:57,464 - INFO - FOLLOWING SCRAPER: Logged in successfully!
2025-03-28 11:05:57,464 - INFO - FOLLOWING SCRAPER: Rate limit statistics: 1 accounts marked as rate-limited
2025-03-28 11:05:57,465 - INFO - FOLLOWING SCRAPER: Examples of rate-limited accounts: ['benton.down']
2025-03-28 11:05:57,465 - INFO - FOLLOWING SCRAPER: Loaded 1862 links from instagram_data/followingLinks.txt
2025-03-28 11:05:57,465 - INFO - FOLLOWING SCRAPER: Loaded adjacency list from instagram_data/adjList.txt
2025-03-28 11:05:57,465 - INFO - FOLLOWING SCRAPER: Deduplicating adjacency list...
2025-03-28 11:05:57,465 - INFO - FOLLOWING SCRAPER: No duplicates found in adjList.txt
2025-03-28 11:05:57,466 - INFO - FOLLOWING SCRAPER: DEBUG: Found 6161 already processed accounts in adjList.txt
2025-03-28 11:05:57,466 - INFO - FOLLOWING SCRAPER: Found 6161 accounts that have already been processed
2025-03-28 11:05:57,466 - INFO - FOLLOWING SCRAPER: Starting batch processing of 54 accounts
2025-03-28 11:05:57,466 - INFO - FOLLOWING SCRAPER: Pre-checking accounts to prioritize ones with reasonable follower/following counts...
2025-03-28 11:05:57,466 - INFO - FOLLOWING SCRAPER: ✓ shuheisakaue: Good candidate with 18 followers, 895 following
2025-03-28 11:05:57,466 - INFO - FOLLOWING SCRAPER: ✓ catsoupai: Good candidate with 189 followers, 189 following
2025-03-28 11:05:57,466 - INFO - FOLLOWING SCRAPER: ✓ soloslop.memes: Good candidate with 70 followers, 67 following
2025-03-28 11:05:57,466 - INFO - FOLLOWING SCRAPER: ✓ phillipsauction: Good candidate with 429 followers, 434 following
2025-03-28 11:05:57,466 - INFO - FOLLOWING SCRAPER: ✓ filmmovement: Good candidate with 12 followers, 708 following
2025-03-28 11:05:57,467 - INFO - FOLLOWING SCRAPER: ✗ rubahitam_: Too many connections (48 followers, 1152 following)
2025-03-28 11:05:57,467 - INFO - FOLLOWING SCRAPER: ✗ chinatown_cowboy.mp4: Too many connections (2384 followers, 0 following)
2025-03-28 11:05:57,467 - INFO - FOLLOWING SCRAPER: ✓ asian_redbozicowboy: Good candidate with 29 followers, 250 following
2025-03-28 11:05:57,467 - INFO - FOLLOWING SCRAPER: ✓ ccpxi_8964: Good candidate with 10 followers, 97 following
2025-03-28 11:05:57,467 - INFO - FOLLOWING SCRAPER: ✓ ngr.ev: Good candidate with 115 followers, 190 following
2025-03-28 11:05:57,467 - INFO - FOLLOWING SCRAPER: ✓ cinema_nighttt: Good candidate with 401 followers, 15 following
2025-03-28 11:05:57,468 - INFO - FOLLOWING SCRAPER: ✓ thedizzyviper: Good candidate with 179 followers, 903 following
2025-03-28 11:05:57,468 - INFO - FOLLOWING SCRAPER: ✗ arabbitsfoot: Too many connections (65 followers, 1570 following)
2025-03-28 11:05:57,468 - INFO - FOLLOWING SCRAPER: ✓ laclefrevival: Good candidate with 23 followers, 503 following
2025-03-28 11:05:57,468 - INFO - FOLLOWING SCRAPER: ✓ byboyfantasy: Good candidate with 83 followers, 608 following
2025-03-28 11:05:57,468 - INFO - FOLLOWING SCRAPER: ✓ manofdutch: Good candidate with 29 followers, 55 following
2025-03-28 11:05:57,468 - INFO - FOLLOWING SCRAPER: ✗ fernandosev7n: Too many connections (235 followers, 1534 following)
2025-03-28 11:05:57,468 - INFO - FOLLOWING SCRAPER: ✓ thefineartcollective: Good candidate with 675 followers, 920 following
2025-03-28 11:05:57,468 - INFO - FOLLOWING SCRAPER: ✗ xidan_zhang: Too many connections (2743 followers, 902 following)
2025-03-28 11:05:57,468 - INFO - FOLLOWING SCRAPER: ✗ zihaosong: Too many connections (10 followers, 2448 following)
2025-03-28 11:05:57,468 - INFO - FOLLOWING SCRAPER: ✗ young.brando: Too many connections (17 followers, 2456 following)
2025-03-28 11:05:57,468 - INFO - FOLLOWING SCRAPER: ✗ gentleman.gasmask: Too many connections (364 followers, 1661 following)
2025-03-28 11:05:57,468 - INFO - FOLLOWING SCRAPER: ✗ yuukakazami0: Too many connections (1344 followers, 520 following)
2025-03-28 11:05:57,468 - INFO - FOLLOWING SCRAPER: ✗ cucny: Too many connections (2783 followers, 38 following)
2025-03-28 11:05:57,468 - INFO - FOLLOWING SCRAPER: ✗ thepennclub: Too many connections (4061 followers, 632 following)
2025-03-28 11:05:57,468 - INFO - FOLLOWING SCRAPER: ✗ lsmartfund: Too many connections (4172 followers, 586 following)
2025-03-28 11:05:57,468 - INFO - FOLLOWING SCRAPER: ✗ perpetual.passion: Too many connections (38 followers, 2352 following)
2025-03-28 11:05:57,468 - INFO - FOLLOWING SCRAPER: ✗ milanrecords: Too many connections (20 followers, 2860 following)
2025-03-28 11:05:57,469 - INFO - FOLLOWING SCRAPER: Found 14 accounts with reasonable follower/following counts
2025-03-28 11:05:57,469 - INFO - FOLLOWING SCRAPER: DEBUG: Sanitizing and saving 1862 links
2025-03-28 11:05:57,469 - INFO - FOLLOWING SCRAPER: DEBUG: After sanitization: 1862 links (removed 0)
2025-03-28 11:05:57,469 - INFO - FOLLOWING SCRAPER: DEBUG: Successfully saved 1862 links to instagram_data/followingLinks.txt
2025-03-28 11:05:57,469 - INFO - FOLLOWING SCRAPER: Links reordered to prioritize accounts with reasonable follower/following counts
2025-03-28 11:05:57,469 - INFO - FOLLOWING SCRAPER: Randomly selecting 54 accounts from 1862 available accounts
2025-03-28 11:05:57,469 - INFO - FOLLOWING SCRAPER: DEBUG: Processing randomly selected link #1536/1862: https://www.instagram.com/xyzzzz0910/
2025-03-28 11:05:57,470 - INFO - FOLLOWING SCRAPER: DEBUG: Before processing - 1862 links in queue
2025-03-28 11:05:57,470 - INFO - FOLLOWING SCRAPER: DEBUG: Account xyzzzz0910 in progress data with rate_limited=False
2025-03-28 11:05:57,471 - INFO - FOLLOWING SCRAPER: DEBUG: Skipping already processed account: xyzzzz0910
2025-03-28 11:05:57,471 - INFO - FOLLOWING SCRAPER: Error during batch processing: list.remove(x): x not in list
2025-03-28 11:05:57,471 - INFO - FOLLOWING SCRAPER: Browser closed. Script complete.
2025-03-28 11:05:58,006 - ERROR - DEBUG: ISSUE DETECTED - Queue size didn't decrease. Before: 1862, After: 1862, Diff: 0
2025-03-28 11:05:58,007 - INFO - DEBUG: Checking for duplicates after processing
2025-03-28 11:05:58,009 - INFO - No duplicate links found in instagram_data/followingLinks.txt
2025-03-28 11:05:58,011 - INFO - remove_processed_links function is disabled to allow re-scraping of potential rate-limited accounts
2025-03-28 11:05:58,011 - INFO - Following accounts scraping session completed with result: True
2025-03-28 11:05:58,011 - INFO - Sessions completed. Waiting 0 hours and 20 minutes before next sessions...
2025-03-28 11:26:19,028 - INFO - Current counts in status file - Followers: 881, Following: 1869
2025-03-28 11:26:19,034 - INFO - Current counts in status file - Followers: 881, Following: 1869
2025-03-28 11:26:19,037 - INFO - Starting new scraping session
2025-03-28 11:26:19,037 - INFO - Current counts in status file - Followers: 881, Following: 1869
2025-03-28 11:26:19,038 - INFO - Need to collect more following accounts: 1862/1869
2025-03-28 11:26:19,038 - INFO - Need to collect more followers: 879/881
2025-03-28 11:26:19,038 - INFO - Using 7 max pages for this session
2025-03-28 11:26:55,091 - INFO - SCRAPER: Logged in using button: //button[contains(.,'Log in')]
2025-03-28 11:26:55,093 - INFO - SCRAPER: Logged in successfully!
2025-03-28 11:26:55,093 - INFO - SCRAPER: Logged in as fretin98
2025-03-28 11:26:55,093 - INFO - SCRAPER: Resuming previous session...
2025-03-28 11:26:55,093 - INFO - SCRAPER: Loaded 879 followers and 1862 following from previous session
2025-03-28 11:26:55,093 - INFO - SCRAPER: Profile Stats: {'followers': 881, 'following': 1869, 'posts': 242}
2025-03-28 11:26:55,093 - INFO - Found profile stats line
2025-03-28 11:26:55,093 - INFO - SCRAPER: Followers: 881, Following: 1869
2025-03-28 11:26:55,093 - INFO - Extracted total followers: 881
2025-03-28 11:26:55,093 - INFO - Extracted total following: 1869
2025-03-28 11:26:55,093 - INFO - SCRAPER: Scraping followers...
2025-03-28 11:26:55,093 - INFO - SCRAPER: Already collected 879/881 followers (≥95%). Skipping followers scraping.
2025-03-28 11:26:55,093 - INFO - SCRAPER: Scraping following...
2025-03-28 11:26:55,095 - INFO - SCRAPER: Already collected 1862/1869 following accounts (≥95%). Skipping following scraping.
2025-03-28 11:26:55,095 - INFO - SCRAPER: Getting links to following accounts...
2025-03-28 11:26:55,095 - INFO - SCRAPER: Created 1862 following links from usernames
2025-03-28 11:26:55,095 - INFO - SCRAPER: Updated following links file: instagram_data/followingLinks.txt
2025-03-28 11:26:55,095 - INFO - SCRAPER: Updated adjacency list file: instagram_data/adjList.txt
2025-03-28 11:26:55,095 - INFO - SCRAPER: Added 0 new relationships (total: 25025)
2025-03-28 11:26:55,095 - INFO - SCRAPER: Retrieved 1862 following links
2025-03-28 11:26:55,095 - INFO - SCRAPER: Session completed successfully!
2025-03-28 11:26:55,095 - INFO - SCRAPER: Browser closed.
2025-03-28 11:26:55,497 - INFO - Updating status with dynamic counts - Followers: 881, Following: 1869
2025-03-28 11:26:55,507 - INFO - Saved data to instagram_data/auto_scrape_status.json
2025-03-28 11:26:55,510 - INFO - Now running a session to scrape following accounts network data...
2025-03-28 11:26:55,510 - INFO - Starting following accounts scraping session
2025-03-28 11:26:55,510 - INFO - remove_processed_links function is disabled to allow re-scraping of potential rate-limited accounts
2025-03-28 11:26:55,511 - INFO - DEBUG: Checking for duplicates before processing
2025-03-28 11:26:55,514 - INFO - No duplicate links found in instagram_data/followingLinks.txt
2025-03-28 11:26:55,518 - INFO - DEBUG: Before processing - 1862 accounts in queue
2025-03-28 11:26:55,528 - INFO - Using random batch size of 40 accounts for this session
2025-03-28 11:28:43,633 - INFO - FOLLOWING SCRAPER: DEBUG MODE ENABLED
2025-03-28 11:28:43,636 - INFO - FOLLOWING SCRAPER: Loaded scraping progress: 1474 accounts processed
2025-03-28 11:28:43,636 - INFO - FOLLOWING SCRAPER: Will process 40 accounts in this session
2025-03-28 11:28:43,636 - INFO - FOLLOWING SCRAPER: Logged in using button: //button[contains(.,'Log in')]
2025-03-28 11:28:43,636 - INFO - FOLLOWING SCRAPER: Logged in successfully!
2025-03-28 11:28:43,636 - INFO - FOLLOWING SCRAPER: Rate limit statistics: 1 accounts marked as rate-limited
2025-03-28 11:28:43,636 - INFO - FOLLOWING SCRAPER: Examples of rate-limited accounts: ['benton.down']
2025-03-28 11:28:43,636 - INFO - FOLLOWING SCRAPER: Loaded 1862 links from instagram_data/followingLinks.txt
2025-03-28 11:28:43,646 - INFO - FOLLOWING SCRAPER: Loaded adjacency list from instagram_data/adjList.txt
2025-03-28 11:28:43,646 - INFO - FOLLOWING SCRAPER: Deduplicating adjacency list...
2025-03-28 11:28:43,646 - INFO - FOLLOWING SCRAPER: No duplicates found in adjList.txt
2025-03-28 11:28:43,646 - INFO - FOLLOWING SCRAPER: DEBUG: Found 6161 already processed accounts in adjList.txt
2025-03-28 11:28:43,646 - INFO - FOLLOWING SCRAPER: Found 6161 accounts that have already been processed
2025-03-28 11:28:43,646 - INFO - FOLLOWING SCRAPER: Starting batch processing of 40 accounts
2025-03-28 11:28:43,646 - INFO - FOLLOWING SCRAPER: Pre-checking accounts to prioritize ones with reasonable follower/following counts...
2025-03-28 11:28:43,646 - INFO - FOLLOWING SCRAPER: ✓ shuheisakaue: Good candidate with 18 followers, 895 following
2025-03-28 11:28:43,646 - INFO - FOLLOWING SCRAPER: ✓ catsoupai: Good candidate with 189 followers, 189 following
2025-03-28 11:28:43,649 - INFO - FOLLOWING SCRAPER: ✓ soloslop.memes: Good candidate with 70 followers, 67 following
2025-03-28 11:28:43,651 - INFO - FOLLOWING SCRAPER: ✓ phillipsauction: Good candidate with 429 followers, 434 following
2025-03-28 11:28:43,651 - INFO - FOLLOWING SCRAPER: ✓ filmmovement: Good candidate with 12 followers, 708 following
2025-03-28 11:28:43,652 - INFO - FOLLOWING SCRAPER: ✗ rubahitam_: Too many connections (48 followers, 1152 following)
2025-03-28 11:28:43,652 - INFO - FOLLOWING SCRAPER: ✗ chinatown_cowboy.mp4: Too many connections (2384 followers, 0 following)
2025-03-28 11:28:43,652 - INFO - FOLLOWING SCRAPER: ✓ asian_redbozicowboy: Good candidate with 29 followers, 250 following
2025-03-28 11:28:43,652 - INFO - FOLLOWING SCRAPER: ✓ ccpxi_8964: Good candidate with 10 followers, 97 following
2025-03-28 11:28:43,652 - INFO - FOLLOWING SCRAPER: ✓ ngr.ev: Good candidate with 115 followers, 190 following
2025-03-28 11:28:43,652 - INFO - FOLLOWING SCRAPER: ✓ cinema_nighttt: Good candidate with 401 followers, 15 following
2025-03-28 11:28:43,654 - INFO - FOLLOWING SCRAPER: ✓ thedizzyviper: Good candidate with 179 followers, 903 following
2025-03-28 11:28:43,655 - INFO - FOLLOWING SCRAPER: ✗ arabbitsfoot: Too many connections (65 followers, 1570 following)
2025-03-28 11:28:43,655 - INFO - FOLLOWING SCRAPER: ✓ laclefrevival: Good candidate with 23 followers, 503 following
2025-03-28 11:28:43,655 - INFO - FOLLOWING SCRAPER: ✓ byboyfantasy: Good candidate with 83 followers, 608 following
2025-03-28 11:28:43,655 - INFO - FOLLOWING SCRAPER: ✓ manofdutch: Good candidate with 29 followers, 55 following
2025-03-28 11:28:43,655 - INFO - FOLLOWING SCRAPER: ✗ fernandosev7n: Too many connections (235 followers, 1534 following)
2025-03-28 11:28:43,655 - INFO - FOLLOWING SCRAPER: ✓ thefineartcollective: Good candidate with 675 followers, 920 following
2025-03-28 11:28:43,655 - INFO - FOLLOWING SCRAPER: ✗ xidan_zhang: Too many connections (2743 followers, 902 following)
2025-03-28 11:28:43,656 - INFO - FOLLOWING SCRAPER: ✗ zihaosong: Too many connections (10 followers, 2448 following)
2025-03-28 11:28:43,656 - INFO - FOLLOWING SCRAPER: ✗ young.brando: Too many connections (17 followers, 2456 following)
2025-03-28 11:28:43,656 - INFO - FOLLOWING SCRAPER: ✗ gentleman.gasmask: Too many connections (364 followers, 1661 following)
2025-03-28 11:28:43,656 - INFO - FOLLOWING SCRAPER: ✗ yuukakazami0: Too many connections (1344 followers, 520 following)
2025-03-28 11:28:43,657 - INFO - FOLLOWING SCRAPER: ✗ cucny: Too many connections (2783 followers, 38 following)
2025-03-28 11:28:43,657 - INFO - FOLLOWING SCRAPER: Found 14 accounts with reasonable follower/following counts
2025-03-28 11:28:43,657 - INFO - FOLLOWING SCRAPER: DEBUG: Sanitizing and saving 1862 links
2025-03-28 11:28:43,657 - INFO - FOLLOWING SCRAPER: DEBUG: After sanitization: 1862 links (removed 0)
2025-03-28 11:28:43,657 - INFO - FOLLOWING SCRAPER: DEBUG: Successfully saved 1862 links to instagram_data/followingLinks.txt
2025-03-28 11:28:43,657 - INFO - FOLLOWING SCRAPER: Links reordered to prioritize accounts with reasonable follower/following counts
2025-03-28 11:28:43,657 - INFO - FOLLOWING SCRAPER: Randomly selecting 40 accounts from 1862 available accounts
2025-03-28 11:28:43,657 - INFO - FOLLOWING SCRAPER: DEBUG: Processing randomly selected link #1480/1862: https://www.instagram.com/albertna98/
2025-03-28 11:28:43,657 - INFO - FOLLOWING SCRAPER: DEBUG: Before processing - 1862 links in queue
2025-03-28 11:28:43,657 - INFO - FOLLOWING SCRAPER: DEBUG: Account albertna98 in progress data with rate_limited=False
2025-03-28 11:28:43,657 - INFO - FOLLOWING SCRAPER: DEBUG: Skipping already processed account: albertna98
2025-03-28 11:28:43,657 - INFO - FOLLOWING SCRAPER: Error during batch processing: list.remove(x): x not in list
2025-03-28 11:28:43,657 - INFO - FOLLOWING SCRAPER: Browser closed. Script complete.
2025-03-28 11:28:44,005 - ERROR - DEBUG: ISSUE DETECTED - Queue size didn't decrease. Before: 1862, After: 1862, Diff: 0
2025-03-28 11:28:44,006 - INFO - DEBUG: Checking for duplicates after processing
2025-03-28 11:28:44,006 - INFO - No duplicate links found in instagram_data/followingLinks.txt
2025-03-28 11:28:44,007 - INFO - remove_processed_links function is disabled to allow re-scraping of potential rate-limited accounts
2025-03-28 11:28:44,007 - INFO - Following accounts scraping session completed with result: True
2025-03-28 11:28:44,007 - INFO - Sessions completed. Waiting 0 hours and 33 minutes before next sessions...
2025-03-28 12:02:02,996 - INFO - Current counts in status file - Followers: 881, Following: 1869
2025-03-28 12:02:02,998 - INFO - Current counts in status file - Followers: 881, Following: 1869
2025-03-28 12:02:02,999 - INFO - It's 12:02, taking a natural break to appear more human-like.
2025-03-28 12:02:02,999 - INFO - Will take a 98 minute break and resume at approximately 13:40
2025-03-28 12:02:02,999 - INFO - Saved data to instagram_data/auto_scrape_status.json
2025-03-28 13:40:03,018 - INFO - Natural break complete, resuming operations
2025-03-28 13:40:03,025 - INFO - Starting new scraping session
2025-03-28 13:40:03,029 - INFO - Current counts in status file - Followers: 881, Following: 1869
2025-03-28 13:40:03,029 - INFO - Need to collect more following accounts: 1862/1869
2025-03-28 13:40:03,029 - INFO - Need to collect more followers: 879/881
2025-03-28 13:40:03,029 - INFO - Using 8 max pages for this session
2025-03-28 13:40:36,262 - INFO - SCRAPER: Logged in using button: //button[contains(.,'Log in')]
2025-03-28 13:40:36,266 - INFO - SCRAPER: Logged in successfully!
2025-03-28 13:40:36,266 - INFO - SCRAPER: Logged in as fretin98
2025-03-28 13:40:36,266 - INFO - SCRAPER: Resuming previous session...
2025-03-28 13:40:36,266 - INFO - SCRAPER: Loaded 879 followers and 1862 following from previous session
2025-03-28 13:40:36,266 - INFO - SCRAPER: Profile Stats: {'followers': 881, 'following': 1869, 'posts': 242}
2025-03-28 13:40:36,266 - INFO - Found profile stats line
2025-03-28 13:40:36,266 - INFO - SCRAPER: Followers: 881, Following: 1869
2025-03-28 13:40:36,266 - INFO - Extracted total followers: 881
2025-03-28 13:40:36,267 - INFO - Extracted total following: 1869
2025-03-28 13:40:36,267 - INFO - SCRAPER: Scraping followers...
2025-03-28 13:40:36,267 - INFO - SCRAPER: Already collected 879/881 followers (≥95%). Skipping followers scraping.
2025-03-28 13:40:36,267 - INFO - SCRAPER: Scraping following...
2025-03-28 13:40:36,267 - INFO - SCRAPER: Already collected 1862/1869 following accounts (≥95%). Skipping following scraping.
2025-03-28 13:40:36,267 - INFO - SCRAPER: Getting links to following accounts...
2025-03-28 13:40:36,267 - INFO - SCRAPER: Created 1862 following links from usernames
2025-03-28 13:40:36,267 - INFO - SCRAPER: Updated following links file: instagram_data/followingLinks.txt
2025-03-28 13:40:36,267 - INFO - SCRAPER: Updated adjacency list file: instagram_data/adjList.txt
2025-03-28 13:40:36,267 - INFO - SCRAPER: Added 0 new relationships (total: 25025)
2025-03-28 13:40:36,267 - INFO - SCRAPER: Retrieved 1862 following links
2025-03-28 13:40:36,267 - INFO - SCRAPER: Session completed successfully!
2025-03-28 13:40:36,267 - INFO - SCRAPER: Browser closed.
2025-03-28 13:40:36,309 - INFO - Updating status with dynamic counts - Followers: 881, Following: 1869
2025-03-28 13:40:36,321 - INFO - Saved data to instagram_data/auto_scrape_status.json
2025-03-28 13:40:36,322 - INFO - Now running a session to scrape following accounts network data...
2025-03-28 13:40:36,322 - INFO - Starting following accounts scraping session
2025-03-28 13:40:36,322 - INFO - remove_processed_links function is disabled to allow re-scraping of potential rate-limited accounts
2025-03-28 13:40:36,322 - INFO - DEBUG: Checking for duplicates before processing
2025-03-28 13:40:36,340 - INFO - No duplicate links found in instagram_data/followingLinks.txt
2025-03-28 13:40:36,343 - INFO - DEBUG: Before processing - 1862 accounts in queue
2025-03-28 13:40:36,418 - INFO - Using random batch size of 47 accounts for this session
2025-03-28 13:42:16,056 - INFO - FOLLOWING SCRAPER: DEBUG MODE ENABLED
2025-03-28 13:42:16,057 - INFO - FOLLOWING SCRAPER: Loaded scraping progress: 1474 accounts processed
2025-03-28 13:42:16,057 - INFO - FOLLOWING SCRAPER: Will process 47 accounts in this session
2025-03-28 13:42:16,057 - INFO - FOLLOWING SCRAPER: Logged in using button: //button[contains(.,'Log in')]
2025-03-28 13:42:16,057 - INFO - FOLLOWING SCRAPER: Logged in successfully!
2025-03-28 13:42:16,057 - INFO - FOLLOWING SCRAPER: Rate limit statistics: 1 accounts marked as rate-limited
2025-03-28 13:42:16,057 - INFO - FOLLOWING SCRAPER: Examples of rate-limited accounts: ['benton.down']
2025-03-28 13:42:16,057 - INFO - FOLLOWING SCRAPER: Loaded 1862 links from instagram_data/followingLinks.txt
2025-03-28 13:42:16,057 - INFO - FOLLOWING SCRAPER: Loaded adjacency list from instagram_data/adjList.txt
2025-03-28 13:42:16,057 - INFO - FOLLOWING SCRAPER: Deduplicating adjacency list...
2025-03-28 13:42:16,057 - INFO - FOLLOWING SCRAPER: No duplicates found in adjList.txt
2025-03-28 13:42:16,057 - INFO - FOLLOWING SCRAPER: DEBUG: Found 6161 already processed accounts in adjList.txt
2025-03-28 13:42:16,058 - INFO - FOLLOWING SCRAPER: Found 6161 accounts that have already been processed
2025-03-28 13:42:16,058 - INFO - FOLLOWING SCRAPER: Starting batch processing of 47 accounts
2025-03-28 13:42:16,058 - INFO - FOLLOWING SCRAPER: Pre-checking accounts to prioritize ones with reasonable follower/following counts...
2025-03-28 13:42:16,058 - INFO - FOLLOWING SCRAPER: ✓ shuheisakaue: Good candidate with 18 followers, 895 following
2025-03-28 13:42:16,058 - INFO - FOLLOWING SCRAPER: ✓ catsoupai: Good candidate with 189 followers, 189 following
2025-03-28 13:42:16,058 - INFO - FOLLOWING SCRAPER: ✓ soloslop.memes: Good candidate with 70 followers, 67 following
2025-03-28 13:42:16,058 - INFO - FOLLOWING SCRAPER: ✓ phillipsauction: Good candidate with 429 followers, 434 following
2025-03-28 13:42:16,058 - INFO - FOLLOWING SCRAPER: ✓ filmmovement: Good candidate with 12 followers, 708 following
2025-03-28 13:42:16,058 - INFO - FOLLOWING SCRAPER: ✗ rubahitam_: Too many connections (48 followers, 1151 following)
2025-03-28 13:42:16,058 - INFO - FOLLOWING SCRAPER: ✗ chinatown_cowboy.mp4: Too many connections (2385 followers, 0 following)
2025-03-28 13:42:16,058 - INFO - FOLLOWING SCRAPER: ✓ asian_redbozicowboy: Good candidate with 29 followers, 250 following
2025-03-28 13:42:16,058 - INFO - FOLLOWING SCRAPER: ✓ ccpxi_8964: Good candidate with 10 followers, 97 following
2025-03-28 13:42:16,058 - INFO - FOLLOWING SCRAPER: ✓ ngr.ev: Good candidate with 116 followers, 189 following
2025-03-28 13:42:16,058 - INFO - FOLLOWING SCRAPER: ✓ cinema_nighttt: Good candidate with 401 followers, 15 following
2025-03-28 13:42:16,058 - INFO - FOLLOWING SCRAPER: ✓ thedizzyviper: Good candidate with 179 followers, 903 following
2025-03-28 13:42:16,058 - INFO - FOLLOWING SCRAPER: ✗ arabbitsfoot: Too many connections (65 followers, 1570 following)
2025-03-28 13:42:16,058 - INFO - FOLLOWING SCRAPER: ✓ laclefrevival: Good candidate with 23 followers, 503 following
2025-03-28 13:42:16,058 - INFO - FOLLOWING SCRAPER: ✓ byboyfantasy: Good candidate with 83 followers, 608 following
2025-03-28 13:42:16,058 - INFO - FOLLOWING SCRAPER: ✓ manofdutch: Good candidate with 29 followers, 55 following
2025-03-28 13:42:16,058 - INFO - FOLLOWING SCRAPER: ✗ fernandosev7n: Too many connections (235 followers, 1534 following)
2025-03-28 13:42:16,058 - INFO - FOLLOWING SCRAPER: ✓ thefineartcollective: Good candidate with 675 followers, 920 following
2025-03-28 13:42:16,058 - INFO - FOLLOWING SCRAPER: ✗ xidan_zhang: Too many connections (2743 followers, 902 following)
2025-03-28 13:42:16,058 - INFO - FOLLOWING SCRAPER: ✗ zihaosong: Too many connections (10 followers, 2448 following)
2025-03-28 13:42:16,058 - INFO - FOLLOWING SCRAPER: ✗ young.brando: Too many connections (17 followers, 2456 following)
2025-03-28 13:42:16,058 - INFO - FOLLOWING SCRAPER: ✗ gentleman.gasmask: Too many connections (364 followers, 1661 following)
2025-03-28 13:42:16,058 - INFO - FOLLOWING SCRAPER: ✗ yuukakazami0: Too many connections (1345 followers, 521 following)
2025-03-28 13:42:16,058 - INFO - FOLLOWING SCRAPER: ✗ cucny: Too many connections (2783 followers, 38 following)
2025-03-28 13:42:16,058 - INFO - FOLLOWING SCRAPER: ✗ thepennclub: Too many connections (4061 followers, 632 following)
2025-03-28 13:42:16,058 - INFO - FOLLOWING SCRAPER: ✗ lsmartfund: Too many connections (4172 followers, 586 following)
2025-03-28 13:42:16,058 - INFO - FOLLOWING SCRAPER: ✗ perpetual.passion: Too many connections (38 followers, 2352 following)
2025-03-28 13:42:16,058 - INFO - FOLLOWING SCRAPER: Found 14 accounts with reasonable follower/following counts
2025-03-28 13:42:16,058 - INFO - FOLLOWING SCRAPER: DEBUG: Sanitizing and saving 1862 links
2025-03-28 13:42:16,058 - INFO - FOLLOWING SCRAPER: DEBUG: After sanitization: 1862 links (removed 0)
2025-03-28 13:42:16,058 - INFO - FOLLOWING SCRAPER: DEBUG: Successfully saved 1862 links to instagram_data/followingLinks.txt
2025-03-28 13:42:16,058 - INFO - FOLLOWING SCRAPER: Links reordered to prioritize accounts with reasonable follower/following counts
2025-03-28 13:42:16,058 - INFO - FOLLOWING SCRAPER: Randomly selecting 47 accounts from 1862 available accounts
2025-03-28 13:42:16,058 - INFO - FOLLOWING SCRAPER: DEBUG: Processing randomly selected link #945/1862: https://www.instagram.com/simonnicoloso/
2025-03-28 13:42:16,058 - INFO - FOLLOWING SCRAPER: DEBUG: Before processing - 1862 links in queue
2025-03-28 13:42:16,058 - INFO - FOLLOWING SCRAPER: DEBUG: Account simonnicoloso in progress data with rate_limited=False
2025-03-28 13:42:16,058 - INFO - FOLLOWING SCRAPER: Processing: https://www.instagram.com/simonnicoloso/
2025-03-28 13:42:16,058 - INFO - FOLLOWING SCRAPER: Account simonnicoloso already fully processed. Skipping.
2025-03-28 13:42:16,058 - INFO - FOLLOWING SCRAPER: DEBUG: Removing link from queue: https://www.instagram.com/simonnicoloso/
2025-03-28 13:42:16,058 - INFO - FOLLOWING SCRAPER: Error processing https://www.instagram.com/simonnicoloso/: list.remove(x): x not in list
2025-03-28 13:42:16,058 - INFO - FOLLOWING SCRAPER: DEBUG: Moving failed link to end of queue: https://www.instagram.com/simonnicoloso/
2025-03-28 13:42:16,058 - INFO - FOLLOWING SCRAPER: Error during batch processing: list.remove(x): x not in list
2025-03-28 13:42:16,058 - INFO - FOLLOWING SCRAPER: Browser closed. Script complete.
2025-03-28 13:42:16,364 - ERROR - DEBUG: ISSUE DETECTED - Queue size didn't decrease. Before: 1862, After: 1862, Diff: 0
2025-03-28 13:42:16,364 - INFO - DEBUG: Checking for duplicates after processing
2025-03-28 13:42:16,366 - INFO - No duplicate links found in instagram_data/followingLinks.txt
2025-03-28 13:42:16,366 - INFO - remove_processed_links function is disabled to allow re-scraping of potential rate-limited accounts
2025-03-28 13:42:16,366 - INFO - Following accounts scraping session completed with result: True
2025-03-28 13:42:16,366 - INFO - Sessions completed. Waiting 0 hours and 34 minutes before next sessions...
2025-03-28 14:16:23,431 - INFO - Current counts in status file - Followers: 881, Following: 1869
2025-03-28 14:16:23,433 - INFO - Current counts in status file - Followers: 881, Following: 1869
2025-03-28 14:16:23,435 - INFO - Starting new scraping session
2025-03-28 14:16:23,436 - INFO - Current counts in status file - Followers: 881, Following: 1869
2025-03-28 14:16:23,436 - INFO - Need to collect more following accounts: 1862/1869
2025-03-28 14:16:23,436 - INFO - Need to collect more followers: 879/881
2025-03-28 14:16:23,436 - INFO - Using 5 max pages for this session
2025-03-28 14:16:56,106 - INFO - SCRAPER: Logged in using button: //button[contains(.,'Log in')]
2025-03-28 14:16:56,108 - INFO - SCRAPER: Logged in successfully!
2025-03-28 14:16:56,108 - INFO - SCRAPER: Logged in as fretin98
2025-03-28 14:16:56,108 - INFO - SCRAPER: Resuming previous session...
2025-03-28 14:16:56,108 - INFO - SCRAPER: Loaded 879 followers and 1862 following from previous session
2025-03-28 14:16:56,108 - INFO - SCRAPER: Profile Stats: {'followers': 881, 'following': 1869, 'posts': 242}
2025-03-28 14:16:56,108 - INFO - Found profile stats line
2025-03-28 14:16:56,108 - INFO - SCRAPER: Followers: 881, Following: 1869
2025-03-28 14:16:56,108 - INFO - Extracted total followers: 881
2025-03-28 14:16:56,108 - INFO - Extracted total following: 1869
2025-03-28 14:16:56,108 - INFO - SCRAPER: Scraping followers...
2025-03-28 14:16:56,108 - INFO - SCRAPER: Already collected 879/881 followers (≥95%). Skipping followers scraping.
2025-03-28 14:16:56,109 - INFO - SCRAPER: Scraping following...
2025-03-28 14:16:56,109 - INFO - SCRAPER: Already collected 1862/1869 following accounts (≥95%). Skipping following scraping.
2025-03-28 14:16:56,109 - INFO - SCRAPER: Getting links to following accounts...
2025-03-28 14:16:56,109 - INFO - SCRAPER: Created 1862 following links from usernames
2025-03-28 14:16:56,109 - INFO - SCRAPER: Updated following links file: instagram_data/followingLinks.txt
2025-03-28 14:16:56,109 - INFO - SCRAPER: Updated adjacency list file: instagram_data/adjList.txt
2025-03-28 14:16:56,109 - INFO - SCRAPER: Added 0 new relationships (total: 25025)
2025-03-28 14:16:56,109 - INFO - SCRAPER: Retrieved 1862 following links
2025-03-28 14:16:56,109 - INFO - SCRAPER: Session completed successfully!
2025-03-28 14:16:56,109 - INFO - SCRAPER: Browser closed.
2025-03-28 14:16:56,195 - INFO - Updating status with dynamic counts - Followers: 881, Following: 1869
2025-03-28 14:16:56,200 - INFO - Saved data to instagram_data/auto_scrape_status.json
2025-03-28 14:16:56,206 - INFO - Now running a session to scrape following accounts network data...
2025-03-28 14:16:56,207 - INFO - Starting following accounts scraping session
2025-03-28 14:16:56,207 - INFO - remove_processed_links function is disabled to allow re-scraping of potential rate-limited accounts
2025-03-28 14:16:56,207 - INFO - DEBUG: Checking for duplicates before processing
2025-03-28 14:16:56,219 - INFO - No duplicate links found in instagram_data/followingLinks.txt
2025-03-28 14:16:56,220 - INFO - DEBUG: Before processing - 1862 accounts in queue
2025-03-28 14:16:56,231 - INFO - Using random batch size of 43 accounts for this session
2025-03-28 14:18:41,682 - INFO - FOLLOWING SCRAPER: DEBUG MODE ENABLED
2025-03-28 14:18:41,683 - INFO - FOLLOWING SCRAPER: Loaded scraping progress: 1474 accounts processed
2025-03-28 14:18:41,683 - INFO - FOLLOWING SCRAPER: Will process 43 accounts in this session
2025-03-28 14:18:41,683 - INFO - FOLLOWING SCRAPER: Logged in using button: //button[contains(.,'Log in')]
2025-03-28 14:18:41,683 - INFO - FOLLOWING SCRAPER: Logged in successfully!
2025-03-28 14:18:41,683 - INFO - FOLLOWING SCRAPER: Rate limit statistics: 1 accounts marked as rate-limited
2025-03-28 14:18:41,683 - INFO - FOLLOWING SCRAPER: Examples of rate-limited accounts: ['benton.down']
2025-03-28 14:18:41,683 - INFO - FOLLOWING SCRAPER: Loaded 1862 links from instagram_data/followingLinks.txt
2025-03-28 14:18:41,683 - INFO - FOLLOWING SCRAPER: Loaded adjacency list from instagram_data/adjList.txt
2025-03-28 14:18:41,683 - INFO - FOLLOWING SCRAPER: Deduplicating adjacency list...
2025-03-28 14:18:41,683 - INFO - FOLLOWING SCRAPER: No duplicates found in adjList.txt
2025-03-28 14:18:41,683 - INFO - FOLLOWING SCRAPER: DEBUG: Found 6161 already processed accounts in adjList.txt
2025-03-28 14:18:41,683 - INFO - FOLLOWING SCRAPER: Found 6161 accounts that have already been processed
2025-03-28 14:18:41,683 - INFO - FOLLOWING SCRAPER: Starting batch processing of 43 accounts
2025-03-28 14:18:41,683 - INFO - FOLLOWING SCRAPER: Pre-checking accounts to prioritize ones with reasonable follower/following counts...
2025-03-28 14:18:41,683 - INFO - FOLLOWING SCRAPER: ✓ shuheisakaue: Good candidate with 18 followers, 895 following
2025-03-28 14:18:41,683 - INFO - FOLLOWING SCRAPER: ✓ catsoupai: Good candidate with 189 followers, 189 following
2025-03-28 14:18:41,683 - INFO - FOLLOWING SCRAPER: ✓ soloslop.memes: Good candidate with 70 followers, 67 following
2025-03-28 14:18:41,683 - INFO - FOLLOWING SCRAPER: ✓ phillipsauction: Good candidate with 429 followers, 434 following
2025-03-28 14:18:41,683 - INFO - FOLLOWING SCRAPER: ✓ filmmovement: Good candidate with 12 followers, 708 following
2025-03-28 14:18:41,683 - INFO - FOLLOWING SCRAPER: ✗ rubahitam_: Too many connections (48 followers, 1151 following)
2025-03-28 14:18:41,683 - INFO - FOLLOWING SCRAPER: ✗ chinatown_cowboy.mp4: Too many connections (2385 followers, 0 following)
2025-03-28 14:18:41,683 - INFO - FOLLOWING SCRAPER: ✓ asian_redbozicowboy: Good candidate with 29 followers, 250 following
2025-03-28 14:18:41,683 - INFO - FOLLOWING SCRAPER: ✓ ccpxi_8964: Good candidate with 10 followers, 97 following
2025-03-28 14:18:41,683 - INFO - FOLLOWING SCRAPER: ✓ ngr.ev: Good candidate with 116 followers, 189 following
2025-03-28 14:18:41,683 - INFO - FOLLOWING SCRAPER: ✓ cinema_nighttt: Good candidate with 401 followers, 15 following
2025-03-28 14:18:41,683 - INFO - FOLLOWING SCRAPER: ✓ thedizzyviper: Good candidate with 179 followers, 903 following
2025-03-28 14:18:41,683 - INFO - FOLLOWING SCRAPER: ✗ arabbitsfoot: Too many connections (65 followers, 1570 following)
2025-03-28 14:18:41,683 - INFO - FOLLOWING SCRAPER: ✓ laclefrevival: Good candidate with 23 followers, 503 following
2025-03-28 14:18:41,683 - INFO - FOLLOWING SCRAPER: ✓ byboyfantasy: Good candidate with 83 followers, 608 following
2025-03-28 14:18:41,683 - INFO - FOLLOWING SCRAPER: ✓ manofdutch: Good candidate with 29 followers, 55 following
2025-03-28 14:18:41,683 - INFO - FOLLOWING SCRAPER: ✗ fernandosev7n: Too many connections (235 followers, 1534 following)
2025-03-28 14:18:41,683 - INFO - FOLLOWING SCRAPER: ✓ thefineartcollective: Good candidate with 675 followers, 920 following
2025-03-28 14:18:41,683 - INFO - FOLLOWING SCRAPER: ✗ xidan_zhang: Too many connections (2743 followers, 902 following)
2025-03-28 14:18:41,683 - INFO - FOLLOWING SCRAPER: ✗ zihaosong: Too many connections (10 followers, 2448 following)
2025-03-28 14:18:41,683 - INFO - FOLLOWING SCRAPER: ✗ young.brando: Too many connections (17 followers, 2456 following)
2025-03-28 14:18:41,683 - INFO - FOLLOWING SCRAPER: ✗ gentleman.gasmask: Too many connections (364 followers, 1661 following)
2025-03-28 14:18:41,683 - INFO - FOLLOWING SCRAPER: ✗ yuukakazami0: Too many connections (1345 followers, 521 following)
2025-03-28 14:18:41,683 - INFO - FOLLOWING SCRAPER: ✗ cucny: Too many connections (2783 followers, 38 following)
2025-03-28 14:18:41,683 - INFO - FOLLOWING SCRAPER: ✗ thepennclub: Too many connections (4061 followers, 632 following)
2025-03-28 14:18:41,683 - INFO - FOLLOWING SCRAPER: Found 14 accounts with reasonable follower/following counts
2025-03-28 14:18:41,683 - INFO - FOLLOWING SCRAPER: DEBUG: Sanitizing and saving 1862 links
2025-03-28 14:18:41,683 - INFO - FOLLOWING SCRAPER: DEBUG: After sanitization: 1862 links (removed 0)
2025-03-28 14:18:41,684 - INFO - FOLLOWING SCRAPER: DEBUG: Successfully saved 1862 links to instagram_data/followingLinks.txt
2025-03-28 14:18:41,684 - INFO - FOLLOWING SCRAPER: Links reordered to prioritize accounts with reasonable follower/following counts
2025-03-28 14:18:41,684 - INFO - FOLLOWING SCRAPER: Randomly selecting 43 accounts from 1862 available accounts
2025-03-28 14:18:41,684 - INFO - FOLLOWING SCRAPER: DEBUG: Processing randomly selected link #419/1862: https://www.instagram.com/zach_shen_/
2025-03-28 14:18:41,684 - INFO - FOLLOWING SCRAPER: DEBUG: Before processing - 1862 links in queue
2025-03-28 14:18:41,684 - INFO - FOLLOWING SCRAPER: DEBUG: Skipping already processed account: zach_shen_
2025-03-28 14:18:41,684 - INFO - FOLLOWING SCRAPER: Error during batch processing: list.remove(x): x not in list
2025-03-28 14:18:41,684 - INFO - FOLLOWING SCRAPER: Browser closed. Script complete.
2025-03-28 14:18:41,806 - ERROR - DEBUG: ISSUE DETECTED - Queue size didn't decrease. Before: 1862, After: 1862, Diff: 0
2025-03-28 14:18:41,806 - INFO - DEBUG: Checking for duplicates after processing
2025-03-28 14:18:41,807 - INFO - No duplicate links found in instagram_data/followingLinks.txt
2025-03-28 14:18:41,807 - INFO - remove_processed_links function is disabled to allow re-scraping of potential rate-limited accounts
2025-03-28 14:18:41,808 - INFO - Following accounts scraping session completed with result: True
2025-03-28 14:18:41,808 - INFO - Sessions completed. Waiting 0 hours and 30 minutes before next sessions...
2025-03-28 14:49:00,766 - INFO - Current counts in status file - Followers: 881, Following: 1869
2025-03-28 14:49:00,768 - INFO - Current counts in status file - Followers: 881, Following: 1869
2025-03-28 14:49:00,769 - INFO - Starting new scraping session
2025-03-28 14:49:00,769 - INFO - Current counts in status file - Followers: 881, Following: 1869
2025-03-28 14:49:00,769 - INFO - Need to collect more following accounts: 1862/1869
2025-03-28 14:49:00,769 - INFO - Need to collect more followers: 879/881
2025-03-28 14:49:00,769 - INFO - Using 7 max pages for this session
2025-03-28 14:49:34,885 - INFO - SCRAPER: Logged in using button: //button[contains(.,'Log in')]
2025-03-28 14:49:34,886 - INFO - SCRAPER: Logged in successfully!
2025-03-28 14:49:34,886 - INFO - SCRAPER: Logged in as fretin98
2025-03-28 14:49:34,886 - INFO - SCRAPER: Resuming previous session...
2025-03-28 14:49:34,886 - INFO - SCRAPER: Loaded 879 followers and 1862 following from previous session
2025-03-28 14:49:34,886 - INFO - SCRAPER: Profile Stats: {'followers': 881, 'following': 1869, 'posts': 242}
2025-03-28 14:49:34,886 - INFO - Found profile stats line
2025-03-28 14:49:34,886 - INFO - SCRAPER: Followers: 881, Following: 1869
2025-03-28 14:49:34,887 - INFO - Extracted total followers: 881
2025-03-28 14:49:34,887 - INFO - Extracted total following: 1869
2025-03-28 14:49:34,887 - INFO - SCRAPER: Scraping followers...
2025-03-28 14:49:34,887 - INFO - SCRAPER: Already collected 879/881 followers (≥95%). Skipping followers scraping.
2025-03-28 14:49:34,887 - INFO - SCRAPER: Scraping following...
2025-03-28 14:49:34,887 - INFO - SCRAPER: Already collected 1862/1869 following accounts (≥95%). Skipping following scraping.
2025-03-28 14:49:34,887 - INFO - SCRAPER: Getting links to following accounts...
2025-03-28 14:49:34,887 - INFO - SCRAPER: Created 1862 following links from usernames
2025-03-28 14:49:34,887 - INFO - SCRAPER: Updated following links file: instagram_data/followingLinks.txt
2025-03-28 14:49:34,887 - INFO - SCRAPER: Updated adjacency list file: instagram_data/adjList.txt
2025-03-28 14:49:34,887 - INFO - SCRAPER: Added 0 new relationships (total: 25025)
2025-03-28 14:49:34,887 - INFO - SCRAPER: Retrieved 1862 following links
2025-03-28 14:49:34,887 - INFO - SCRAPER: Session completed successfully!
2025-03-28 14:49:34,887 - INFO - SCRAPER: Browser closed.
2025-03-28 14:49:35,154 - INFO - Updating status with dynamic counts - Followers: 881, Following: 1869
2025-03-28 14:49:35,161 - INFO - Saved data to instagram_data/auto_scrape_status.json
2025-03-28 14:49:35,162 - INFO - Now running a session to scrape following accounts network data...
2025-03-28 14:49:35,163 - INFO - Starting following accounts scraping session
2025-03-28 14:49:35,163 - INFO - remove_processed_links function is disabled to allow re-scraping of potential rate-limited accounts
2025-03-28 14:49:35,163 - INFO - DEBUG: Checking for duplicates before processing
2025-03-28 14:49:35,164 - INFO - No duplicate links found in instagram_data/followingLinks.txt
2025-03-28 14:49:35,167 - INFO - DEBUG: Before processing - 1862 accounts in queue
2025-03-28 14:49:35,172 - INFO - Using random batch size of 50 accounts for this session
2025-03-28 14:51:16,722 - INFO - FOLLOWING SCRAPER: DEBUG MODE ENABLED
2025-03-28 14:51:16,724 - INFO - FOLLOWING SCRAPER: Loaded scraping progress: 1474 accounts processed
2025-03-28 14:51:16,724 - INFO - FOLLOWING SCRAPER: Will process 50 accounts in this session
2025-03-28 14:51:16,724 - INFO - FOLLOWING SCRAPER: Logged in using button: //button[contains(.,'Log in')]
2025-03-28 14:51:16,724 - INFO - FOLLOWING SCRAPER: Logged in successfully!
2025-03-28 14:51:16,724 - INFO - FOLLOWING SCRAPER: Rate limit statistics: 1 accounts marked as rate-limited
2025-03-28 14:51:16,724 - INFO - FOLLOWING SCRAPER: Examples of rate-limited accounts: ['benton.down']
2025-03-28 14:51:16,724 - INFO - FOLLOWING SCRAPER: Loaded 1862 links from instagram_data/followingLinks.txt
2025-03-28 14:51:16,724 - INFO - FOLLOWING SCRAPER: Loaded adjacency list from instagram_data/adjList.txt
2025-03-28 14:51:16,724 - INFO - FOLLOWING SCRAPER: Deduplicating adjacency list...
2025-03-28 14:51:16,724 - INFO - FOLLOWING SCRAPER: No duplicates found in adjList.txt
2025-03-28 14:51:16,724 - INFO - FOLLOWING SCRAPER: DEBUG: Found 6161 already processed accounts in adjList.txt
2025-03-28 14:51:16,725 - INFO - FOLLOWING SCRAPER: Found 6161 accounts that have already been processed
2025-03-28 14:51:16,725 - INFO - FOLLOWING SCRAPER: Starting batch processing of 50 accounts
2025-03-28 14:51:16,725 - INFO - FOLLOWING SCRAPER: Pre-checking accounts to prioritize ones with reasonable follower/following counts...
2025-03-28 14:51:16,725 - INFO - FOLLOWING SCRAPER: ✓ shuheisakaue: Good candidate with 18 followers, 895 following
2025-03-28 14:51:16,725 - INFO - FOLLOWING SCRAPER: ✓ catsoupai: Good candidate with 189 followers, 189 following
2025-03-28 14:51:16,725 - INFO - FOLLOWING SCRAPER: ✓ soloslop.memes: Good candidate with 70 followers, 67 following
2025-03-28 14:51:16,725 - INFO - FOLLOWING SCRAPER: ✓ phillipsauction: Good candidate with 429 followers, 434 following
2025-03-28 14:51:16,725 - INFO - FOLLOWING SCRAPER: ✓ filmmovement: Good candidate with 12 followers, 709 following
2025-03-28 14:51:16,725 - INFO - FOLLOWING SCRAPER: ✗ rubahitam_: Too many connections (48 followers, 1151 following)
2025-03-28 14:51:16,725 - INFO - FOLLOWING SCRAPER: ✗ chinatown_cowboy.mp4: Too many connections (2385 followers, 0 following)
2025-03-28 14:51:16,725 - INFO - FOLLOWING SCRAPER: ✓ asian_redbozicowboy: Good candidate with 29 followers, 250 following
2025-03-28 14:51:16,725 - INFO - FOLLOWING SCRAPER: ✓ ccpxi_8964: Good candidate with 10 followers, 97 following
2025-03-28 14:51:16,725 - INFO - FOLLOWING SCRAPER: ✓ ngr.ev: Good candidate with 116 followers, 190 following
2025-03-28 14:51:16,725 - INFO - FOLLOWING SCRAPER: ✓ cinema_nighttt: Good candidate with 401 followers, 15 following
2025-03-28 14:51:16,725 - INFO - FOLLOWING SCRAPER: ✓ thedizzyviper: Good candidate with 179 followers, 903 following
2025-03-28 14:51:16,725 - INFO - FOLLOWING SCRAPER: ✗ arabbitsfoot: Too many connections (65 followers, 1571 following)
2025-03-28 14:51:16,725 - INFO - FOLLOWING SCRAPER: ✓ laclefrevival: Good candidate with 23 followers, 503 following
2025-03-28 14:51:16,725 - INFO - FOLLOWING SCRAPER: ✓ byboyfantasy: Good candidate with 83 followers, 608 following
2025-03-28 14:51:16,725 - INFO - FOLLOWING SCRAPER: ✓ manofdutch: Good candidate with 29 followers, 55 following
2025-03-28 14:51:16,725 - INFO - FOLLOWING SCRAPER: ✗ fernandosev7n: Too many connections (235 followers, 1534 following)
2025-03-28 14:51:16,725 - INFO - FOLLOWING SCRAPER: ✓ thefineartcollective: Good candidate with 675 followers, 920 following
2025-03-28 14:51:16,725 - INFO - FOLLOWING SCRAPER: ✗ xidan_zhang: Too many connections (2743 followers, 902 following)
2025-03-28 14:51:16,725 - INFO - FOLLOWING SCRAPER: ✗ zihaosong: Too many connections (10 followers, 2448 following)
2025-03-28 14:51:16,725 - INFO - FOLLOWING SCRAPER: ✗ young.brando: Too many connections (17 followers, 2456 following)
2025-03-28 14:51:16,725 - INFO - FOLLOWING SCRAPER: ✗ gentleman.gasmask: Too many connections (364 followers, 1661 following)
2025-03-28 14:51:16,725 - INFO - FOLLOWING SCRAPER: ✗ yuukakazami0: Too many connections (1345 followers, 521 following)
2025-03-28 14:51:16,725 - INFO - FOLLOWING SCRAPER: ✗ cucny: Too many connections (2783 followers, 38 following)
2025-03-28 14:51:16,726 - INFO - FOLLOWING SCRAPER: ✗ thepennclub: Too many connections (4061 followers, 632 following)
2025-03-28 14:51:16,726 - INFO - FOLLOWING SCRAPER: ✗ lsmartfund: Too many connections (4172 followers, 586 following)
2025-03-28 14:51:16,726 - INFO - FOLLOWING SCRAPER: ✗ perpetual.passion: Too many connections (38 followers, 2352 following)
2025-03-28 14:51:16,726 - INFO - FOLLOWING SCRAPER: Found 14 accounts with reasonable follower/following counts
2025-03-28 14:51:16,726 - INFO - FOLLOWING SCRAPER: DEBUG: Sanitizing and saving 1862 links
2025-03-28 14:51:16,726 - INFO - FOLLOWING SCRAPER: DEBUG: After sanitization: 1862 links (removed 0)
2025-03-28 14:51:16,726 - INFO - FOLLOWING SCRAPER: DEBUG: Successfully saved 1862 links to instagram_data/followingLinks.txt
2025-03-28 14:51:16,726 - INFO - FOLLOWING SCRAPER: Links reordered to prioritize accounts with reasonable follower/following counts
2025-03-28 14:51:16,726 - INFO - FOLLOWING SCRAPER: Randomly selecting 50 accounts from 1862 available accounts
2025-03-28 14:51:16,726 - INFO - FOLLOWING SCRAPER: DEBUG: Processing randomly selected link #995/1862: https://www.instagram.com/yukelin1115/
2025-03-28 14:51:16,726 - INFO - FOLLOWING SCRAPER: DEBUG: Before processing - 1862 links in queue
2025-03-28 14:51:16,726 - INFO - FOLLOWING SCRAPER: DEBUG: Account yukelin1115 in progress data with rate_limited=False
2025-03-28 14:51:16,726 - INFO - FOLLOWING SCRAPER: DEBUG: Skipping already processed account: yukelin1115
2025-03-28 14:51:16,726 - INFO - FOLLOWING SCRAPER: Error during batch processing: list.remove(x): x not in list
2025-03-28 14:51:16,726 - INFO - FOLLOWING SCRAPER: Browser closed. Script complete.
2025-03-28 14:51:17,087 - ERROR - DEBUG: ISSUE DETECTED - Queue size didn't decrease. Before: 1862, After: 1862, Diff: 0
2025-03-28 14:51:17,087 - INFO - DEBUG: Checking for duplicates after processing
2025-03-28 14:51:17,087 - INFO - No duplicate links found in instagram_data/followingLinks.txt
2025-03-28 14:51:17,088 - INFO - remove_processed_links function is disabled to allow re-scraping of potential rate-limited accounts
2025-03-28 14:51:17,088 - INFO - Following accounts scraping session completed with result: True
2025-03-28 14:51:17,088 - INFO - Sessions completed. Waiting 0 hours and 33 minutes before next sessions...
2025-03-28 15:25:02,158 - INFO - Current counts in status file - Followers: 881, Following: 1869
2025-03-28 15:25:02,161 - INFO - Current counts in status file - Followers: 881, Following: 1869
2025-03-28 15:25:02,163 - INFO - Starting new scraping session
2025-03-28 15:25:02,164 - INFO - Current counts in status file - Followers: 881, Following: 1869
2025-03-28 15:25:02,164 - INFO - Need to collect more following accounts: 1862/1869
2025-03-28 15:25:02,164 - INFO - Need to collect more followers: 879/881
2025-03-28 15:25:02,164 - INFO - Using 7 max pages for this session
2025-03-28 15:25:34,857 - INFO - SCRAPER: Logged in using button: //button[contains(.,'Log in')]
2025-03-28 15:25:34,859 - INFO - SCRAPER: Logged in successfully!
2025-03-28 15:25:34,860 - INFO - SCRAPER: Logged in as fretin98
2025-03-28 15:25:34,860 - INFO - SCRAPER: Resuming previous session...
2025-03-28 15:25:34,860 - INFO - SCRAPER: Loaded 879 followers and 1862 following from previous session
2025-03-28 15:25:34,860 - INFO - SCRAPER: Profile Stats: {'followers': 881, 'following': 1869, 'posts': 242}
2025-03-28 15:25:34,860 - INFO - Found profile stats line
2025-03-28 15:25:34,860 - INFO - SCRAPER: Followers: 881, Following: 1869
2025-03-28 15:25:34,860 - INFO - Extracted total followers: 881
2025-03-28 15:25:34,860 - INFO - Extracted total following: 1869
2025-03-28 15:25:34,860 - INFO - SCRAPER: Scraping followers...
2025-03-28 15:25:34,860 - INFO - SCRAPER: Already collected 879/881 followers (≥95%). Skipping followers scraping.
2025-03-28 15:25:34,860 - INFO - SCRAPER: Scraping following...
2025-03-28 15:25:34,861 - INFO - SCRAPER: Already collected 1862/1869 following accounts (≥95%). Skipping following scraping.
2025-03-28 15:25:34,865 - INFO - SCRAPER: Getting links to following accounts...
2025-03-28 15:25:34,865 - INFO - SCRAPER: Created 1862 following links from usernames
2025-03-28 15:25:34,865 - INFO - SCRAPER: Updated following links file: instagram_data/followingLinks.txt
2025-03-28 15:25:34,865 - INFO - SCRAPER: Updated adjacency list file: instagram_data/adjList.txt
2025-03-28 15:25:34,865 - INFO - SCRAPER: Added 0 new relationships (total: 25025)
2025-03-28 15:25:34,865 - INFO - SCRAPER: Retrieved 1862 following links
2025-03-28 15:25:34,865 - INFO - SCRAPER: Session completed successfully!
2025-03-28 15:25:34,865 - INFO - SCRAPER: Browser closed.
2025-03-28 15:25:35,015 - INFO - Updating status with dynamic counts - Followers: 881, Following: 1869
2025-03-28 15:25:35,016 - INFO - Saved data to instagram_data/auto_scrape_status.json
2025-03-28 15:25:35,016 - INFO - Now running a session to scrape following accounts network data...
2025-03-28 15:25:35,016 - INFO - Starting following accounts scraping session
2025-03-28 15:25:35,016 - INFO - remove_processed_links function is disabled to allow re-scraping of potential rate-limited accounts
2025-03-28 15:25:35,016 - INFO - DEBUG: Checking for duplicates before processing
2025-03-28 15:25:35,016 - INFO - No duplicate links found in instagram_data/followingLinks.txt
2025-03-28 15:25:35,017 - INFO - DEBUG: Before processing - 1862 accounts in queue
2025-03-28 15:25:35,024 - INFO - Using random batch size of 54 accounts for this session
2025-03-28 15:27:16,982 - INFO - FOLLOWING SCRAPER: DEBUG MODE ENABLED
2025-03-28 15:27:16,983 - INFO - FOLLOWING SCRAPER: Loaded scraping progress: 1474 accounts processed
2025-03-28 15:27:16,983 - INFO - FOLLOWING SCRAPER: Will process 54 accounts in this session
2025-03-28 15:27:16,983 - INFO - FOLLOWING SCRAPER: Logged in using button: //button[contains(.,'Log in')]
2025-03-28 15:27:16,983 - INFO - FOLLOWING SCRAPER: Logged in successfully!
2025-03-28 15:27:16,983 - INFO - FOLLOWING SCRAPER: Rate limit statistics: 1 accounts marked as rate-limited
2025-03-28 15:27:16,983 - INFO - FOLLOWING SCRAPER: Examples of rate-limited accounts: ['benton.down']
2025-03-28 15:27:16,983 - INFO - FOLLOWING SCRAPER: Loaded 1862 links from instagram_data/followingLinks.txt
2025-03-28 15:27:16,983 - INFO - FOLLOWING SCRAPER: Loaded adjacency list from instagram_data/adjList.txt
2025-03-28 15:27:16,983 - INFO - FOLLOWING SCRAPER: Deduplicating adjacency list...
2025-03-28 15:27:16,983 - INFO - FOLLOWING SCRAPER: No duplicates found in adjList.txt
2025-03-28 15:27:16,983 - INFO - FOLLOWING SCRAPER: DEBUG: Found 6161 already processed accounts in adjList.txt
2025-03-28 15:27:16,983 - INFO - FOLLOWING SCRAPER: Found 6161 accounts that have already been processed
2025-03-28 15:27:16,983 - INFO - FOLLOWING SCRAPER: Starting batch processing of 54 accounts
2025-03-28 15:27:16,983 - INFO - FOLLOWING SCRAPER: Pre-checking accounts to prioritize ones with reasonable follower/following counts...
2025-03-28 15:27:16,983 - INFO - FOLLOWING SCRAPER: ✓ shuheisakaue: Good candidate with 18 followers, 895 following
2025-03-28 15:27:16,983 - INFO - FOLLOWING SCRAPER: ✓ catsoupai: Good candidate with 189 followers, 189 following
2025-03-28 15:27:16,983 - INFO - FOLLOWING SCRAPER: ✓ soloslop.memes: Good candidate with 70 followers, 67 following
2025-03-28 15:27:16,983 - INFO - FOLLOWING SCRAPER: ✓ phillipsauction: Good candidate with 429 followers, 434 following
2025-03-28 15:27:16,983 - INFO - FOLLOWING SCRAPER: ✓ filmmovement: Good candidate with 12 followers, 709 following
2025-03-28 15:27:16,983 - INFO - FOLLOWING SCRAPER: ✗ rubahitam_: Too many connections (48 followers, 1151 following)
2025-03-28 15:27:16,983 - INFO - FOLLOWING SCRAPER: ✗ chinatown_cowboy.mp4: Too many connections (2384 followers, 0 following)
2025-03-28 15:27:16,983 - INFO - FOLLOWING SCRAPER: ✓ asian_redbozicowboy: Good candidate with 29 followers, 250 following
2025-03-28 15:27:16,983 - INFO - FOLLOWING SCRAPER: ✓ ccpxi_8964: Good candidate with 10 followers, 97 following
2025-03-28 15:27:16,983 - INFO - FOLLOWING SCRAPER: ✓ ngr.ev: Good candidate with 116 followers, 190 following
2025-03-28 15:27:16,983 - INFO - FOLLOWING SCRAPER: ✓ cinema_nighttt: Good candidate with 401 followers, 15 following
2025-03-28 15:27:16,983 - INFO - FOLLOWING SCRAPER: ✓ thedizzyviper: Good candidate with 179 followers, 903 following
2025-03-28 15:27:16,983 - INFO - FOLLOWING SCRAPER: ✗ arabbitsfoot: Too many connections (65 followers, 1571 following)
2025-03-28 15:27:16,983 - INFO - FOLLOWING SCRAPER: ✓ laclefrevival: Good candidate with 23 followers, 503 following
2025-03-28 15:27:16,983 - INFO - FOLLOWING SCRAPER: ✓ byboyfantasy: Good candidate with 83 followers, 608 following
2025-03-28 15:27:16,983 - INFO - FOLLOWING SCRAPER: ✓ manofdutch: Good candidate with 29 followers, 55 following
2025-03-28 15:27:16,983 - INFO - FOLLOWING SCRAPER: ✗ fernandosev7n: Too many connections (235 followers, 1534 following)
2025-03-28 15:27:16,983 - INFO - FOLLOWING SCRAPER: ✓ thefineartcollective: Good candidate with 675 followers, 920 following
2025-03-28 15:27:16,983 - INFO - FOLLOWING SCRAPER: ✗ xidan_zhang: Too many connections (2744 followers, 902 following)
2025-03-28 15:27:16,983 - INFO - FOLLOWING SCRAPER: ✗ zihaosong: Too many connections (10 followers, 2448 following)
2025-03-28 15:27:16,983 - INFO - FOLLOWING SCRAPER: ✗ young.brando: Too many connections (17 followers, 2457 following)
2025-03-28 15:27:16,983 - INFO - FOLLOWING SCRAPER: ✗ gentleman.gasmask: Too many connections (364 followers, 1661 following)
2025-03-28 15:27:16,983 - INFO - FOLLOWING SCRAPER: ✗ yuukakazami0: Too many connections (1345 followers, 521 following)
2025-03-28 15:27:16,983 - INFO - FOLLOWING SCRAPER: ✗ cucny: Too many connections (2784 followers, 38 following)
2025-03-28 15:27:16,983 - INFO - FOLLOWING SCRAPER: ✗ thepennclub: Too many connections (4061 followers, 632 following)
2025-03-28 15:27:16,983 - INFO - FOLLOWING SCRAPER: ✗ lsmartfund: Too many connections (4172 followers, 586 following)
2025-03-28 15:27:16,983 - INFO - FOLLOWING SCRAPER: ✗ perpetual.passion: Too many connections (38 followers, 2352 following)
2025-03-28 15:27:16,983 - INFO - FOLLOWING SCRAPER: ✗ milanrecords: Too many connections (20 followers, 2863 following)
2025-03-28 15:27:16,983 - INFO - FOLLOWING SCRAPER: Found 14 accounts with reasonable follower/following counts
2025-03-28 15:27:16,983 - INFO - FOLLOWING SCRAPER: DEBUG: Sanitizing and saving 1862 links
2025-03-28 15:27:16,984 - INFO - FOLLOWING SCRAPER: DEBUG: After sanitization: 1862 links (removed 0)
2025-03-28 15:27:16,984 - INFO - FOLLOWING SCRAPER: DEBUG: Successfully saved 1862 links to instagram_data/followingLinks.txt
2025-03-28 15:27:16,984 - INFO - FOLLOWING SCRAPER: Links reordered to prioritize accounts with reasonable follower/following counts
2025-03-28 15:27:16,984 - INFO - FOLLOWING SCRAPER: Randomly selecting 54 accounts from 1862 available accounts
2025-03-28 15:27:16,984 - INFO - FOLLOWING SCRAPER: DEBUG: Processing randomly selected link #1490/1862: https://www.instagram.com/totoschnell2/
2025-03-28 15:27:16,984 - INFO - FOLLOWING SCRAPER: DEBUG: Before processing - 1862 links in queue
2025-03-28 15:27:16,984 - INFO - FOLLOWING SCRAPER: DEBUG: Account totoschnell2 in progress data with rate_limited=False
2025-03-28 15:27:16,984 - INFO - FOLLOWING SCRAPER: DEBUG: Skipping already processed account: totoschnell2
2025-03-28 15:27:16,984 - INFO - FOLLOWING SCRAPER: Error during batch processing: list.remove(x): x not in list
2025-03-28 15:27:16,984 - INFO - FOLLOWING SCRAPER: Browser closed. Script complete.
2025-03-28 15:27:17,281 - ERROR - DEBUG: ISSUE DETECTED - Queue size didn't decrease. Before: 1862, After: 1862, Diff: 0
2025-03-28 15:27:17,281 - INFO - DEBUG: Checking for duplicates after processing
2025-03-28 15:27:17,282 - INFO - No duplicate links found in instagram_data/followingLinks.txt
2025-03-28 15:27:17,282 - INFO - remove_processed_links function is disabled to allow re-scraping of potential rate-limited accounts
2025-03-28 15:27:17,282 - INFO - Following accounts scraping session completed with result: True
2025-03-28 15:27:17,282 - INFO - Sessions completed. Waiting 0 hours and 32 minutes before next sessions...
2025-03-28 15:59:18,266 - INFO - Current counts in status file - Followers: 881, Following: 1869
2025-03-28 15:59:18,267 - INFO - Current counts in status file - Followers: 881, Following: 1869
2025-03-28 15:59:18,268 - INFO - Starting new scraping session
2025-03-28 15:59:18,270 - INFO - Current counts in status file - Followers: 881, Following: 1869
2025-03-28 15:59:18,270 - INFO - Need to collect more following accounts: 1862/1869
2025-03-28 15:59:18,270 - INFO - Need to collect more followers: 879/881
2025-03-28 15:59:18,270 - INFO - Using 6 max pages for this session
2025-03-28 15:59:52,753 - INFO - SCRAPER: Logged in using button: //button[contains(.,'Log in')]
2025-03-28 15:59:52,755 - INFO - SCRAPER: Logged in successfully!
2025-03-28 15:59:52,755 - INFO - SCRAPER: Logged in as fretin98
2025-03-28 15:59:52,755 - INFO - SCRAPER: Resuming previous session...
2025-03-28 15:59:52,755 - INFO - SCRAPER: Loaded 879 followers and 1862 following from previous session
2025-03-28 15:59:52,755 - INFO - SCRAPER: Profile Stats: {'followers': 881, 'following': 1869, 'posts': 242}
2025-03-28 15:59:52,755 - INFO - Found profile stats line
2025-03-28 15:59:52,755 - INFO - SCRAPER: Followers: 881, Following: 1869
2025-03-28 15:59:52,755 - INFO - Extracted total followers: 881
2025-03-28 15:59:52,755 - INFO - Extracted total following: 1869
2025-03-28 15:59:52,755 - INFO - SCRAPER: Scraping followers...
2025-03-28 15:59:52,755 - INFO - SCRAPER: Already collected 879/881 followers (≥95%). Skipping followers scraping.
2025-03-28 15:59:52,755 - INFO - SCRAPER: Scraping following...
2025-03-28 15:59:52,755 - INFO - SCRAPER: Already collected 1862/1869 following accounts (≥95%). Skipping following scraping.
2025-03-28 15:59:52,755 - INFO - SCRAPER: Getting links to following accounts...
2025-03-28 15:59:52,755 - INFO - SCRAPER: Created 1862 following links from usernames
2025-03-28 15:59:52,755 - INFO - SCRAPER: Updated following links file: instagram_data/followingLinks.txt
2025-03-28 15:59:52,755 - INFO - SCRAPER: Updated adjacency list file: instagram_data/adjList.txt
2025-03-28 15:59:52,755 - INFO - SCRAPER: Added 0 new relationships (total: 25025)
2025-03-28 15:59:52,755 - INFO - SCRAPER: Retrieved 1862 following links
2025-03-28 15:59:52,755 - INFO - SCRAPER: Session completed successfully!
2025-03-28 15:59:52,755 - INFO - SCRAPER: Browser closed.
2025-03-28 15:59:52,823 - INFO - Updating status with dynamic counts - Followers: 881, Following: 1869
2025-03-28 15:59:52,824 - INFO - Saved data to instagram_data/auto_scrape_status.json
2025-03-28 15:59:52,824 - INFO - Now running a session to scrape following accounts network data...
2025-03-28 15:59:52,824 - INFO - Starting following accounts scraping session
2025-03-28 15:59:52,824 - INFO - remove_processed_links function is disabled to allow re-scraping of potential rate-limited accounts
2025-03-28 15:59:52,824 - INFO - DEBUG: Checking for duplicates before processing
2025-03-28 15:59:52,825 - INFO - No duplicate links found in instagram_data/followingLinks.txt
2025-03-28 15:59:52,825 - INFO - DEBUG: Before processing - 1862 accounts in queue
2025-03-28 15:59:52,831 - INFO - Using random batch size of 54 accounts for this session
2025-03-28 16:01:44,418 - INFO - FOLLOWING SCRAPER: DEBUG MODE ENABLED
2025-03-28 16:01:44,419 - INFO - FOLLOWING SCRAPER: Loaded scraping progress: 1474 accounts processed
2025-03-28 16:01:44,419 - INFO - FOLLOWING SCRAPER: Will process 54 accounts in this session
2025-03-28 16:01:44,419 - INFO - FOLLOWING SCRAPER: Logged in using button: //button[contains(.,'Log in')]
2025-03-28 16:01:44,419 - INFO - FOLLOWING SCRAPER: Logged in successfully!
2025-03-28 16:01:44,419 - INFO - FOLLOWING SCRAPER: Rate limit statistics: 1 accounts marked as rate-limited
2025-03-28 16:01:44,419 - INFO - FOLLOWING SCRAPER: Examples of rate-limited accounts: ['benton.down']
2025-03-28 16:01:44,419 - INFO - FOLLOWING SCRAPER: Loaded 1862 links from instagram_data/followingLinks.txt
2025-03-28 16:01:44,419 - INFO - FOLLOWING SCRAPER: Loaded adjacency list from instagram_data/adjList.txt
2025-03-28 16:01:44,419 - INFO - FOLLOWING SCRAPER: Deduplicating adjacency list...
2025-03-28 16:01:44,419 - INFO - FOLLOWING SCRAPER: No duplicates found in adjList.txt
2025-03-28 16:01:44,419 - INFO - FOLLOWING SCRAPER: DEBUG: Found 6161 already processed accounts in adjList.txt
2025-03-28 16:01:44,419 - INFO - FOLLOWING SCRAPER: Found 6161 accounts that have already been processed
2025-03-28 16:01:44,419 - INFO - FOLLOWING SCRAPER: Starting batch processing of 54 accounts
2025-03-28 16:01:44,420 - INFO - FOLLOWING SCRAPER: Pre-checking accounts to prioritize ones with reasonable follower/following counts...
2025-03-28 16:01:44,420 - INFO - FOLLOWING SCRAPER: ✓ shuheisakaue: Good candidate with 18 followers, 895 following
2025-03-28 16:01:44,420 - INFO - FOLLOWING SCRAPER: ✓ catsoupai: Good candidate with 189 followers, 189 following
2025-03-28 16:01:44,420 - INFO - FOLLOWING SCRAPER: ✓ soloslop.memes: Good candidate with 70 followers, 67 following
2025-03-28 16:01:44,420 - INFO - FOLLOWING SCRAPER: ✓ phillipsauction: Good candidate with 429 followers, 434 following
2025-03-28 16:01:44,420 - INFO - FOLLOWING SCRAPER: ✓ filmmovement: Good candidate with 12 followers, 709 following
2025-03-28 16:01:44,420 - INFO - FOLLOWING SCRAPER: ✗ rubahitam_: Too many connections (48 followers, 1151 following)
2025-03-28 16:01:44,420 - INFO - FOLLOWING SCRAPER: ✗ chinatown_cowboy.mp4: Too many connections (2384 followers, 0 following)
2025-03-28 16:01:44,420 - INFO - FOLLOWING SCRAPER: ✓ asian_redbozicowboy: Good candidate with 29 followers, 250 following
2025-03-28 16:01:44,420 - INFO - FOLLOWING SCRAPER: ✓ ccpxi_8964: Good candidate with 10 followers, 97 following
2025-03-28 16:01:44,420 - INFO - FOLLOWING SCRAPER: ✓ ngr.ev: Good candidate with 116 followers, 190 following
2025-03-28 16:01:44,420 - INFO - FOLLOWING SCRAPER: ✓ cinema_nighttt: Good candidate with 401 followers, 15 following
2025-03-28 16:01:44,420 - INFO - FOLLOWING SCRAPER: ✓ thedizzyviper: Good candidate with 179 followers, 903 following
2025-03-28 16:01:44,420 - INFO - FOLLOWING SCRAPER: ✗ arabbitsfoot: Too many connections (65 followers, 1571 following)
2025-03-28 16:01:44,420 - INFO - FOLLOWING SCRAPER: ✓ laclefrevival: Good candidate with 23 followers, 503 following
2025-03-28 16:01:44,420 - INFO - FOLLOWING SCRAPER: ✓ byboyfantasy: Good candidate with 83 followers, 608 following
2025-03-28 16:01:44,420 - INFO - FOLLOWING SCRAPER: ✓ manofdutch: Good candidate with 29 followers, 55 following
2025-03-28 16:01:44,420 - INFO - FOLLOWING SCRAPER: ✗ fernandosev7n: Too many connections (235 followers, 1534 following)
2025-03-28 16:01:44,420 - INFO - FOLLOWING SCRAPER: ✓ thefineartcollective: Good candidate with 675 followers, 919 following
2025-03-28 16:01:44,420 - INFO - FOLLOWING SCRAPER: ✗ xidan_zhang: Too many connections (2744 followers, 902 following)
2025-03-28 16:01:44,420 - INFO - FOLLOWING SCRAPER: ✗ zihaosong: Too many connections (10 followers, 2448 following)
2025-03-28 16:01:44,420 - INFO - FOLLOWING SCRAPER: ✗ young.brando: Too many connections (17 followers, 2457 following)
2025-03-28 16:01:44,420 - INFO - FOLLOWING SCRAPER: ✗ gentleman.gasmask: Too many connections (364 followers, 1661 following)
2025-03-28 16:01:44,420 - INFO - FOLLOWING SCRAPER: ✗ yuukakazami0: Too many connections (1345 followers, 521 following)
2025-03-28 16:01:44,420 - INFO - FOLLOWING SCRAPER: ✗ cucny: Too many connections (2784 followers, 38 following)
2025-03-28 16:01:44,420 - INFO - FOLLOWING SCRAPER: ✗ thepennclub: Too many connections (4061 followers, 632 following)
2025-03-28 16:01:44,420 - INFO - FOLLOWING SCRAPER: ✗ lsmartfund: Too many connections (4172 followers, 586 following)
2025-03-28 16:01:44,420 - INFO - FOLLOWING SCRAPER: ✗ perpetual.passion: Too many connections (38 followers, 2352 following)
2025-03-28 16:01:44,420 - INFO - FOLLOWING SCRAPER: ✗ milanrecords: Too many connections (20 followers, 2863 following)
2025-03-28 16:01:44,420 - INFO - FOLLOWING SCRAPER: Found 14 accounts with reasonable follower/following counts
2025-03-28 16:01:44,420 - INFO - FOLLOWING SCRAPER: DEBUG: Sanitizing and saving 1862 links
2025-03-28 16:01:44,420 - INFO - FOLLOWING SCRAPER: DEBUG: After sanitization: 1862 links (removed 0)
2025-03-28 16:01:44,420 - INFO - FOLLOWING SCRAPER: DEBUG: Successfully saved 1862 links to instagram_data/followingLinks.txt
2025-03-28 16:01:44,420 - INFO - FOLLOWING SCRAPER: Links reordered to prioritize accounts with reasonable follower/following counts
2025-03-28 16:01:44,420 - INFO - FOLLOWING SCRAPER: Randomly selecting 54 accounts from 1862 available accounts
2025-03-28 16:01:44,420 - INFO - FOLLOWING SCRAPER: DEBUG: Processing randomly selected link #1404/1862: https://www.instagram.com/blair___xing/
2025-03-28 16:01:44,420 - INFO - FOLLOWING SCRAPER: DEBUG: Before processing - 1862 links in queue
2025-03-28 16:01:44,420 - INFO - FOLLOWING SCRAPER: DEBUG: Skipping already processed account: blair___xing
2025-03-28 16:01:44,420 - INFO - FOLLOWING SCRAPER: Error during batch processing: list.remove(x): x not in list
2025-03-28 16:01:44,420 - INFO - FOLLOWING SCRAPER: Browser closed. Script complete.
2025-03-28 16:01:44,569 - ERROR - DEBUG: ISSUE DETECTED - Queue size didn't decrease. Before: 1862, After: 1862, Diff: 0
2025-03-28 16:01:44,569 - INFO - DEBUG: Checking for duplicates after processing
2025-03-28 16:01:44,570 - INFO - No duplicate links found in instagram_data/followingLinks.txt
2025-03-28 16:01:44,570 - INFO - remove_processed_links function is disabled to allow re-scraping of potential rate-limited accounts
2025-03-28 16:01:44,570 - INFO - Following accounts scraping session completed with result: True
2025-03-28 16:01:44,571 - INFO - Sessions completed. Waiting 0 hours and 39 minutes before next sessions...
2025-03-28 16:40:46,588 - INFO - Current counts in status file - Followers: 881, Following: 1869
2025-03-28 16:40:46,593 - INFO - Current counts in status file - Followers: 881, Following: 1869
2025-03-28 16:40:46,594 - INFO - Starting new scraping session
2025-03-28 16:40:46,595 - INFO - Current counts in status file - Followers: 881, Following: 1869
2025-03-28 16:40:46,595 - INFO - Need to collect more following accounts: 1862/1869
2025-03-28 16:40:46,595 - INFO - Need to collect more followers: 879/881
2025-03-28 16:40:46,596 - INFO - Using 8 max pages for this session
2025-03-28 16:41:19,830 - INFO - SCRAPER: Logged in using button: //button[contains(.,'Log in')]
2025-03-28 16:41:19,831 - INFO - SCRAPER: Logged in successfully!
2025-03-28 16:41:19,831 - INFO - SCRAPER: Logged in as fretin98
2025-03-28 16:41:19,831 - INFO - SCRAPER: Resuming previous session...
2025-03-28 16:41:19,831 - INFO - SCRAPER: Loaded 879 followers and 1862 following from previous session
2025-03-28 16:41:19,831 - INFO - SCRAPER: Profile Stats: {'followers': 881, 'following': 1869, 'posts': 242}
2025-03-28 16:41:19,831 - INFO - Found profile stats line
2025-03-28 16:41:19,831 - INFO - SCRAPER: Followers: 881, Following: 1869
2025-03-28 16:41:19,831 - INFO - Extracted total followers: 881
2025-03-28 16:41:19,831 - INFO - Extracted total following: 1869
2025-03-28 16:41:19,831 - INFO - SCRAPER: Scraping followers...
2025-03-28 16:41:19,831 - INFO - SCRAPER: Already collected 879/881 followers (≥95%). Skipping followers scraping.
2025-03-28 16:41:19,831 - INFO - SCRAPER: Scraping following...
2025-03-28 16:41:19,831 - INFO - SCRAPER: Already collected 1862/1869 following accounts (≥95%). Skipping following scraping.
2025-03-28 16:41:19,831 - INFO - SCRAPER: Getting links to following accounts...
2025-03-28 16:41:19,831 - INFO - SCRAPER: Created 1862 following links from usernames
2025-03-28 16:41:19,831 - INFO - SCRAPER: Updated following links file: instagram_data/followingLinks.txt
2025-03-28 16:41:19,831 - INFO - SCRAPER: Updated adjacency list file: instagram_data/adjList.txt
2025-03-28 16:41:19,831 - INFO - SCRAPER: Added 0 new relationships (total: 25025)
2025-03-28 16:41:19,831 - INFO - SCRAPER: Retrieved 1862 following links
2025-03-28 16:41:19,831 - INFO - SCRAPER: Session completed successfully!
2025-03-28 16:41:19,831 - INFO - SCRAPER: Browser closed.
2025-03-28 16:41:19,886 - INFO - Updating status with dynamic counts - Followers: 881, Following: 1869
2025-03-28 16:41:19,897 - INFO - Saved data to instagram_data/auto_scrape_status.json
2025-03-28 16:41:19,897 - INFO - Now running a session to scrape following accounts network data...
2025-03-28 16:41:19,897 - INFO - Starting following accounts scraping session
2025-03-28 16:41:19,897 - INFO - remove_processed_links function is disabled to allow re-scraping of potential rate-limited accounts
2025-03-28 16:41:19,897 - INFO - DEBUG: Checking for duplicates before processing
2025-03-28 16:41:19,898 - INFO - No duplicate links found in instagram_data/followingLinks.txt
2025-03-28 16:41:19,899 - INFO - DEBUG: Before processing - 1862 accounts in queue
2025-03-28 16:41:19,913 - INFO - Using random batch size of 42 accounts for this session
2025-03-28 16:42:57,218 - INFO - FOLLOWING SCRAPER: DEBUG MODE ENABLED
2025-03-28 16:42:57,219 - INFO - FOLLOWING SCRAPER: Loaded scraping progress: 1474 accounts processed
2025-03-28 16:42:57,220 - INFO - FOLLOWING SCRAPER: Will process 42 accounts in this session
2025-03-28 16:42:57,220 - INFO - FOLLOWING SCRAPER: Logged in using button: //button[contains(.,'Log in')]
2025-03-28 16:42:57,220 - INFO - FOLLOWING SCRAPER: Logged in successfully!
2025-03-28 16:42:57,220 - INFO - FOLLOWING SCRAPER: Rate limit statistics: 1 accounts marked as rate-limited
2025-03-28 16:42:57,220 - INFO - FOLLOWING SCRAPER: Examples of rate-limited accounts: ['benton.down']
2025-03-28 16:42:57,220 - INFO - FOLLOWING SCRAPER: Loaded 1862 links from instagram_data/followingLinks.txt
2025-03-28 16:42:57,220 - INFO - FOLLOWING SCRAPER: Loaded adjacency list from instagram_data/adjList.txt
2025-03-28 16:42:57,220 - INFO - FOLLOWING SCRAPER: Deduplicating adjacency list...
2025-03-28 16:42:57,220 - INFO - FOLLOWING SCRAPER: No duplicates found in adjList.txt
2025-03-28 16:42:57,220 - INFO - FOLLOWING SCRAPER: DEBUG: Found 6161 already processed accounts in adjList.txt
2025-03-28 16:42:57,221 - INFO - FOLLOWING SCRAPER: Found 6161 accounts that have already been processed
2025-03-28 16:42:57,221 - INFO - FOLLOWING SCRAPER: Starting batch processing of 42 accounts
2025-03-28 16:42:57,221 - INFO - FOLLOWING SCRAPER: Pre-checking accounts to prioritize ones with reasonable follower/following counts...
2025-03-28 16:42:57,221 - INFO - FOLLOWING SCRAPER: ✓ shuheisakaue: Good candidate with 18 followers, 895 following
2025-03-28 16:42:57,221 - INFO - FOLLOWING SCRAPER: ✓ catsoupai: Good candidate with 189 followers, 189 following
2025-03-28 16:42:57,221 - INFO - FOLLOWING SCRAPER: ✓ soloslop.memes: Good candidate with 70 followers, 67 following
2025-03-28 16:42:57,221 - INFO - FOLLOWING SCRAPER: ✓ phillipsauction: Good candidate with 429 followers, 434 following
2025-03-28 16:42:57,221 - INFO - FOLLOWING SCRAPER: ✓ filmmovement: Good candidate with 12 followers, 709 following
2025-03-28 16:42:57,221 - INFO - FOLLOWING SCRAPER: ✗ rubahitam_: Too many connections (48 followers, 1151 following)
2025-03-28 16:42:57,221 - INFO - FOLLOWING SCRAPER: ✗ chinatown_cowboy.mp4: Too many connections (2384 followers, 0 following)
2025-03-28 16:42:57,222 - INFO - FOLLOWING SCRAPER: ✓ asian_redbozicowboy: Good candidate with 29 followers, 250 following
2025-03-28 16:42:57,222 - INFO - FOLLOWING SCRAPER: ✓ ccpxi_8964: Good candidate with 10 followers, 97 following
2025-03-28 16:42:57,222 - INFO - FOLLOWING SCRAPER: ✓ ngr.ev: Good candidate with 116 followers, 190 following
2025-03-28 16:42:57,222 - INFO - FOLLOWING SCRAPER: ✓ cinema_nighttt: Good candidate with 401 followers, 15 following
2025-03-28 16:42:57,222 - INFO - FOLLOWING SCRAPER: ✓ thedizzyviper: Good candidate with 179 followers, 903 following
2025-03-28 16:42:57,222 - INFO - FOLLOWING SCRAPER: ✗ arabbitsfoot: Too many connections (65 followers, 1571 following)
2025-03-28 16:42:57,222 - INFO - FOLLOWING SCRAPER: ✓ laclefrevival: Good candidate with 23 followers, 503 following
2025-03-28 16:42:57,222 - INFO - FOLLOWING SCRAPER: ✓ byboyfantasy: Good candidate with 83 followers, 604 following
2025-03-28 16:42:57,222 - INFO - FOLLOWING SCRAPER: ✓ manofdutch: Good candidate with 29 followers, 55 following
2025-03-28 16:42:57,223 - INFO - FOLLOWING SCRAPER: ✗ fernandosev7n: Too many connections (235 followers, 1534 following)
2025-03-28 16:42:57,223 - INFO - FOLLOWING SCRAPER: ✓ thefineartcollective: Good candidate with 675 followers, 919 following
2025-03-28 16:42:57,223 - INFO - FOLLOWING SCRAPER: ✗ xidan_zhang: Too many connections (2744 followers, 902 following)
2025-03-28 16:42:57,223 - INFO - FOLLOWING SCRAPER: ✗ zihaosong: Too many connections (10 followers, 2448 following)
2025-03-28 16:42:57,223 - INFO - FOLLOWING SCRAPER: ✗ young.brando: Too many connections (17 followers, 2457 following)
2025-03-28 16:42:57,223 - INFO - FOLLOWING SCRAPER: ✗ gentleman.gasmask: Too many connections (364 followers, 1661 following)
2025-03-28 16:42:57,223 - INFO - FOLLOWING SCRAPER: ✗ yuukakazami0: Too many connections (1345 followers, 521 following)
2025-03-28 16:42:57,223 - INFO - FOLLOWING SCRAPER: ✗ cucny: Too many connections (2784 followers, 38 following)
2025-03-28 16:42:57,223 - INFO - FOLLOWING SCRAPER: ✗ thepennclub: Too many connections (4062 followers, 632 following)
2025-03-28 16:42:57,223 - INFO - FOLLOWING SCRAPER: Found 14 accounts with reasonable follower/following counts
2025-03-28 16:42:57,223 - INFO - FOLLOWING SCRAPER: DEBUG: Sanitizing and saving 1862 links
2025-03-28 16:42:57,223 - INFO - FOLLOWING SCRAPER: DEBUG: After sanitization: 1862 links (removed 0)
2025-03-28 16:42:57,223 - INFO - FOLLOWING SCRAPER: DEBUG: Successfully saved 1862 links to instagram_data/followingLinks.txt
2025-03-28 16:42:57,223 - INFO - FOLLOWING SCRAPER: Links reordered to prioritize accounts with reasonable follower/following counts
2025-03-28 16:42:57,223 - INFO - FOLLOWING SCRAPER: Randomly selecting 42 accounts from 1862 available accounts
2025-03-28 16:42:57,223 - INFO - FOLLOWING SCRAPER: DEBUG: Processing randomly selected link #825/1862: https://www.instagram.com/johnny_ztc_/
2025-03-28 16:42:57,224 - INFO - FOLLOWING SCRAPER: DEBUG: Before processing - 1862 links in queue
2025-03-28 16:42:57,224 - INFO - FOLLOWING SCRAPER: DEBUG: Skipping already processed account: johnny_ztc_
2025-03-28 16:42:57,224 - INFO - FOLLOWING SCRAPER: Error during batch processing: list.remove(x): x not in list
2025-03-28 16:42:57,224 - INFO - FOLLOWING SCRAPER: Browser closed. Script complete.
2025-03-28 16:42:57,505 - ERROR - DEBUG: ISSUE DETECTED - Queue size didn't decrease. Before: 1862, After: 1862, Diff: 0
2025-03-28 16:42:57,506 - INFO - DEBUG: Checking for duplicates after processing
2025-03-28 16:42:57,507 - INFO - No duplicate links found in instagram_data/followingLinks.txt
2025-03-28 16:42:57,507 - INFO - remove_processed_links function is disabled to allow re-scraping of potential rate-limited accounts
2025-03-28 16:42:57,507 - INFO - Following accounts scraping session completed with result: True
2025-03-28 16:42:57,507 - INFO - Sessions completed. Waiting 0 hours and 30 minutes before next sessions...
2025-03-28 17:13:42,578 - INFO - Current counts in status file - Followers: 881, Following: 1869
2025-03-28 17:13:42,581 - INFO - Current counts in status file - Followers: 881, Following: 1869
2025-03-28 17:13:42,583 - INFO - Starting new scraping session
2025-03-28 17:13:42,586 - INFO - Current counts in status file - Followers: 881, Following: 1869
2025-03-28 17:13:42,587 - INFO - Need to collect more following accounts: 1862/1869
2025-03-28 17:13:42,588 - INFO - Need to collect more followers: 879/881
2025-03-28 17:13:42,588 - INFO - Using 8 max pages for this session
2025-03-28 17:14:15,667 - INFO - SCRAPER: Logged in using button: //button[contains(.,'Log in')]
2025-03-28 17:14:15,668 - INFO - SCRAPER: Logged in successfully!
2025-03-28 17:14:15,668 - INFO - SCRAPER: Logged in as fretin98
2025-03-28 17:14:15,668 - INFO - SCRAPER: Resuming previous session...
2025-03-28 17:14:15,668 - INFO - SCRAPER: Loaded 879 followers and 1862 following from previous session
2025-03-28 17:14:15,668 - INFO - SCRAPER: Profile Stats: {'followers': 881, 'following': 1869, 'posts': 242}
2025-03-28 17:14:15,668 - INFO - Found profile stats line
2025-03-28 17:14:15,668 - INFO - SCRAPER: Followers: 881, Following: 1869
2025-03-28 17:14:15,668 - INFO - Extracted total followers: 881
2025-03-28 17:14:15,668 - INFO - Extracted total following: 1869
2025-03-28 17:14:15,668 - INFO - SCRAPER: Scraping followers...
2025-03-28 17:14:15,668 - INFO - SCRAPER: Already collected 879/881 followers (≥95%). Skipping followers scraping.
2025-03-28 17:14:15,668 - INFO - SCRAPER: Scraping following...
2025-03-28 17:14:15,668 - INFO - SCRAPER: Already collected 1862/1869 following accounts (≥95%). Skipping following scraping.
2025-03-28 17:14:15,668 - INFO - SCRAPER: Getting links to following accounts...
2025-03-28 17:14:15,668 - INFO - SCRAPER: Created 1862 following links from usernames
2025-03-28 17:14:15,668 - INFO - SCRAPER: Updated following links file: instagram_data/followingLinks.txt
2025-03-28 17:14:15,668 - INFO - SCRAPER: Updated adjacency list file: instagram_data/adjList.txt
2025-03-28 17:14:15,668 - INFO - SCRAPER: Added 0 new relationships (total: 25025)
2025-03-28 17:14:15,669 - INFO - SCRAPER: Retrieved 1862 following links
2025-03-28 17:14:15,669 - INFO - SCRAPER: Session completed successfully!
2025-03-28 17:14:15,669 - INFO - SCRAPER: Browser closed.
2025-03-28 17:14:15,793 - INFO - Updating status with dynamic counts - Followers: 881, Following: 1869
2025-03-28 17:14:15,794 - INFO - Saved data to instagram_data/auto_scrape_status.json
2025-03-28 17:14:15,794 - INFO - Now running a session to scrape following accounts network data...
2025-03-28 17:14:15,794 - INFO - Starting following accounts scraping session
2025-03-28 17:14:15,794 - INFO - remove_processed_links function is disabled to allow re-scraping of potential rate-limited accounts
2025-03-28 17:14:15,794 - INFO - DEBUG: Checking for duplicates before processing
2025-03-28 17:14:15,795 - INFO - No duplicate links found in instagram_data/followingLinks.txt
2025-03-28 17:14:15,795 - INFO - DEBUG: Before processing - 1862 accounts in queue
2025-03-28 17:14:15,800 - INFO - Using random batch size of 58 accounts for this session
2025-03-28 17:16:00,153 - INFO - FOLLOWING SCRAPER: DEBUG MODE ENABLED
2025-03-28 17:16:00,158 - INFO - FOLLOWING SCRAPER: Loaded scraping progress: 1474 accounts processed
2025-03-28 17:16:00,159 - INFO - FOLLOWING SCRAPER: Will process 58 accounts in this session
2025-03-28 17:16:00,159 - INFO - FOLLOWING SCRAPER: Logged in using button: //button[contains(.,'Log in')]
2025-03-28 17:16:00,159 - INFO - FOLLOWING SCRAPER: Logged in successfully!
2025-03-28 17:16:00,159 - INFO - FOLLOWING SCRAPER: Rate limit statistics: 1 accounts marked as rate-limited
2025-03-28 17:16:00,159 - INFO - FOLLOWING SCRAPER: Examples of rate-limited accounts: ['benton.down']
2025-03-28 17:16:00,159 - INFO - FOLLOWING SCRAPER: Loaded 1862 links from instagram_data/followingLinks.txt
2025-03-28 17:16:00,159 - INFO - FOLLOWING SCRAPER: Loaded adjacency list from instagram_data/adjList.txt
2025-03-28 17:16:00,159 - INFO - FOLLOWING SCRAPER: Deduplicating adjacency list...
2025-03-28 17:16:00,159 - INFO - FOLLOWING SCRAPER: No duplicates found in adjList.txt
2025-03-28 17:16:00,159 - INFO - FOLLOWING SCRAPER: DEBUG: Found 6161 already processed accounts in adjList.txt
2025-03-28 17:16:00,159 - INFO - FOLLOWING SCRAPER: Found 6161 accounts that have already been processed
2025-03-28 17:16:00,159 - INFO - FOLLOWING SCRAPER: Starting batch processing of 58 accounts
2025-03-28 17:16:00,159 - INFO - FOLLOWING SCRAPER: Pre-checking accounts to prioritize ones with reasonable follower/following counts...
2025-03-28 17:16:00,159 - INFO - FOLLOWING SCRAPER: ✓ shuheisakaue: Good candidate with 18 followers, 895 following
2025-03-28 17:16:00,159 - INFO - FOLLOWING SCRAPER: ✓ catsoupai: Good candidate with 189 followers, 189 following
2025-03-28 17:16:00,159 - INFO - FOLLOWING SCRAPER: ✓ soloslop.memes: Good candidate with 70 followers, 67 following
2025-03-28 17:16:00,159 - INFO - FOLLOWING SCRAPER: ✓ phillipsauction: Good candidate with 429 followers, 434 following
2025-03-28 17:16:00,159 - INFO - FOLLOWING SCRAPER: ✓ filmmovement: Good candidate with 12 followers, 709 following
2025-03-28 17:16:00,159 - INFO - FOLLOWING SCRAPER: ✗ rubahitam_: Too many connections (48 followers, 1151 following)
2025-03-28 17:16:00,159 - INFO - FOLLOWING SCRAPER: ✗ chinatown_cowboy.mp4: Too many connections (2384 followers, 0 following)
2025-03-28 17:16:00,160 - INFO - FOLLOWING SCRAPER: ✓ asian_redbozicowboy: Good candidate with 29 followers, 250 following
2025-03-28 17:16:00,160 - INFO - FOLLOWING SCRAPER: ✓ ccpxi_8964: Good candidate with 10 followers, 97 following
2025-03-28 17:16:00,160 - INFO - FOLLOWING SCRAPER: ✓ ngr.ev: Good candidate with 116 followers, 190 following
2025-03-28 17:16:00,160 - INFO - FOLLOWING SCRAPER: ✓ cinema_nighttt: Good candidate with 401 followers, 15 following
2025-03-28 17:16:00,160 - INFO - FOLLOWING SCRAPER: ✓ thedizzyviper: Good candidate with 179 followers, 903 following
2025-03-28 17:16:00,160 - INFO - FOLLOWING SCRAPER: ✗ arabbitsfoot: Too many connections (65 followers, 1571 following)
2025-03-28 17:16:00,160 - INFO - FOLLOWING SCRAPER: ✓ laclefrevival: Good candidate with 23 followers, 503 following
2025-03-28 17:16:00,160 - INFO - FOLLOWING SCRAPER: ✓ byboyfantasy: Good candidate with 83 followers, 604 following
2025-03-28 17:16:00,160 - INFO - FOLLOWING SCRAPER: ✓ manofdutch: Good candidate with 29 followers, 55 following
2025-03-28 17:16:00,160 - INFO - FOLLOWING SCRAPER: ✗ fernandosev7n: Too many connections (235 followers, 1534 following)
2025-03-28 17:16:00,160 - INFO - FOLLOWING SCRAPER: ✓ thefineartcollective: Good candidate with 675 followers, 919 following
2025-03-28 17:16:00,160 - INFO - FOLLOWING SCRAPER: ✗ xidan_zhang: Too many connections (2744 followers, 902 following)
2025-03-28 17:16:00,160 - INFO - FOLLOWING SCRAPER: ✗ zihaosong: Too many connections (10 followers, 2448 following)
2025-03-28 17:16:00,160 - INFO - FOLLOWING SCRAPER: ✗ young.brando: Too many connections (17 followers, 2457 following)
2025-03-28 17:16:00,160 - INFO - FOLLOWING SCRAPER: ✗ gentleman.gasmask: Too many connections (364 followers, 1661 following)
2025-03-28 17:16:00,160 - INFO - FOLLOWING SCRAPER: ✗ yuukakazami0: Too many connections (1345 followers, 521 following)
2025-03-28 17:16:00,160 - INFO - FOLLOWING SCRAPER: ✗ cucny: Too many connections (2784 followers, 38 following)
2025-03-28 17:16:00,160 - INFO - FOLLOWING SCRAPER: ✗ thepennclub: Too many connections (4062 followers, 632 following)
2025-03-28 17:16:00,160 - INFO - FOLLOWING SCRAPER: ✗ lsmartfund: Too many connections (4172 followers, 586 following)
2025-03-28 17:16:00,160 - INFO - FOLLOWING SCRAPER: ✗ perpetual.passion: Too many connections (38 followers, 2352 following)
2025-03-28 17:16:00,160 - INFO - FOLLOWING SCRAPER: ✗ milanrecords: Too many connections (20 followers, 2863 following)
2025-03-28 17:16:00,160 - INFO - FOLLOWING SCRAPER: ✗ prophetconsulting: Too many connections (5423 followers, 300 following)
2025-03-28 17:16:00,160 - INFO - FOLLOWING SCRAPER: Found 14 accounts with reasonable follower/following counts
2025-03-28 17:16:00,160 - INFO - FOLLOWING SCRAPER: DEBUG: Sanitizing and saving 1862 links
2025-03-28 17:16:00,160 - INFO - FOLLOWING SCRAPER: DEBUG: After sanitization: 1862 links (removed 0)
2025-03-28 17:16:00,160 - INFO - FOLLOWING SCRAPER: DEBUG: Successfully saved 1862 links to instagram_data/followingLinks.txt
2025-03-28 17:16:00,160 - INFO - FOLLOWING SCRAPER: Links reordered to prioritize accounts with reasonable follower/following counts
2025-03-28 17:16:00,160 - INFO - FOLLOWING SCRAPER: Randomly selecting 58 accounts from 1862 available accounts
2025-03-28 17:16:00,160 - INFO - FOLLOWING SCRAPER: DEBUG: Processing randomly selected link #1362/1862: https://www.instagram.com/leonor.0708/
2025-03-28 17:16:00,160 - INFO - FOLLOWING SCRAPER: DEBUG: Before processing - 1862 links in queue
2025-03-28 17:16:00,161 - INFO - FOLLOWING SCRAPER: DEBUG: Skipping already processed account: leonor.0708
2025-03-28 17:16:00,161 - INFO - FOLLOWING SCRAPER: Error during batch processing: list.remove(x): x not in list
2025-03-28 17:16:00,161 - INFO - FOLLOWING SCRAPER: Browser closed. Script complete.
2025-03-28 17:16:00,613 - ERROR - DEBUG: ISSUE DETECTED - Queue size didn't decrease. Before: 1862, After: 1862, Diff: 0
2025-03-28 17:16:00,614 - INFO - DEBUG: Checking for duplicates after processing
2025-03-28 17:16:00,629 - INFO - No duplicate links found in instagram_data/followingLinks.txt
2025-03-28 17:16:00,629 - INFO - remove_processed_links function is disabled to allow re-scraping of potential rate-limited accounts
2025-03-28 17:16:00,629 - INFO - Following accounts scraping session completed with result: True
2025-03-28 17:16:00,629 - INFO - Sessions completed. Waiting 0 hours and 31 minutes before next sessions...
2025-03-28 17:47:41,604 - INFO - Current counts in status file - Followers: 881, Following: 1869
2025-03-28 17:47:41,605 - INFO - Current counts in status file - Followers: 881, Following: 1869
2025-03-28 17:47:41,607 - INFO - Starting new scraping session
2025-03-28 17:47:41,607 - INFO - Current counts in status file - Followers: 881, Following: 1869
2025-03-28 17:47:41,607 - INFO - Need to collect more following accounts: 1862/1869
2025-03-28 17:47:41,607 - INFO - Need to collect more followers: 879/881
2025-03-28 17:47:41,607 - INFO - Using 8 max pages for this session
2025-03-28 17:48:14,678 - INFO - SCRAPER: Logged in using button: //button[contains(.,'Log in')]
2025-03-28 17:48:14,679 - INFO - SCRAPER: Logged in successfully!
2025-03-28 17:48:14,679 - INFO - SCRAPER: Logged in as fretin98
2025-03-28 17:48:14,680 - INFO - SCRAPER: Resuming previous session...
2025-03-28 17:48:14,680 - INFO - SCRAPER: Loaded 879 followers and 1862 following from previous session
2025-03-28 17:48:14,680 - INFO - SCRAPER: Profile Stats: {'followers': 881, 'following': 1869, 'posts': 242}
2025-03-28 17:48:14,680 - INFO - Found profile stats line
2025-03-28 17:48:14,680 - INFO - SCRAPER: Followers: 881, Following: 1869
2025-03-28 17:48:14,680 - INFO - Extracted total followers: 881
2025-03-28 17:48:14,680 - INFO - Extracted total following: 1869
2025-03-28 17:48:14,680 - INFO - SCRAPER: Scraping followers...
2025-03-28 17:48:14,680 - INFO - SCRAPER: Already collected 879/881 followers (≥95%). Skipping followers scraping.
2025-03-28 17:48:14,680 - INFO - SCRAPER: Scraping following...
2025-03-28 17:48:14,680 - INFO - SCRAPER: Already collected 1862/1869 following accounts (≥95%). Skipping following scraping.
2025-03-28 17:48:14,680 - INFO - SCRAPER: Getting links to following accounts...
2025-03-28 17:48:14,680 - INFO - SCRAPER: Created 1862 following links from usernames
2025-03-28 17:48:14,680 - INFO - SCRAPER: Updated following links file: instagram_data/followingLinks.txt
2025-03-28 17:48:14,680 - INFO - SCRAPER: Updated adjacency list file: instagram_data/adjList.txt
2025-03-28 17:48:14,680 - INFO - SCRAPER: Added 0 new relationships (total: 25025)
2025-03-28 17:48:14,680 - INFO - SCRAPER: Retrieved 1862 following links
2025-03-28 17:48:14,680 - INFO - SCRAPER: Session completed successfully!
2025-03-28 17:48:14,680 - INFO - SCRAPER: Browser closed.
2025-03-28 17:48:14,775 - INFO - Updating status with dynamic counts - Followers: 881, Following: 1869
2025-03-28 17:48:14,776 - INFO - Saved data to instagram_data/auto_scrape_status.json
2025-03-28 17:48:14,776 - INFO - Now running a session to scrape following accounts network data...
2025-03-28 17:48:14,776 - INFO - Starting following accounts scraping session
2025-03-28 17:48:14,776 - INFO - remove_processed_links function is disabled to allow re-scraping of potential rate-limited accounts
2025-03-28 17:48:14,776 - INFO - DEBUG: Checking for duplicates before processing
2025-03-28 17:48:14,777 - INFO - No duplicate links found in instagram_data/followingLinks.txt
2025-03-28 17:48:14,777 - INFO - DEBUG: Before processing - 1862 accounts in queue
2025-03-28 17:48:14,834 - INFO - Using random batch size of 45 accounts for this session
2025-03-28 17:49:52,323 - INFO - FOLLOWING SCRAPER: DEBUG MODE ENABLED
2025-03-28 17:49:52,324 - INFO - FOLLOWING SCRAPER: Loaded scraping progress: 1474 accounts processed
2025-03-28 17:49:52,324 - INFO - FOLLOWING SCRAPER: Will process 45 accounts in this session
2025-03-28 17:49:52,324 - INFO - FOLLOWING SCRAPER: Logged in using button: //button[contains(.,'Log in')]
2025-03-28 17:49:52,325 - INFO - FOLLOWING SCRAPER: Logged in successfully!
2025-03-28 17:49:52,325 - INFO - FOLLOWING SCRAPER: Rate limit statistics: 1 accounts marked as rate-limited
2025-03-28 17:49:52,325 - INFO - FOLLOWING SCRAPER: Examples of rate-limited accounts: ['benton.down']
2025-03-28 17:49:52,325 - INFO - FOLLOWING SCRAPER: Loaded 1862 links from instagram_data/followingLinks.txt
2025-03-28 17:49:52,325 - INFO - FOLLOWING SCRAPER: Loaded adjacency list from instagram_data/adjList.txt
2025-03-28 17:49:52,325 - INFO - FOLLOWING SCRAPER: Deduplicating adjacency list...
2025-03-28 17:49:52,325 - INFO - FOLLOWING SCRAPER: No duplicates found in adjList.txt
2025-03-28 17:49:52,325 - INFO - FOLLOWING SCRAPER: DEBUG: Found 6161 already processed accounts in adjList.txt
2025-03-28 17:49:52,325 - INFO - FOLLOWING SCRAPER: Found 6161 accounts that have already been processed
2025-03-28 17:49:52,325 - INFO - FOLLOWING SCRAPER: Starting batch processing of 45 accounts
2025-03-28 17:49:52,325 - INFO - FOLLOWING SCRAPER: Pre-checking accounts to prioritize ones with reasonable follower/following counts...
2025-03-28 17:49:52,325 - INFO - FOLLOWING SCRAPER: ✓ shuheisakaue: Good candidate with 18 followers, 895 following
2025-03-28 17:49:52,325 - INFO - FOLLOWING SCRAPER: ✓ catsoupai: Good candidate with 189 followers, 189 following
2025-03-28 17:49:52,325 - INFO - FOLLOWING SCRAPER: ✓ soloslop.memes: Good candidate with 70 followers, 67 following
2025-03-28 17:49:52,325 - INFO - FOLLOWING SCRAPER: ✓ phillipsauction: Good candidate with 429 followers, 434 following
2025-03-28 17:49:52,325 - INFO - FOLLOWING SCRAPER: ✓ filmmovement: Good candidate with 12 followers, 709 following
2025-03-28 17:49:52,325 - INFO - FOLLOWING SCRAPER: ✗ rubahitam_: Too many connections (48 followers, 1151 following)
2025-03-28 17:49:52,325 - INFO - FOLLOWING SCRAPER: ✗ chinatown_cowboy.mp4: Too many connections (2384 followers, 0 following)
2025-03-28 17:49:52,325 - INFO - FOLLOWING SCRAPER: ✓ asian_redbozicowboy: Good candidate with 29 followers, 250 following
2025-03-28 17:49:52,325 - INFO - FOLLOWING SCRAPER: ✓ ccpxi_8964: Good candidate with 10 followers, 97 following
2025-03-28 17:49:52,325 - INFO - FOLLOWING SCRAPER: ✓ ngr.ev: Good candidate with 116 followers, 190 following
2025-03-28 17:49:52,325 - INFO - FOLLOWING SCRAPER: ✓ cinema_nighttt: Good candidate with 401 followers, 15 following
2025-03-28 17:49:52,325 - INFO - FOLLOWING SCRAPER: ✓ thedizzyviper: Good candidate with 179 followers, 903 following
2025-03-28 17:49:52,325 - INFO - FOLLOWING SCRAPER: ✗ arabbitsfoot: Too many connections (65 followers, 1571 following)
2025-03-28 17:49:52,325 - INFO - FOLLOWING SCRAPER: ✓ laclefrevival: Good candidate with 23 followers, 503 following
2025-03-28 17:49:52,325 - INFO - FOLLOWING SCRAPER: ✓ byboyfantasy: Good candidate with 83 followers, 604 following
2025-03-28 17:49:52,325 - INFO - FOLLOWING SCRAPER: ✓ manofdutch: Good candidate with 29 followers, 55 following
2025-03-28 17:49:52,325 - INFO - FOLLOWING SCRAPER: ✗ fernandosev7n: Too many connections (235 followers, 1534 following)
2025-03-28 17:49:52,325 - INFO - FOLLOWING SCRAPER: ✓ thefineartcollective: Good candidate with 675 followers, 919 following
2025-03-28 17:49:52,325 - INFO - FOLLOWING SCRAPER: ✗ xidan_zhang: Too many connections (2744 followers, 902 following)
2025-03-28 17:49:52,325 - INFO - FOLLOWING SCRAPER: ✗ zihaosong: Too many connections (10 followers, 2448 following)
2025-03-28 17:49:52,325 - INFO - FOLLOWING SCRAPER: ✗ young.brando: Too many connections (17 followers, 2457 following)
2025-03-28 17:49:52,325 - INFO - FOLLOWING SCRAPER: ✗ gentleman.gasmask: Too many connections (364 followers, 1662 following)
2025-03-28 17:49:52,325 - INFO - FOLLOWING SCRAPER: ✗ yuukakazami0: Too many connections (1347 followers, 521 following)
2025-03-28 17:49:52,325 - INFO - FOLLOWING SCRAPER: ✗ cucny: Too many connections (2784 followers, 38 following)
2025-03-28 17:49:52,325 - INFO - FOLLOWING SCRAPER: ✗ thepennclub: Too many connections (4062 followers, 632 following)
2025-03-28 17:49:52,326 - INFO - FOLLOWING SCRAPER: ✗ lsmartfund: Too many connections (4172 followers, 586 following)
2025-03-28 17:49:52,326 - INFO - FOLLOWING SCRAPER: Found 14 accounts with reasonable follower/following counts
2025-03-28 17:49:52,326 - INFO - FOLLOWING SCRAPER: DEBUG: Sanitizing and saving 1862 links
2025-03-28 17:49:52,326 - INFO - FOLLOWING SCRAPER: DEBUG: After sanitization: 1862 links (removed 0)
2025-03-28 17:49:52,326 - INFO - FOLLOWING SCRAPER: DEBUG: Successfully saved 1862 links to instagram_data/followingLinks.txt
2025-03-28 17:49:52,326 - INFO - FOLLOWING SCRAPER: Links reordered to prioritize accounts with reasonable follower/following counts
2025-03-28 17:49:52,326 - INFO - FOLLOWING SCRAPER: Randomly selecting 45 accounts from 1862 available accounts
2025-03-28 17:49:52,326 - INFO - FOLLOWING SCRAPER: DEBUG: Processing randomly selected link #1134/1862: https://www.instagram.com/cai_yichiluo/
2025-03-28 17:49:52,326 - INFO - FOLLOWING SCRAPER: DEBUG: Before processing - 1862 links in queue
2025-03-28 17:49:52,326 - INFO - FOLLOWING SCRAPER: DEBUG: Skipping already processed account: cai_yichiluo
2025-03-28 17:49:52,326 - INFO - FOLLOWING SCRAPER: Error during batch processing: list.remove(x): x not in list
2025-03-28 17:49:52,326 - INFO - FOLLOWING SCRAPER: Browser closed. Script complete.
2025-03-28 17:49:52,782 - ERROR - DEBUG: ISSUE DETECTED - Queue size didn't decrease. Before: 1862, After: 1862, Diff: 0
2025-03-28 17:49:52,782 - INFO - DEBUG: Checking for duplicates after processing
2025-03-28 17:49:52,783 - INFO - No duplicate links found in instagram_data/followingLinks.txt
2025-03-28 17:49:52,783 - INFO - remove_processed_links function is disabled to allow re-scraping of potential rate-limited accounts
2025-03-28 17:49:52,783 - INFO - Following accounts scraping session completed with result: True
2025-03-28 17:49:52,783 - INFO - Sessions completed. Waiting 0 hours and 33 minutes before next sessions...
2025-03-28 18:23:06,841 - INFO - Current counts in status file - Followers: 881, Following: 1869
2025-03-28 18:23:06,842 - INFO - Current counts in status file - Followers: 881, Following: 1869
2025-03-28 18:23:06,843 - INFO - Starting new scraping session
2025-03-28 18:23:06,844 - INFO - Current counts in status file - Followers: 881, Following: 1869
2025-03-28 18:23:06,844 - INFO - Need to collect more following accounts: 1862/1869
2025-03-28 18:23:06,844 - INFO - Need to collect more followers: 879/881
2025-03-28 18:23:06,844 - INFO - Using 6 max pages for this session
2025-03-28 18:23:39,508 - INFO - SCRAPER: Logged in using button: //button[contains(.,'Log in')]
2025-03-28 18:23:39,509 - INFO - SCRAPER: Logged in successfully!
2025-03-28 18:23:39,509 - INFO - SCRAPER: Logged in as fretin98
2025-03-28 18:23:39,509 - INFO - SCRAPER: Resuming previous session...
2025-03-28 18:23:39,509 - INFO - SCRAPER: Loaded 879 followers and 1862 following from previous session
2025-03-28 18:23:39,509 - INFO - SCRAPER: Profile Stats: {'followers': 881, 'following': 1869, 'posts': 242}
2025-03-28 18:23:39,510 - INFO - Found profile stats line
2025-03-28 18:23:39,510 - INFO - SCRAPER: Followers: 881, Following: 1869
2025-03-28 18:23:39,510 - INFO - Extracted total followers: 881
2025-03-28 18:23:39,510 - INFO - Extracted total following: 1869
2025-03-28 18:23:39,510 - INFO - SCRAPER: Scraping followers...
2025-03-28 18:23:39,510 - INFO - SCRAPER: Already collected 879/881 followers (≥95%). Skipping followers scraping.
2025-03-28 18:23:39,510 - INFO - SCRAPER: Scraping following...
2025-03-28 18:23:39,510 - INFO - SCRAPER: Already collected 1862/1869 following accounts (≥95%). Skipping following scraping.
2025-03-28 18:23:39,510 - INFO - SCRAPER: Getting links to following accounts...
2025-03-28 18:23:39,510 - INFO - SCRAPER: Created 1862 following links from usernames
2025-03-28 18:23:39,510 - INFO - SCRAPER: Updated following links file: instagram_data/followingLinks.txt
2025-03-28 18:23:39,510 - INFO - SCRAPER: Updated adjacency list file: instagram_data/adjList.txt
2025-03-28 18:23:39,510 - INFO - SCRAPER: Added 0 new relationships (total: 25025)
2025-03-28 18:23:39,510 - INFO - SCRAPER: Retrieved 1862 following links
2025-03-28 18:23:39,510 - INFO - SCRAPER: Session completed successfully!
2025-03-28 18:23:39,510 - INFO - SCRAPER: Browser closed.
2025-03-28 18:23:39,652 - INFO - Updating status with dynamic counts - Followers: 881, Following: 1869
2025-03-28 18:23:39,653 - INFO - Saved data to instagram_data/auto_scrape_status.json
2025-03-28 18:23:39,653 - INFO - Now running a session to scrape following accounts network data...
2025-03-28 18:23:39,653 - INFO - Starting following accounts scraping session
2025-03-28 18:23:39,653 - INFO - remove_processed_links function is disabled to allow re-scraping of potential rate-limited accounts
2025-03-28 18:23:39,653 - INFO - DEBUG: Checking for duplicates before processing
2025-03-28 18:23:39,653 - INFO - No duplicate links found in instagram_data/followingLinks.txt
2025-03-28 18:23:39,654 - INFO - DEBUG: Before processing - 1862 accounts in queue
2025-03-28 18:23:39,658 - INFO - Using random batch size of 47 accounts for this session
2025-03-28 18:25:22,551 - INFO - FOLLOWING SCRAPER: DEBUG MODE ENABLED
2025-03-28 18:25:22,552 - INFO - FOLLOWING SCRAPER: Loaded scraping progress: 1474 accounts processed
2025-03-28 18:25:22,552 - INFO - FOLLOWING SCRAPER: Will process 47 accounts in this session
2025-03-28 18:25:22,552 - INFO - FOLLOWING SCRAPER: Logged in using button: //button[contains(.,'Log in')]
2025-03-28 18:25:22,552 - INFO - FOLLOWING SCRAPER: Logged in successfully!
2025-03-28 18:25:22,552 - INFO - FOLLOWING SCRAPER: Rate limit statistics: 1 accounts marked as rate-limited
2025-03-28 18:25:22,552 - INFO - FOLLOWING SCRAPER: Examples of rate-limited accounts: ['benton.down']
2025-03-28 18:25:22,552 - INFO - FOLLOWING SCRAPER: Loaded 1862 links from instagram_data/followingLinks.txt
2025-03-28 18:25:22,552 - INFO - FOLLOWING SCRAPER: Loaded adjacency list from instagram_data/adjList.txt
2025-03-28 18:25:22,552 - INFO - FOLLOWING SCRAPER: Deduplicating adjacency list...
2025-03-28 18:25:22,552 - INFO - FOLLOWING SCRAPER: No duplicates found in adjList.txt
2025-03-28 18:25:22,552 - INFO - FOLLOWING SCRAPER: DEBUG: Found 6161 already processed accounts in adjList.txt
2025-03-28 18:25:22,552 - INFO - FOLLOWING SCRAPER: Found 6161 accounts that have already been processed
2025-03-28 18:25:22,552 - INFO - FOLLOWING SCRAPER: Starting batch processing of 47 accounts
2025-03-28 18:25:22,552 - INFO - FOLLOWING SCRAPER: Pre-checking accounts to prioritize ones with reasonable follower/following counts...
2025-03-28 18:25:22,552 - INFO - FOLLOWING SCRAPER: ✓ shuheisakaue: Good candidate with 18 followers, 895 following
2025-03-28 18:25:22,552 - INFO - FOLLOWING SCRAPER: ✓ catsoupai: Good candidate with 189 followers, 189 following
2025-03-28 18:25:22,553 - INFO - FOLLOWING SCRAPER: ✓ soloslop.memes: Good candidate with 70 followers, 67 following
2025-03-28 18:25:22,553 - INFO - FOLLOWING SCRAPER: ✓ phillipsauction: Good candidate with 429 followers, 434 following
2025-03-28 18:25:22,553 - INFO - FOLLOWING SCRAPER: ✓ filmmovement: Good candidate with 12 followers, 709 following
2025-03-28 18:25:22,553 - INFO - FOLLOWING SCRAPER: ✗ rubahitam_: Too many connections (48 followers, 1151 following)
2025-03-28 18:25:22,553 - INFO - FOLLOWING SCRAPER: ✗ chinatown_cowboy.mp4: Too many connections (2384 followers, 0 following)
2025-03-28 18:25:22,553 - INFO - FOLLOWING SCRAPER: ✓ asian_redbozicowboy: Good candidate with 29 followers, 250 following
2025-03-28 18:25:22,553 - INFO - FOLLOWING SCRAPER: ✓ ccpxi_8964: Good candidate with 10 followers, 97 following
2025-03-28 18:25:22,553 - INFO - FOLLOWING SCRAPER: ✓ ngr.ev: Good candidate with 116 followers, 190 following
2025-03-28 18:25:22,553 - INFO - FOLLOWING SCRAPER: ✓ cinema_nighttt: Good candidate with 401 followers, 15 following
2025-03-28 18:25:22,553 - INFO - FOLLOWING SCRAPER: ✓ thedizzyviper: Good candidate with 179 followers, 903 following
2025-03-28 18:25:22,553 - INFO - FOLLOWING SCRAPER: ✗ arabbitsfoot: Too many connections (65 followers, 1571 following)
2025-03-28 18:25:22,553 - INFO - FOLLOWING SCRAPER: ✓ laclefrevival: Good candidate with 23 followers, 503 following
2025-03-28 18:25:22,553 - INFO - FOLLOWING SCRAPER: ✓ byboyfantasy: Good candidate with 83 followers, 604 following
2025-03-28 18:25:22,553 - INFO - FOLLOWING SCRAPER: ✓ manofdutch: Good candidate with 29 followers, 55 following
2025-03-28 18:25:22,553 - INFO - FOLLOWING SCRAPER: ✗ fernandosev7n: Too many connections (235 followers, 1534 following)
2025-03-28 18:25:22,553 - INFO - FOLLOWING SCRAPER: ✓ thefineartcollective: Good candidate with 675 followers, 919 following
2025-03-28 18:25:22,553 - INFO - FOLLOWING SCRAPER: ✗ xidan_zhang: Too many connections (2744 followers, 902 following)
2025-03-28 18:25:22,553 - INFO - FOLLOWING SCRAPER: ✗ zihaosong: Too many connections (10 followers, 2448 following)
2025-03-28 18:25:22,554 - INFO - FOLLOWING SCRAPER: ✗ young.brando: Too many connections (17 followers, 2457 following)
2025-03-28 18:25:22,554 - INFO - FOLLOWING SCRAPER: ✗ gentleman.gasmask: Too many connections (364 followers, 1662 following)
2025-03-28 18:25:22,554 - INFO - FOLLOWING SCRAPER: ✗ yuukakazami0: Too many connections (1347 followers, 521 following)
2025-03-28 18:25:22,554 - INFO - FOLLOWING SCRAPER: ✗ cucny: Too many connections (2784 followers, 38 following)
2025-03-28 18:25:22,554 - INFO - FOLLOWING SCRAPER: ✗ thepennclub: Too many connections (4062 followers, 632 following)
2025-03-28 18:25:22,554 - INFO - FOLLOWING SCRAPER: ✗ lsmartfund: Too many connections (4172 followers, 586 following)
2025-03-28 18:25:22,554 - INFO - FOLLOWING SCRAPER: ✗ perpetual.passion: Too many connections (38 followers, 2352 following)
2025-03-28 18:25:22,554 - INFO - FOLLOWING SCRAPER: Found 14 accounts with reasonable follower/following counts
2025-03-28 18:25:22,554 - INFO - FOLLOWING SCRAPER: DEBUG: Sanitizing and saving 1862 links
2025-03-28 18:25:22,554 - INFO - FOLLOWING SCRAPER: DEBUG: After sanitization: 1862 links (removed 0)
2025-03-28 18:25:22,554 - INFO - FOLLOWING SCRAPER: DEBUG: Successfully saved 1862 links to instagram_data/followingLinks.txt
2025-03-28 18:25:22,554 - INFO - FOLLOWING SCRAPER: Links reordered to prioritize accounts with reasonable follower/following counts
2025-03-28 18:25:22,554 - INFO - FOLLOWING SCRAPER: Randomly selecting 47 accounts from 1862 available accounts
2025-03-28 18:25:22,554 - INFO - FOLLOWING SCRAPER: DEBUG: Processing randomly selected link #415/1862: https://www.instagram.com/jeffreymax7in/
2025-03-28 18:25:22,554 - INFO - FOLLOWING SCRAPER: DEBUG: Before processing - 1862 links in queue
2025-03-28 18:25:22,554 - INFO - FOLLOWING SCRAPER: DEBUG: Account jeffreymax7in in progress data with rate_limited=False
2025-03-28 18:25:22,554 - INFO - FOLLOWING SCRAPER: DEBUG: Skipping already processed account: jeffreymax7in
2025-03-28 18:25:22,554 - INFO - FOLLOWING SCRAPER: Error during batch processing: list.remove(x): x not in list
2025-03-28 18:25:22,554 - INFO - FOLLOWING SCRAPER: Browser closed. Script complete.
2025-03-28 18:25:22,973 - ERROR - DEBUG: ISSUE DETECTED - Queue size didn't decrease. Before: 1862, After: 1862, Diff: 0
2025-03-28 18:25:22,973 - INFO - DEBUG: Checking for duplicates after processing
2025-03-28 18:25:22,974 - INFO - No duplicate links found in instagram_data/followingLinks.txt
2025-03-28 18:25:22,974 - INFO - remove_processed_links function is disabled to allow re-scraping of potential rate-limited accounts
2025-03-28 18:25:22,974 - INFO - Following accounts scraping session completed with result: True
2025-03-28 18:25:22,974 - INFO - Sessions completed. Waiting 0 hours and 25 minutes before next sessions...
2025-03-28 18:50:34,000 - INFO - Current counts in status file - Followers: 881, Following: 1869
2025-03-28 18:50:34,002 - INFO - Current counts in status file - Followers: 881, Following: 1869
2025-03-28 18:50:34,003 - INFO - Starting new scraping session
2025-03-28 18:50:34,004 - INFO - Current counts in status file - Followers: 881, Following: 1869
2025-03-28 18:50:34,004 - INFO - Need to collect more following accounts: 1862/1869
2025-03-28 18:50:34,004 - INFO - Need to collect more followers: 879/881
2025-03-28 18:50:34,004 - INFO - Using 7 max pages for this session
2025-03-28 18:51:06,804 - INFO - SCRAPER: Logged in using button: //button[contains(.,'Log in')]
2025-03-28 18:51:06,806 - INFO - SCRAPER: Logged in successfully!
2025-03-28 18:51:06,806 - INFO - SCRAPER: Logged in as fretin98
2025-03-28 18:51:06,806 - INFO - SCRAPER: Resuming previous session...
2025-03-28 18:51:06,806 - INFO - SCRAPER: Loaded 879 followers and 1862 following from previous session
2025-03-28 18:51:06,806 - INFO - SCRAPER: Profile Stats: {'followers': 881, 'following': 1869, 'posts': 242}
2025-03-28 18:51:06,806 - INFO - Found profile stats line
2025-03-28 18:51:06,806 - INFO - SCRAPER: Followers: 881, Following: 1869
2025-03-28 18:51:06,806 - INFO - Extracted total followers: 881
2025-03-28 18:51:06,806 - INFO - Extracted total following: 1869
2025-03-28 18:51:06,806 - INFO - SCRAPER: Scraping followers...
2025-03-28 18:51:06,806 - INFO - SCRAPER: Already collected 879/881 followers (≥95%). Skipping followers scraping.
2025-03-28 18:51:06,807 - INFO - SCRAPER: Scraping following...
2025-03-28 18:51:06,807 - INFO - SCRAPER: Already collected 1862/1869 following accounts (≥95%). Skipping following scraping.
2025-03-28 18:51:06,807 - INFO - SCRAPER: Getting links to following accounts...
2025-03-28 18:51:06,807 - INFO - SCRAPER: Created 1862 following links from usernames
2025-03-28 18:51:06,807 - INFO - SCRAPER: Updated following links file: instagram_data/followingLinks.txt
2025-03-28 18:51:06,807 - INFO - SCRAPER: Updated adjacency list file: instagram_data/adjList.txt
2025-03-28 18:51:06,807 - INFO - SCRAPER: Added 0 new relationships (total: 25025)
2025-03-28 18:51:06,807 - INFO - SCRAPER: Retrieved 1862 following links
2025-03-28 18:51:06,807 - INFO - SCRAPER: Session completed successfully!
2025-03-28 18:51:06,807 - INFO - SCRAPER: Browser closed.
2025-03-28 18:51:06,922 - INFO - Updating status with dynamic counts - Followers: 881, Following: 1869
2025-03-28 18:51:06,931 - INFO - Saved data to instagram_data/auto_scrape_status.json
2025-03-28 18:51:06,931 - INFO - Now running a session to scrape following accounts network data...
2025-03-28 18:51:06,931 - INFO - Starting following accounts scraping session
2025-03-28 18:51:06,931 - INFO - remove_processed_links function is disabled to allow re-scraping of potential rate-limited accounts
2025-03-28 18:51:06,931 - INFO - DEBUG: Checking for duplicates before processing
2025-03-28 18:51:06,934 - INFO - No duplicate links found in instagram_data/followingLinks.txt
2025-03-28 18:51:06,934 - INFO - DEBUG: Before processing - 1862 accounts in queue
2025-03-28 18:51:06,937 - INFO - Using random batch size of 59 accounts for this session
2025-03-28 18:52:44,651 - INFO - FOLLOWING SCRAPER: DEBUG MODE ENABLED
2025-03-28 18:52:44,653 - INFO - FOLLOWING SCRAPER: Loaded scraping progress: 1474 accounts processed
2025-03-28 18:52:44,653 - INFO - FOLLOWING SCRAPER: Will process 59 accounts in this session
2025-03-28 18:52:44,653 - INFO - FOLLOWING SCRAPER: Logged in using button: //button[contains(.,'Log in')]
2025-03-28 18:52:44,653 - INFO - FOLLOWING SCRAPER: Login might have failed. Current URL still shows login page.
2025-03-28 18:52:44,653 - INFO - FOLLOWING SCRAPER: Rate limit statistics: 1 accounts marked as rate-limited
2025-03-28 18:52:44,653 - INFO - FOLLOWING SCRAPER: Examples of rate-limited accounts: ['benton.down']
2025-03-28 18:52:44,653 - INFO - FOLLOWING SCRAPER: Loaded 1862 links from instagram_data/followingLinks.txt
2025-03-28 18:52:44,653 - INFO - FOLLOWING SCRAPER: Loaded adjacency list from instagram_data/adjList.txt
2025-03-28 18:52:44,653 - INFO - FOLLOWING SCRAPER: Deduplicating adjacency list...
2025-03-28 18:52:44,653 - INFO - FOLLOWING SCRAPER: No duplicates found in adjList.txt
2025-03-28 18:52:44,653 - INFO - FOLLOWING SCRAPER: DEBUG: Found 6161 already processed accounts in adjList.txt
2025-03-28 18:52:44,653 - INFO - FOLLOWING SCRAPER: Found 6161 accounts that have already been processed
2025-03-28 18:52:44,653 - INFO - FOLLOWING SCRAPER: Starting batch processing of 59 accounts
2025-03-28 18:52:44,653 - INFO - FOLLOWING SCRAPER: Pre-checking accounts to prioritize ones with reasonable follower/following counts...
2025-03-28 18:52:44,653 - INFO - FOLLOWING SCRAPER: ✓ shuheisakaue: Good candidate with 18 followers, 895 following
2025-03-28 18:52:44,653 - INFO - FOLLOWING SCRAPER: ✓ catsoupai: Good candidate with 0 followers, 0 following
2025-03-28 18:52:44,653 - INFO - FOLLOWING SCRAPER: ✓ soloslop.memes: Good candidate with 70 followers, 67 following
2025-03-28 18:52:44,653 - INFO - FOLLOWING SCRAPER: ✓ phillipsauction: Good candidate with 0 followers, 0 following
2025-03-28 18:52:44,653 - INFO - FOLLOWING SCRAPER: ✓ filmmovement: Good candidate with 12 followers, 709 following
2025-03-28 18:52:44,653 - INFO - FOLLOWING SCRAPER: ✓ rubahitam_: Good candidate with 0 followers, 0 following
2025-03-28 18:52:44,653 - INFO - FOLLOWING SCRAPER: ✓ chinatown_cowboy.mp4: Good candidate with 0 followers, 0 following
2025-03-28 18:52:44,653 - INFO - FOLLOWING SCRAPER: ✓ asian_redbozicowboy: Good candidate with 29 followers, 250 following
2025-03-28 18:52:44,653 - INFO - FOLLOWING SCRAPER: ✓ ccpxi_8964: Good candidate with 10 followers, 97 following
2025-03-28 18:52:44,653 - INFO - FOLLOWING SCRAPER: ✓ ngr.ev: Good candidate with 116 followers, 190 following
2025-03-28 18:52:44,653 - INFO - FOLLOWING SCRAPER: ✓ cinema_nighttt: Good candidate with 0 followers, 0 following
2025-03-28 18:52:44,653 - INFO - FOLLOWING SCRAPER: ✓ thedizzyviper: Good candidate with 179 followers, 903 following
2025-03-28 18:52:44,653 - INFO - FOLLOWING SCRAPER: ✓ arabbitsfoot: Good candidate with 0 followers, 0 following
2025-03-28 18:52:44,653 - INFO - FOLLOWING SCRAPER: ✓ laclefrevival: Good candidate with 0 followers, 0 following
2025-03-28 18:52:44,654 - INFO - FOLLOWING SCRAPER: ✓ byboyfantasy: Good candidate with 0 followers, 0 following
2025-03-28 18:52:44,654 - INFO - FOLLOWING SCRAPER: ✓ manofdutch: Good candidate with 0 followers, 0 following
2025-03-28 18:52:44,654 - INFO - FOLLOWING SCRAPER: ✓ fernandosev7n: Good candidate with 0 followers, 0 following
2025-03-28 18:52:44,654 - INFO - FOLLOWING SCRAPER: ✓ thefineartcollective: Good candidate with 0 followers, 0 following
2025-03-28 18:52:44,654 - INFO - FOLLOWING SCRAPER: ✓ xidan_zhang: Good candidate with 0 followers, 0 following
2025-03-28 18:52:44,654 - INFO - FOLLOWING SCRAPER: ✓ zihaosong: Good candidate with 0 followers, 0 following
2025-03-28 18:52:44,654 - INFO - FOLLOWING SCRAPER: ✓ young.brando: Good candidate with 0 followers, 0 following
2025-03-28 18:52:44,654 - INFO - FOLLOWING SCRAPER: ✓ gentleman.gasmask: Good candidate with 0 followers, 0 following
2025-03-28 18:52:44,654 - INFO - FOLLOWING SCRAPER: ✓ yuukakazami0: Good candidate with 0 followers, 0 following
2025-03-28 18:52:44,654 - INFO - FOLLOWING SCRAPER: ✓ cucny: Good candidate with 0 followers, 0 following
2025-03-28 18:52:44,654 - INFO - FOLLOWING SCRAPER: ✓ thepennclub: Good candidate with 0 followers, 0 following
2025-03-28 18:52:44,654 - INFO - FOLLOWING SCRAPER: ✓ lsmartfund: Good candidate with 0 followers, 0 following
2025-03-28 18:52:44,654 - INFO - FOLLOWING SCRAPER: ✓ perpetual.passion: Good candidate with 0 followers, 0 following
2025-03-28 18:52:44,654 - INFO - FOLLOWING SCRAPER: ✓ milanrecords: Good candidate with 0 followers, 0 following
2025-03-28 18:52:44,654 - INFO - FOLLOWING SCRAPER: ✓ prophetconsulting: Good candidate with 0 followers, 0 following
2025-03-28 18:52:44,654 - INFO - FOLLOWING SCRAPER: Found 29 accounts with reasonable follower/following counts
2025-03-28 18:52:44,654 - INFO - FOLLOWING SCRAPER: DEBUG: Sanitizing and saving 1862 links
2025-03-28 18:52:44,654 - INFO - FOLLOWING SCRAPER: DEBUG: After sanitization: 1862 links (removed 0)
2025-03-28 18:52:44,654 - INFO - FOLLOWING SCRAPER: DEBUG: Successfully saved 1862 links to instagram_data/followingLinks.txt
2025-03-28 18:52:44,654 - INFO - FOLLOWING SCRAPER: Links reordered to prioritize accounts with reasonable follower/following counts
2025-03-28 18:52:44,654 - INFO - FOLLOWING SCRAPER: Randomly selecting 59 accounts from 1862 available accounts
2025-03-28 18:52:44,654 - INFO - FOLLOWING SCRAPER: DEBUG: Processing randomly selected link #1726/1862: https://www.instagram.com/gsx_evey/
2025-03-28 18:52:44,654 - INFO - FOLLOWING SCRAPER: DEBUG: Before processing - 1862 links in queue
2025-03-28 18:52:44,654 - INFO - FOLLOWING SCRAPER: DEBUG: Account gsx_evey in progress data with rate_limited=False
2025-03-28 18:52:44,654 - INFO - FOLLOWING SCRAPER: DEBUG: Skipping already processed account: gsx_evey
2025-03-28 18:52:44,654 - INFO - FOLLOWING SCRAPER: Error during batch processing: list.remove(x): x not in list
2025-03-28 18:52:44,654 - INFO - FOLLOWING SCRAPER: Browser closed. Script complete.
2025-03-28 18:52:44,836 - ERROR - DEBUG: ISSUE DETECTED - Queue size didn't decrease. Before: 1862, After: 1862, Diff: 0
2025-03-28 18:52:44,837 - INFO - DEBUG: Checking for duplicates after processing
2025-03-28 18:52:44,837 - INFO - No duplicate links found in instagram_data/followingLinks.txt
2025-03-28 18:52:44,837 - INFO - remove_processed_links function is disabled to allow re-scraping of potential rate-limited accounts
2025-03-28 18:52:44,837 - INFO - Following accounts scraping session completed with result: True
2025-03-28 18:52:44,837 - INFO - Sessions completed. Waiting 0 hours and 28 minutes before next sessions...
2025-03-28 19:21:20,819 - INFO - Current counts in status file - Followers: 881, Following: 1869
2025-03-28 19:21:20,824 - INFO - Current counts in status file - Followers: 881, Following: 1869
2025-03-28 19:21:20,826 - INFO - Starting new scraping session
2025-03-28 19:21:20,827 - INFO - Current counts in status file - Followers: 881, Following: 1869
2025-03-28 19:21:20,827 - INFO - Need to collect more following accounts: 1862/1869
2025-03-28 19:21:20,827 - INFO - Need to collect more followers: 879/881
2025-03-28 19:21:20,828 - INFO - Using 5 max pages for this session
2025-03-28 19:21:53,394 - INFO - SCRAPER: Logged in using button: //button[contains(.,'Log in')]
2025-03-28 19:21:53,395 - INFO - SCRAPER: Login might have failed. Current URL still shows login page.
2025-03-28 19:21:53,395 - INFO - SCRAPER: Logged in as fretin98
2025-03-28 19:21:53,395 - INFO - SCRAPER: Resuming previous session...
2025-03-28 19:21:53,395 - INFO - SCRAPER: Loaded 879 followers and 1862 following from previous session
2025-03-28 19:21:53,395 - INFO - SCRAPER: Profile Stats: {'followers': 0, 'following': 0, 'posts': 0}
2025-03-28 19:21:53,395 - INFO - Found profile stats line
2025-03-28 19:21:53,395 - INFO - SCRAPER: Followers: 0, Following: 0
2025-03-28 19:21:53,395 - INFO - Extracted total followers: 0
2025-03-28 19:21:53,395 - INFO - Extracted total following: 0
2025-03-28 19:21:53,395 - INFO - SCRAPER: Scraping followers...
2025-03-28 19:21:53,395 - INFO - SCRAPER: Already collected 879/0 followers (≥95%). Skipping followers scraping.
2025-03-28 19:21:53,395 - INFO - SCRAPER: Scraping following...
2025-03-28 19:21:53,395 - INFO - SCRAPER: Already collected 1862/0 following accounts (≥95%). Skipping following scraping.
2025-03-28 19:21:53,395 - INFO - SCRAPER: Getting links to following accounts...
2025-03-28 19:21:53,395 - INFO - SCRAPER: Created 1862 following links from usernames
2025-03-28 19:21:53,396 - INFO - SCRAPER: Updated following links file: instagram_data/followingLinks.txt
2025-03-28 19:21:53,396 - INFO - SCRAPER: Updated adjacency list file: instagram_data/adjList.txt
2025-03-28 19:21:53,396 - INFO - SCRAPER: Added 0 new relationships (total: 25025)
2025-03-28 19:21:53,396 - INFO - SCRAPER: Retrieved 1862 following links
2025-03-28 19:21:53,396 - INFO - SCRAPER: Session completed successfully!
2025-03-28 19:21:53,396 - INFO - SCRAPER: Browser closed.
2025-03-28 19:21:53,476 - INFO - Updating status with dynamic counts - Followers: 0, Following: 0
2025-03-28 19:21:53,478 - INFO - Saved data to instagram_data/auto_scrape_status.json
2025-03-28 19:21:53,478 - INFO - Now running a session to scrape following accounts network data...
2025-03-28 19:21:53,478 - INFO - Starting following accounts scraping session
2025-03-28 19:21:53,479 - INFO - remove_processed_links function is disabled to allow re-scraping of potential rate-limited accounts
2025-03-28 19:21:53,479 - INFO - DEBUG: Checking for duplicates before processing
2025-03-28 19:21:53,479 - INFO - No duplicate links found in instagram_data/followingLinks.txt
2025-03-28 19:21:53,479 - INFO - DEBUG: Before processing - 1862 accounts in queue
2025-03-28 19:21:53,484 - INFO - Using random batch size of 51 accounts for this session
2025-03-28 19:23:27,619 - INFO - FOLLOWING SCRAPER: DEBUG MODE ENABLED
2025-03-28 19:23:27,620 - INFO - FOLLOWING SCRAPER: Loaded scraping progress: 1474 accounts processed
2025-03-28 19:23:27,620 - INFO - FOLLOWING SCRAPER: Will process 51 accounts in this session
2025-03-28 19:23:27,620 - INFO - FOLLOWING SCRAPER: Logged in using button: //button[contains(.,'Log in')]
2025-03-28 19:23:27,620 - INFO - FOLLOWING SCRAPER: Login might have failed. Current URL still shows login page.
2025-03-28 19:23:27,620 - INFO - FOLLOWING SCRAPER: Rate limit statistics: 1 accounts marked as rate-limited
2025-03-28 19:23:27,620 - INFO - FOLLOWING SCRAPER: Examples of rate-limited accounts: ['benton.down']
2025-03-28 19:23:27,620 - INFO - FOLLOWING SCRAPER: Loaded 1862 links from instagram_data/followingLinks.txt
2025-03-28 19:23:27,620 - INFO - FOLLOWING SCRAPER: Loaded adjacency list from instagram_data/adjList.txt
2025-03-28 19:23:27,620 - INFO - FOLLOWING SCRAPER: Deduplicating adjacency list...
2025-03-28 19:23:27,620 - INFO - FOLLOWING SCRAPER: No duplicates found in adjList.txt
2025-03-28 19:23:27,620 - INFO - FOLLOWING SCRAPER: DEBUG: Found 6161 already processed accounts in adjList.txt
2025-03-28 19:23:27,620 - INFO - FOLLOWING SCRAPER: Found 6161 accounts that have already been processed
2025-03-28 19:23:27,620 - INFO - FOLLOWING SCRAPER: Starting batch processing of 51 accounts
2025-03-28 19:23:27,620 - INFO - FOLLOWING SCRAPER: Pre-checking accounts to prioritize ones with reasonable follower/following counts...
2025-03-28 19:23:27,620 - INFO - FOLLOWING SCRAPER: ✓ shuheisakaue: Good candidate with 0 followers, 0 following
2025-03-28 19:23:27,620 - INFO - FOLLOWING SCRAPER: ✓ catsoupai: Good candidate with 0 followers, 0 following
2025-03-28 19:23:27,620 - INFO - FOLLOWING SCRAPER: ✓ soloslop.memes: Good candidate with 0 followers, 0 following
2025-03-28 19:23:27,620 - INFO - FOLLOWING SCRAPER: ✓ phillipsauction: Good candidate with 0 followers, 0 following
2025-03-28 19:23:27,620 - INFO - FOLLOWING SCRAPER: ✓ filmmovement: Good candidate with 0 followers, 0 following
2025-03-28 19:23:27,620 - INFO - FOLLOWING SCRAPER: ✓ rubahitam_: Good candidate with 0 followers, 0 following
2025-03-28 19:23:27,621 - INFO - FOLLOWING SCRAPER: ✓ chinatown_cowboy.mp4: Good candidate with 0 followers, 0 following
2025-03-28 19:23:27,621 - INFO - FOLLOWING SCRAPER: ✓ asian_redbozicowboy: Good candidate with 0 followers, 0 following
2025-03-28 19:23:27,621 - INFO - FOLLOWING SCRAPER: ✓ ccpxi_8964: Good candidate with 0 followers, 0 following
2025-03-28 19:23:27,621 - INFO - FOLLOWING SCRAPER: ✓ ngr.ev: Good candidate with 0 followers, 0 following
2025-03-28 19:23:27,621 - INFO - FOLLOWING SCRAPER: ✓ cinema_nighttt: Good candidate with 0 followers, 0 following
2025-03-28 19:23:27,621 - INFO - FOLLOWING SCRAPER: ✓ thedizzyviper: Good candidate with 0 followers, 0 following
2025-03-28 19:23:27,621 - INFO - FOLLOWING SCRAPER: ✓ arabbitsfoot: Good candidate with 0 followers, 0 following
2025-03-28 19:23:27,621 - INFO - FOLLOWING SCRAPER: ✓ laclefrevival: Good candidate with 0 followers, 0 following
2025-03-28 19:23:27,621 - INFO - FOLLOWING SCRAPER: ✓ byboyfantasy: Good candidate with 0 followers, 0 following
2025-03-28 19:23:27,621 - INFO - FOLLOWING SCRAPER: ✓ manofdutch: Good candidate with 0 followers, 0 following
2025-03-28 19:23:27,621 - INFO - FOLLOWING SCRAPER: ✓ fernandosev7n: Good candidate with 0 followers, 0 following
2025-03-28 19:23:27,621 - INFO - FOLLOWING SCRAPER: ✓ thefineartcollective: Good candidate with 0 followers, 0 following
2025-03-28 19:23:27,621 - INFO - FOLLOWING SCRAPER: ✓ xidan_zhang: Good candidate with 0 followers, 0 following
2025-03-28 19:23:27,621 - INFO - FOLLOWING SCRAPER: ✓ zihaosong: Good candidate with 0 followers, 0 following
2025-03-28 19:23:27,621 - INFO - FOLLOWING SCRAPER: ✓ young.brando: Good candidate with 0 followers, 0 following
2025-03-28 19:23:27,621 - INFO - FOLLOWING SCRAPER: ✓ gentleman.gasmask: Good candidate with 0 followers, 0 following
2025-03-28 19:23:27,621 - INFO - FOLLOWING SCRAPER: ✓ yuukakazami0: Good candidate with 0 followers, 0 following
2025-03-28 19:23:27,621 - INFO - FOLLOWING SCRAPER: ✓ cucny: Good candidate with 0 followers, 0 following
2025-03-28 19:23:27,621 - INFO - FOLLOWING SCRAPER: ✓ thepennclub: Good candidate with 0 followers, 0 following
2025-03-28 19:23:27,621 - INFO - FOLLOWING SCRAPER: ✓ lsmartfund: Good candidate with 0 followers, 0 following
2025-03-28 19:23:27,621 - INFO - FOLLOWING SCRAPER: ✓ perpetual.passion: Good candidate with 0 followers, 0 following
2025-03-28 19:23:27,621 - INFO - FOLLOWING SCRAPER: ✓ milanrecords: Good candidate with 0 followers, 0 following
2025-03-28 19:23:27,621 - INFO - FOLLOWING SCRAPER: Found 28 accounts with reasonable follower/following counts
2025-03-28 19:23:27,621 - INFO - FOLLOWING SCRAPER: DEBUG: Sanitizing and saving 1862 links
2025-03-28 19:23:27,621 - INFO - FOLLOWING SCRAPER: DEBUG: After sanitization: 1862 links (removed 0)
2025-03-28 19:23:27,621 - INFO - FOLLOWING SCRAPER: DEBUG: Successfully saved 1862 links to instagram_data/followingLinks.txt
2025-03-28 19:23:27,621 - INFO - FOLLOWING SCRAPER: Links reordered to prioritize accounts with reasonable follower/following counts
2025-03-28 19:23:27,621 - INFO - FOLLOWING SCRAPER: Randomly selecting 51 accounts from 1862 available accounts
2025-03-28 19:23:27,621 - INFO - FOLLOWING SCRAPER: DEBUG: Processing randomly selected link #519/1862: https://www.instagram.com/ellen.lu0/
2025-03-28 19:23:27,621 - INFO - FOLLOWING SCRAPER: DEBUG: Before processing - 1862 links in queue
2025-03-28 19:23:27,621 - INFO - FOLLOWING SCRAPER: DEBUG: Account ellen.lu0 in progress data with rate_limited=False
2025-03-28 19:23:27,621 - INFO - FOLLOWING SCRAPER: DEBUG: Skipping already processed account: ellen.lu0
2025-03-28 19:23:27,621 - INFO - FOLLOWING SCRAPER: Error during batch processing: list.remove(x): x not in list
2025-03-28 19:23:27,621 - INFO - FOLLOWING SCRAPER: Browser closed. Script complete.
2025-03-28 19:23:27,709 - ERROR - DEBUG: ISSUE DETECTED - Queue size didn't decrease. Before: 1862, After: 1862, Diff: 0
2025-03-28 19:23:27,709 - INFO - DEBUG: Checking for duplicates after processing
2025-03-28 19:23:27,709 - INFO - No duplicate links found in instagram_data/followingLinks.txt
2025-03-28 19:23:27,709 - INFO - remove_processed_links function is disabled to allow re-scraping of potential rate-limited accounts
2025-03-28 19:23:27,709 - INFO - Following accounts scraping session completed with result: True
2025-03-28 19:23:27,709 - INFO - Sessions completed. Waiting 0 hours and 31 minutes before next sessions...
2025-03-28 19:54:45,737 - INFO - Setting temporary total following count to 1862 until profile is loaded
2025-03-28 19:54:45,740 - INFO - Saved data to instagram_data/auto_scrape_status.json
2025-03-28 19:54:45,740 - INFO - Setting temporary total followers count to 879 until profile is loaded
2025-03-28 19:54:45,740 - INFO - Saved data to instagram_data/auto_scrape_status.json
2025-03-28 19:54:45,740 - INFO - Current counts in status file - Followers: 879, Following: 1862
2025-03-28 19:54:45,741 - INFO - Current counts in status file - Followers: 879, Following: 1862
2025-03-28 19:54:45,742 - INFO - Starting new scraping session
2025-03-28 19:54:45,742 - INFO - Current counts in status file - Followers: 879, Following: 1862
2025-03-28 19:54:45,743 - INFO - Already collected all following accounts (1862/1862) and followers (879/879). Skipping main scraping session.
2025-03-28 19:54:45,743 - INFO - Now running a session to scrape following accounts network data...
2025-03-28 19:54:45,743 - INFO - Starting following accounts scraping session
2025-03-28 19:54:45,743 - INFO - remove_processed_links function is disabled to allow re-scraping of potential rate-limited accounts
2025-03-28 19:54:45,743 - INFO - DEBUG: Checking for duplicates before processing
2025-03-28 19:54:45,744 - INFO - No duplicate links found in instagram_data/followingLinks.txt
2025-03-28 19:54:45,744 - INFO - DEBUG: Before processing - 1862 accounts in queue
2025-03-28 19:54:45,749 - INFO - Using random batch size of 48 accounts for this session
2025-03-28 19:56:22,684 - INFO - FOLLOWING SCRAPER: DEBUG MODE ENABLED
2025-03-28 19:56:22,685 - INFO - FOLLOWING SCRAPER: Loaded scraping progress: 1474 accounts processed
2025-03-28 19:56:22,685 - INFO - FOLLOWING SCRAPER: Will process 48 accounts in this session
2025-03-28 19:56:22,685 - INFO - FOLLOWING SCRAPER: Logged in using button: //button[contains(.,'Log in')]
2025-03-28 19:56:22,685 - INFO - FOLLOWING SCRAPER: Login might have failed. Current URL still shows login page.
2025-03-28 19:56:22,685 - INFO - FOLLOWING SCRAPER: Rate limit statistics: 1 accounts marked as rate-limited
2025-03-28 19:56:22,685 - INFO - FOLLOWING SCRAPER: Examples of rate-limited accounts: ['benton.down']
2025-03-28 19:56:22,685 - INFO - FOLLOWING SCRAPER: Loaded 1862 links from instagram_data/followingLinks.txt
2025-03-28 19:56:22,685 - INFO - FOLLOWING SCRAPER: Loaded adjacency list from instagram_data/adjList.txt
2025-03-28 19:56:22,685 - INFO - FOLLOWING SCRAPER: Deduplicating adjacency list...
2025-03-28 19:56:22,686 - INFO - FOLLOWING SCRAPER: No duplicates found in adjList.txt
2025-03-28 19:56:22,686 - INFO - FOLLOWING SCRAPER: DEBUG: Found 6161 already processed accounts in adjList.txt
2025-03-28 19:56:22,686 - INFO - FOLLOWING SCRAPER: Found 6161 accounts that have already been processed
2025-03-28 19:56:22,686 - INFO - FOLLOWING SCRAPER: Starting batch processing of 48 accounts
2025-03-28 19:56:22,686 - INFO - FOLLOWING SCRAPER: Pre-checking accounts to prioritize ones with reasonable follower/following counts...
2025-03-28 19:56:22,686 - INFO - FOLLOWING SCRAPER: ✓ shuheisakaue: Good candidate with 0 followers, 0 following
2025-03-28 19:56:22,686 - INFO - FOLLOWING SCRAPER: ✓ catsoupai: Good candidate with 0 followers, 0 following
2025-03-28 19:56:22,686 - INFO - FOLLOWING SCRAPER: ✓ soloslop.memes: Good candidate with 0 followers, 0 following
2025-03-28 19:56:22,686 - INFO - FOLLOWING SCRAPER: ✓ phillipsauction: Good candidate with 0 followers, 0 following
2025-03-28 19:56:22,686 - INFO - FOLLOWING SCRAPER: ✓ filmmovement: Good candidate with 0 followers, 0 following
2025-03-28 19:56:22,686 - INFO - FOLLOWING SCRAPER: ✓ rubahitam_: Good candidate with 0 followers, 0 following
2025-03-28 19:56:22,686 - INFO - FOLLOWING SCRAPER: ✓ chinatown_cowboy.mp4: Good candidate with 0 followers, 0 following
2025-03-28 19:56:22,686 - INFO - FOLLOWING SCRAPER: ✓ asian_redbozicowboy: Good candidate with 0 followers, 0 following
2025-03-28 19:56:22,686 - INFO - FOLLOWING SCRAPER: ✓ ccpxi_8964: Good candidate with 0 followers, 0 following
2025-03-28 19:56:22,686 - INFO - FOLLOWING SCRAPER: ✓ ngr.ev: Good candidate with 0 followers, 0 following
2025-03-28 19:56:22,686 - INFO - FOLLOWING SCRAPER: ✓ cinema_nighttt: Good candidate with 0 followers, 0 following
2025-03-28 19:56:22,686 - INFO - FOLLOWING SCRAPER: ✓ thedizzyviper: Good candidate with 0 followers, 0 following
2025-03-28 19:56:22,686 - INFO - FOLLOWING SCRAPER: ✓ arabbitsfoot: Good candidate with 0 followers, 0 following
2025-03-28 19:56:22,686 - INFO - FOLLOWING SCRAPER: ✓ laclefrevival: Good candidate with 0 followers, 0 following
2025-03-28 19:56:22,686 - INFO - FOLLOWING SCRAPER: ✓ byboyfantasy: Good candidate with 0 followers, 0 following
2025-03-28 19:56:22,686 - INFO - FOLLOWING SCRAPER: ✓ manofdutch: Good candidate with 0 followers, 0 following
2025-03-28 19:56:22,686 - INFO - FOLLOWING SCRAPER: ✓ fernandosev7n: Good candidate with 0 followers, 0 following
2025-03-28 19:56:22,686 - INFO - FOLLOWING SCRAPER: ✓ thefineartcollective: Good candidate with 0 followers, 0 following
2025-03-28 19:56:22,686 - INFO - FOLLOWING SCRAPER: ✓ xidan_zhang: Good candidate with 0 followers, 0 following
2025-03-28 19:56:22,686 - INFO - FOLLOWING SCRAPER: ✓ zihaosong: Good candidate with 0 followers, 0 following
2025-03-28 19:56:22,686 - INFO - FOLLOWING SCRAPER: ✓ young.brando: Good candidate with 0 followers, 0 following
2025-03-28 19:56:22,686 - INFO - FOLLOWING SCRAPER: ✓ gentleman.gasmask: Good candidate with 0 followers, 0 following
2025-03-28 19:56:22,686 - INFO - FOLLOWING SCRAPER: ✓ yuukakazami0: Good candidate with 0 followers, 0 following
2025-03-28 19:56:22,686 - INFO - FOLLOWING SCRAPER: ✓ cucny: Good candidate with 0 followers, 0 following
2025-03-28 19:56:22,686 - INFO - FOLLOWING SCRAPER: ✓ thepennclub: Good candidate with 0 followers, 0 following
2025-03-28 19:56:22,686 - INFO - FOLLOWING SCRAPER: ✓ lsmartfund: Good candidate with 0 followers, 0 following
2025-03-28 19:56:22,686 - INFO - FOLLOWING SCRAPER: ✓ perpetual.passion: Good candidate with 0 followers, 0 following
2025-03-28 19:56:22,686 - INFO - FOLLOWING SCRAPER: ✓ milanrecords: Good candidate with 0 followers, 0 following
2025-03-28 19:56:22,686 - INFO - FOLLOWING SCRAPER: Found 28 accounts with reasonable follower/following counts
2025-03-28 19:56:22,686 - INFO - FOLLOWING SCRAPER: DEBUG: Sanitizing and saving 1862 links
2025-03-28 19:56:22,686 - INFO - FOLLOWING SCRAPER: DEBUG: After sanitization: 1862 links (removed 0)
2025-03-28 19:56:22,686 - INFO - FOLLOWING SCRAPER: DEBUG: Successfully saved 1862 links to instagram_data/followingLinks.txt
2025-03-28 19:56:22,686 - INFO - FOLLOWING SCRAPER: Links reordered to prioritize accounts with reasonable follower/following counts
2025-03-28 19:56:22,686 - INFO - FOLLOWING SCRAPER: Randomly selecting 48 accounts from 1862 available accounts
2025-03-28 19:56:22,686 - INFO - FOLLOWING SCRAPER: DEBUG: Processing randomly selected link #1645/1862: https://www.instagram.com/_chenxi_xu_/
2025-03-28 19:56:22,686 - INFO - FOLLOWING SCRAPER: DEBUG: Before processing - 1862 links in queue
2025-03-28 19:56:22,687 - INFO - FOLLOWING SCRAPER: DEBUG: Account _chenxi_xu_ in progress data with rate_limited=False
2025-03-28 19:56:22,687 - INFO - FOLLOWING SCRAPER: DEBUG: Skipping already processed account: _chenxi_xu_
2025-03-28 19:56:22,687 - INFO - FOLLOWING SCRAPER: Error during batch processing: list.remove(x): x not in list
2025-03-28 19:56:22,687 - INFO - FOLLOWING SCRAPER: Browser closed. Script complete.
2025-03-28 19:56:22,793 - ERROR - DEBUG: ISSUE DETECTED - Queue size didn't decrease. Before: 1862, After: 1862, Diff: 0
2025-03-28 19:56:22,793 - INFO - DEBUG: Checking for duplicates after processing
2025-03-28 19:56:22,794 - INFO - No duplicate links found in instagram_data/followingLinks.txt
2025-03-28 19:56:22,794 - INFO - remove_processed_links function is disabled to allow re-scraping of potential rate-limited accounts
2025-03-28 19:56:22,794 - INFO - Following accounts scraping session completed with result: True
2025-03-28 19:56:22,794 - INFO - Sessions completed. Waiting 0 hours and 35 minutes before next sessions...
2025-03-28 20:32:15,776 - INFO - Current counts in status file - Followers: 879, Following: 1862
2025-03-28 20:32:15,779 - INFO - Current counts in status file - Followers: 879, Following: 1862
2025-03-28 20:32:15,781 - INFO - Starting new scraping session
2025-03-28 20:32:15,782 - INFO - Current counts in status file - Followers: 879, Following: 1862
2025-03-28 20:32:15,782 - INFO - Already collected all following accounts (1862/1862) and followers (879/879). Skipping main scraping session.
2025-03-28 20:32:15,782 - INFO - Now running a session to scrape following accounts network data...
2025-03-28 20:32:15,782 - INFO - Starting following accounts scraping session
2025-03-28 20:32:15,783 - INFO - remove_processed_links function is disabled to allow re-scraping of potential rate-limited accounts
2025-03-28 20:32:15,783 - INFO - DEBUG: Checking for duplicates before processing
2025-03-28 20:32:15,788 - INFO - No duplicate links found in instagram_data/followingLinks.txt
2025-03-28 20:32:15,790 - INFO - DEBUG: Before processing - 1862 accounts in queue
2025-03-28 20:32:15,797 - INFO - Using random batch size of 42 accounts for this session
2025-03-28 20:33:52,360 - INFO - FOLLOWING SCRAPER: DEBUG MODE ENABLED
2025-03-28 20:33:52,361 - INFO - FOLLOWING SCRAPER: Loaded scraping progress: 1474 accounts processed
2025-03-28 20:33:52,361 - INFO - FOLLOWING SCRAPER: Will process 42 accounts in this session
2025-03-28 20:33:52,361 - INFO - FOLLOWING SCRAPER: Logged in using button: //button[contains(.,'Log in')]
2025-03-28 20:33:52,361 - INFO - FOLLOWING SCRAPER: Login might have failed. Current URL still shows login page.
2025-03-28 20:33:52,361 - INFO - FOLLOWING SCRAPER: Rate limit statistics: 1 accounts marked as rate-limited
2025-03-28 20:33:52,361 - INFO - FOLLOWING SCRAPER: Examples of rate-limited accounts: ['benton.down']
2025-03-28 20:33:52,361 - INFO - FOLLOWING SCRAPER: Loaded 1862 links from instagram_data/followingLinks.txt
2025-03-28 20:33:52,361 - INFO - FOLLOWING SCRAPER: Loaded adjacency list from instagram_data/adjList.txt
2025-03-28 20:33:52,361 - INFO - FOLLOWING SCRAPER: Deduplicating adjacency list...
2025-03-28 20:33:52,361 - INFO - FOLLOWING SCRAPER: No duplicates found in adjList.txt
2025-03-28 20:33:52,362 - INFO - FOLLOWING SCRAPER: DEBUG: Found 6161 already processed accounts in adjList.txt
2025-03-28 20:33:52,362 - INFO - FOLLOWING SCRAPER: Found 6161 accounts that have already been processed
2025-03-28 20:33:52,362 - INFO - FOLLOWING SCRAPER: Starting batch processing of 42 accounts
2025-03-28 20:33:52,362 - INFO - FOLLOWING SCRAPER: Pre-checking accounts to prioritize ones with reasonable follower/following counts...
2025-03-28 20:33:52,362 - INFO - FOLLOWING SCRAPER: ✓ shuheisakaue: Good candidate with 0 followers, 0 following
2025-03-28 20:33:52,362 - INFO - FOLLOWING SCRAPER: ✓ catsoupai: Good candidate with 0 followers, 0 following
2025-03-28 20:33:52,362 - INFO - FOLLOWING SCRAPER: ✓ soloslop.memes: Good candidate with 0 followers, 0 following
2025-03-28 20:33:52,362 - INFO - FOLLOWING SCRAPER: ✓ phillipsauction: Good candidate with 0 followers, 0 following
2025-03-28 20:33:52,362 - INFO - FOLLOWING SCRAPER: ✓ filmmovement: Good candidate with 0 followers, 0 following
2025-03-28 20:33:52,362 - INFO - FOLLOWING SCRAPER: ✓ rubahitam_: Good candidate with 0 followers, 0 following
2025-03-28 20:33:52,362 - INFO - FOLLOWING SCRAPER: ✓ chinatown_cowboy.mp4: Good candidate with 0 followers, 0 following
2025-03-28 20:33:52,362 - INFO - FOLLOWING SCRAPER: ✓ asian_redbozicowboy: Good candidate with 0 followers, 0 following
2025-03-28 20:33:52,362 - INFO - FOLLOWING SCRAPER: ✓ ccpxi_8964: Good candidate with 0 followers, 0 following
2025-03-28 20:33:52,362 - INFO - FOLLOWING SCRAPER: ✓ ngr.ev: Good candidate with 0 followers, 0 following
2025-03-28 20:33:52,362 - INFO - FOLLOWING SCRAPER: ✓ cinema_nighttt: Good candidate with 0 followers, 0 following
2025-03-28 20:33:52,362 - INFO - FOLLOWING SCRAPER: ✓ thedizzyviper: Good candidate with 0 followers, 0 following
2025-03-28 20:33:52,362 - INFO - FOLLOWING SCRAPER: ✓ arabbitsfoot: Good candidate with 0 followers, 0 following
2025-03-28 20:33:52,362 - INFO - FOLLOWING SCRAPER: ✓ laclefrevival: Good candidate with 0 followers, 0 following
2025-03-28 20:33:52,363 - INFO - FOLLOWING SCRAPER: ✓ byboyfantasy: Good candidate with 0 followers, 0 following
2025-03-28 20:33:52,363 - INFO - FOLLOWING SCRAPER: ✓ manofdutch: Good candidate with 0 followers, 0 following
2025-03-28 20:33:52,363 - INFO - FOLLOWING SCRAPER: ✓ fernandosev7n: Good candidate with 0 followers, 0 following
2025-03-28 20:33:52,363 - INFO - FOLLOWING SCRAPER: ✓ thefineartcollective: Good candidate with 0 followers, 0 following
2025-03-28 20:33:52,363 - INFO - FOLLOWING SCRAPER: ✓ xidan_zhang: Good candidate with 0 followers, 0 following
2025-03-28 20:33:52,363 - INFO - FOLLOWING SCRAPER: ✓ zihaosong: Good candidate with 0 followers, 0 following
2025-03-28 20:33:52,363 - INFO - FOLLOWING SCRAPER: ✓ young.brando: Good candidate with 0 followers, 0 following
2025-03-28 20:33:52,363 - INFO - FOLLOWING SCRAPER: ✓ gentleman.gasmask: Good candidate with 0 followers, 0 following
2025-03-28 20:33:52,363 - INFO - FOLLOWING SCRAPER: ✓ yuukakazami0: Good candidate with 0 followers, 0 following
2025-03-28 20:33:52,363 - INFO - FOLLOWING SCRAPER: ✓ cucny: Good candidate with 0 followers, 0 following
2025-03-28 20:33:52,363 - INFO - FOLLOWING SCRAPER: ✓ thepennclub: Good candidate with 0 followers, 0 following
2025-03-28 20:33:52,363 - INFO - FOLLOWING SCRAPER: ✓ lsmartfund: Good candidate with 0 followers, 0 following
2025-03-28 20:33:52,363 - INFO - FOLLOWING SCRAPER: ✓ perpetual.passion: Good candidate with 0 followers, 0 following
2025-03-28 20:33:52,363 - INFO - FOLLOWING SCRAPER: ✓ milanrecords: Good candidate with 0 followers, 0 following
2025-03-28 20:33:52,363 - INFO - FOLLOWING SCRAPER: Found 28 accounts with reasonable follower/following counts
2025-03-28 20:33:52,363 - INFO - FOLLOWING SCRAPER: DEBUG: Sanitizing and saving 1862 links
2025-03-28 20:33:52,363 - INFO - FOLLOWING SCRAPER: DEBUG: After sanitization: 1862 links (removed 0)
2025-03-28 20:33:52,363 - INFO - FOLLOWING SCRAPER: DEBUG: Successfully saved 1862 links to instagram_data/followingLinks.txt
2025-03-28 20:33:52,363 - INFO - FOLLOWING SCRAPER: Links reordered to prioritize accounts with reasonable follower/following counts
2025-03-28 20:33:52,363 - INFO - FOLLOWING SCRAPER: Randomly selecting 42 accounts from 1862 available accounts
2025-03-28 20:33:52,363 - INFO - FOLLOWING SCRAPER: DEBUG: Processing randomly selected link #1361/1862: https://www.instagram.com/sophiayzy_art/
2025-03-28 20:33:52,363 - INFO - FOLLOWING SCRAPER: DEBUG: Before processing - 1862 links in queue
2025-03-28 20:33:52,363 - INFO - FOLLOWING SCRAPER: DEBUG: Account sophiayzy_art in progress data with rate_limited=False
2025-03-28 20:33:52,363 - INFO - FOLLOWING SCRAPER: DEBUG: Skipping already processed account: sophiayzy_art
2025-03-28 20:33:52,363 - INFO - FOLLOWING SCRAPER: Error during batch processing: list.remove(x): x not in list
2025-03-28 20:33:52,363 - INFO - FOLLOWING SCRAPER: Browser closed. Script complete.
2025-03-28 20:33:52,430 - ERROR - DEBUG: ISSUE DETECTED - Queue size didn't decrease. Before: 1862, After: 1862, Diff: 0
2025-03-28 20:33:52,430 - INFO - DEBUG: Checking for duplicates after processing
2025-03-28 20:33:52,430 - INFO - No duplicate links found in instagram_data/followingLinks.txt
2025-03-28 20:33:52,431 - INFO - remove_processed_links function is disabled to allow re-scraping of potential rate-limited accounts
2025-03-28 20:33:52,431 - INFO - Following accounts scraping session completed with result: True
2025-03-28 20:33:52,431 - INFO - Sessions completed. Waiting 0 hours and 33 minutes before next sessions...
2025-03-28 21:07:41,445 - INFO - Current counts in status file - Followers: 879, Following: 1862
2025-03-28 21:07:41,447 - INFO - Current counts in status file - Followers: 879, Following: 1862
2025-03-28 21:07:41,449 - INFO - Starting new scraping session
2025-03-28 21:07:41,450 - INFO - Current counts in status file - Followers: 879, Following: 1862
2025-03-28 21:07:41,450 - INFO - Already collected all following accounts (1862/1862) and followers (879/879). Skipping main scraping session.
2025-03-28 21:07:41,450 - INFO - Now running a session to scrape following accounts network data...
2025-03-28 21:07:41,451 - INFO - Starting following accounts scraping session
2025-03-28 21:07:41,451 - INFO - remove_processed_links function is disabled to allow re-scraping of potential rate-limited accounts
2025-03-28 21:07:41,451 - INFO - DEBUG: Checking for duplicates before processing
2025-03-28 21:07:41,456 - INFO - No duplicate links found in instagram_data/followingLinks.txt
2025-03-28 21:07:41,456 - INFO - DEBUG: Before processing - 1862 accounts in queue
2025-03-28 21:07:41,464 - INFO - Using random batch size of 45 accounts for this session
2025-03-28 21:09:17,686 - INFO - FOLLOWING SCRAPER: DEBUG MODE ENABLED
2025-03-28 21:09:17,687 - INFO - FOLLOWING SCRAPER: Loaded scraping progress: 1474 accounts processed
2025-03-28 21:09:17,687 - INFO - FOLLOWING SCRAPER: Will process 45 accounts in this session
2025-03-28 21:09:17,687 - INFO - FOLLOWING SCRAPER: Logged in using button: //button[contains(.,'Log in')]
2025-03-28 21:09:17,687 - INFO - FOLLOWING SCRAPER: Login might have failed. Current URL still shows login page.
2025-03-28 21:09:17,687 - INFO - FOLLOWING SCRAPER: Rate limit statistics: 1 accounts marked as rate-limited
2025-03-28 21:09:17,687 - INFO - FOLLOWING SCRAPER: Examples of rate-limited accounts: ['benton.down']
2025-03-28 21:09:17,687 - INFO - FOLLOWING SCRAPER: Loaded 1862 links from instagram_data/followingLinks.txt
2025-03-28 21:09:17,687 - INFO - FOLLOWING SCRAPER: Loaded adjacency list from instagram_data/adjList.txt
2025-03-28 21:09:17,687 - INFO - FOLLOWING SCRAPER: Deduplicating adjacency list...
2025-03-28 21:09:17,687 - INFO - FOLLOWING SCRAPER: No duplicates found in adjList.txt
2025-03-28 21:09:17,687 - INFO - FOLLOWING SCRAPER: DEBUG: Found 6161 already processed accounts in adjList.txt
2025-03-28 21:09:17,687 - INFO - FOLLOWING SCRAPER: Found 6161 accounts that have already been processed
2025-03-28 21:09:17,687 - INFO - FOLLOWING SCRAPER: Starting batch processing of 45 accounts
2025-03-28 21:09:17,687 - INFO - FOLLOWING SCRAPER: Pre-checking accounts to prioritize ones with reasonable follower/following counts...
2025-03-28 21:09:17,687 - INFO - FOLLOWING SCRAPER: ✓ shuheisakaue: Good candidate with 0 followers, 0 following
2025-03-28 21:09:17,687 - INFO - FOLLOWING SCRAPER: ✓ catsoupai: Good candidate with 0 followers, 0 following
2025-03-28 21:09:17,687 - INFO - FOLLOWING SCRAPER: ✓ soloslop.memes: Good candidate with 0 followers, 0 following
2025-03-28 21:09:17,687 - INFO - FOLLOWING SCRAPER: ✓ phillipsauction: Good candidate with 0 followers, 0 following
2025-03-28 21:09:17,687 - INFO - FOLLOWING SCRAPER: ✓ filmmovement: Good candidate with 0 followers, 0 following
2025-03-28 21:09:17,688 - INFO - FOLLOWING SCRAPER: ✓ rubahitam_: Good candidate with 0 followers, 0 following
2025-03-28 21:09:17,688 - INFO - FOLLOWING SCRAPER: ✓ chinatown_cowboy.mp4: Good candidate with 0 followers, 0 following
2025-03-28 21:09:17,688 - INFO - FOLLOWING SCRAPER: ✓ asian_redbozicowboy: Good candidate with 0 followers, 0 following
2025-03-28 21:09:17,688 - INFO - FOLLOWING SCRAPER: ✓ ccpxi_8964: Good candidate with 0 followers, 0 following
2025-03-28 21:09:17,688 - INFO - FOLLOWING SCRAPER: ✓ ngr.ev: Good candidate with 0 followers, 0 following
2025-03-28 21:09:17,688 - INFO - FOLLOWING SCRAPER: ✓ cinema_nighttt: Good candidate with 0 followers, 0 following
2025-03-28 21:09:17,688 - INFO - FOLLOWING SCRAPER: ✓ thedizzyviper: Good candidate with 0 followers, 0 following
2025-03-28 21:09:17,688 - INFO - FOLLOWING SCRAPER: ✓ arabbitsfoot: Good candidate with 0 followers, 0 following
2025-03-28 21:09:17,688 - INFO - FOLLOWING SCRAPER: ✓ laclefrevival: Good candidate with 0 followers, 0 following
2025-03-28 21:09:17,688 - INFO - FOLLOWING SCRAPER: ✓ byboyfantasy: Good candidate with 0 followers, 0 following
2025-03-28 21:09:17,688 - INFO - FOLLOWING SCRAPER: ✓ manofdutch: Good candidate with 0 followers, 0 following
2025-03-28 21:09:17,688 - INFO - FOLLOWING SCRAPER: ✓ fernandosev7n: Good candidate with 0 followers, 0 following
2025-03-28 21:09:17,688 - INFO - FOLLOWING SCRAPER: ✓ thefineartcollective: Good candidate with 0 followers, 0 following
2025-03-28 21:09:17,688 - INFO - FOLLOWING SCRAPER: ✓ xidan_zhang: Good candidate with 0 followers, 0 following
2025-03-28 21:09:17,688 - INFO - FOLLOWING SCRAPER: ✓ zihaosong: Good candidate with 0 followers, 0 following
2025-03-28 21:09:17,688 - INFO - FOLLOWING SCRAPER: ✓ young.brando: Good candidate with 0 followers, 0 following
2025-03-28 21:09:17,688 - INFO - FOLLOWING SCRAPER: ✓ gentleman.gasmask: Good candidate with 0 followers, 0 following
2025-03-28 21:09:17,688 - INFO - FOLLOWING SCRAPER: ✓ yuukakazami0: Good candidate with 0 followers, 0 following
2025-03-28 21:09:17,688 - INFO - FOLLOWING SCRAPER: ✓ cucny: Good candidate with 0 followers, 0 following
2025-03-28 21:09:17,688 - INFO - FOLLOWING SCRAPER: ✓ thepennclub: Good candidate with 0 followers, 0 following
2025-03-28 21:09:17,688 - INFO - FOLLOWING SCRAPER: ✓ lsmartfund: Good candidate with 0 followers, 0 following
2025-03-28 21:09:17,688 - INFO - FOLLOWING SCRAPER: ✓ perpetual.passion: Good candidate with 0 followers, 0 following
2025-03-28 21:09:17,688 - INFO - FOLLOWING SCRAPER: ✓ milanrecords: Good candidate with 0 followers, 0 following
2025-03-28 21:09:17,688 - INFO - FOLLOWING SCRAPER: Found 28 accounts with reasonable follower/following counts
2025-03-28 21:09:17,688 - INFO - FOLLOWING SCRAPER: DEBUG: Sanitizing and saving 1862 links
2025-03-28 21:09:17,688 - INFO - FOLLOWING SCRAPER: DEBUG: After sanitization: 1862 links (removed 0)
2025-03-28 21:09:17,688 - INFO - FOLLOWING SCRAPER: DEBUG: Successfully saved 1862 links to instagram_data/followingLinks.txt
2025-03-28 21:09:17,688 - INFO - FOLLOWING SCRAPER: Links reordered to prioritize accounts with reasonable follower/following counts
2025-03-28 21:09:17,688 - INFO - FOLLOWING SCRAPER: Randomly selecting 45 accounts from 1862 available accounts
2025-03-28 21:09:17,688 - INFO - FOLLOWING SCRAPER: DEBUG: Processing randomly selected link #740/1862: https://www.instagram.com/eon.zjy/
2025-03-28 21:09:17,688 - INFO - FOLLOWING SCRAPER: DEBUG: Before processing - 1862 links in queue
2025-03-28 21:09:17,688 - INFO - FOLLOWING SCRAPER: DEBUG: Skipping already processed account: eon.zjy
2025-03-28 21:09:17,688 - INFO - FOLLOWING SCRAPER: Error during batch processing: list.remove(x): x not in list
2025-03-28 21:09:17,688 - INFO - FOLLOWING SCRAPER: Browser closed. Script complete.
2025-03-28 21:09:17,822 - ERROR - DEBUG: ISSUE DETECTED - Queue size didn't decrease. Before: 1862, After: 1862, Diff: 0
2025-03-28 21:09:17,823 - INFO - DEBUG: Checking for duplicates after processing
2025-03-28 21:09:17,823 - INFO - No duplicate links found in instagram_data/followingLinks.txt
2025-03-28 21:09:17,823 - INFO - remove_processed_links function is disabled to allow re-scraping of potential rate-limited accounts
2025-03-28 21:09:17,823 - INFO - Following accounts scraping session completed with result: True
2025-03-28 21:09:17,823 - INFO - Sessions completed. Waiting 0 hours and 22 minutes before next sessions...
2025-03-28 21:31:54,833 - INFO - Current counts in status file - Followers: 879, Following: 1862
2025-03-28 21:31:54,836 - INFO - Current counts in status file - Followers: 879, Following: 1862
2025-03-28 21:31:54,838 - INFO - Starting new scraping session
2025-03-28 21:31:54,838 - INFO - Current counts in status file - Followers: 879, Following: 1862
2025-03-28 21:31:54,838 - INFO - Already collected all following accounts (1862/1862) and followers (879/879). Skipping main scraping session.
2025-03-28 21:31:54,838 - INFO - Now running a session to scrape following accounts network data...
2025-03-28 21:31:54,838 - INFO - Starting following accounts scraping session
2025-03-28 21:31:54,838 - INFO - remove_processed_links function is disabled to allow re-scraping of potential rate-limited accounts
2025-03-28 21:31:54,846 - INFO - DEBUG: Checking for duplicates before processing
2025-03-28 21:31:54,848 - INFO - No duplicate links found in instagram_data/followingLinks.txt
2025-03-28 21:31:54,848 - INFO - DEBUG: Before processing - 1862 accounts in queue
2025-03-28 21:31:54,852 - INFO - Using random batch size of 53 accounts for this session
2025-03-28 21:33:35,223 - INFO - FOLLOWING SCRAPER: DEBUG MODE ENABLED
2025-03-28 21:33:35,224 - INFO - FOLLOWING SCRAPER: Loaded scraping progress: 1474 accounts processed
2025-03-28 21:33:35,224 - INFO - FOLLOWING SCRAPER: Will process 53 accounts in this session
2025-03-28 21:33:35,224 - INFO - FOLLOWING SCRAPER: Logged in using button: //button[contains(.,'Log in')]
2025-03-28 21:33:35,224 - INFO - FOLLOWING SCRAPER: Login might have failed. Current URL still shows login page.
2025-03-28 21:33:35,224 - INFO - FOLLOWING SCRAPER: Rate limit statistics: 1 accounts marked as rate-limited
2025-03-28 21:33:35,224 - INFO - FOLLOWING SCRAPER: Examples of rate-limited accounts: ['benton.down']
2025-03-28 21:33:35,224 - INFO - FOLLOWING SCRAPER: Loaded 1862 links from instagram_data/followingLinks.txt
2025-03-28 21:33:35,224 - INFO - FOLLOWING SCRAPER: Loaded adjacency list from instagram_data/adjList.txt
2025-03-28 21:33:35,224 - INFO - FOLLOWING SCRAPER: Deduplicating adjacency list...
2025-03-28 21:33:35,224 - INFO - FOLLOWING SCRAPER: No duplicates found in adjList.txt
2025-03-28 21:33:35,224 - INFO - FOLLOWING SCRAPER: DEBUG: Found 6161 already processed accounts in adjList.txt
2025-03-28 21:33:35,224 - INFO - FOLLOWING SCRAPER: Found 6161 accounts that have already been processed
2025-03-28 21:33:35,224 - INFO - FOLLOWING SCRAPER: Starting batch processing of 53 accounts
2025-03-28 21:33:35,224 - INFO - FOLLOWING SCRAPER: Pre-checking accounts to prioritize ones with reasonable follower/following counts...
2025-03-28 21:33:35,224 - INFO - FOLLOWING SCRAPER: ✓ shuheisakaue: Good candidate with 18 followers, 895 following
2025-03-28 21:33:35,224 - INFO - FOLLOWING SCRAPER: ✓ catsoupai: Good candidate with 0 followers, 0 following
2025-03-28 21:33:35,224 - INFO - FOLLOWING SCRAPER: ✓ soloslop.memes: Good candidate with 70 followers, 67 following
2025-03-28 21:33:35,224 - INFO - FOLLOWING SCRAPER: ✓ phillipsauction: Good candidate with 0 followers, 0 following
2025-03-28 21:33:35,224 - INFO - FOLLOWING SCRAPER: ✓ filmmovement: Good candidate with 12 followers, 709 following
2025-03-28 21:33:35,224 - INFO - FOLLOWING SCRAPER: ✗ rubahitam_: Too many connections (48 followers, 1151 following)
2025-03-28 21:33:35,224 - INFO - FOLLOWING SCRAPER: ✗ chinatown_cowboy.mp4: Too many connections (2384 followers, 0 following)
2025-03-28 21:33:35,224 - INFO - FOLLOWING SCRAPER: ✓ asian_redbozicowboy: Good candidate with 0 followers, 0 following
2025-03-28 21:33:35,224 - INFO - FOLLOWING SCRAPER: ✓ ccpxi_8964: Good candidate with 10 followers, 97 following
2025-03-28 21:33:35,224 - INFO - FOLLOWING SCRAPER: ✓ ngr.ev: Good candidate with 116 followers, 190 following
2025-03-28 21:33:35,224 - INFO - FOLLOWING SCRAPER: ✓ cinema_nighttt: Good candidate with 0 followers, 0 following
2025-03-28 21:33:35,225 - INFO - FOLLOWING SCRAPER: ✓ thedizzyviper: Good candidate with 179 followers, 903 following
2025-03-28 21:33:35,225 - INFO - FOLLOWING SCRAPER: ✓ arabbitsfoot: Good candidate with 0 followers, 0 following
2025-03-28 21:33:35,225 - INFO - FOLLOWING SCRAPER: ✓ laclefrevival: Good candidate with 0 followers, 0 following
2025-03-28 21:33:35,225 - INFO - FOLLOWING SCRAPER: ✓ byboyfantasy: Good candidate with 0 followers, 0 following
2025-03-28 21:33:35,225 - INFO - FOLLOWING SCRAPER: ✓ manofdutch: Good candidate with 29 followers, 55 following
2025-03-28 21:33:35,225 - INFO - FOLLOWING SCRAPER: ✗ fernandosev7n: Too many connections (235 followers, 1534 following)
2025-03-28 21:33:35,225 - INFO - FOLLOWING SCRAPER: ✓ thefineartcollective: Good candidate with 675 followers, 919 following
2025-03-28 21:33:35,225 - INFO - FOLLOWING SCRAPER: ✓ xidan_zhang: Good candidate with 0 followers, 0 following
2025-03-28 21:33:35,225 - INFO - FOLLOWING SCRAPER: ✓ zihaosong: Good candidate with 0 followers, 0 following
2025-03-28 21:33:35,225 - INFO - FOLLOWING SCRAPER: ✓ young.brando: Good candidate with 0 followers, 0 following
2025-03-28 21:33:35,225 - INFO - FOLLOWING SCRAPER: ✓ gentleman.gasmask: Good candidate with 0 followers, 0 following
2025-03-28 21:33:35,225 - INFO - FOLLOWING SCRAPER: ✓ yuukakazami0: Good candidate with 0 followers, 0 following
2025-03-28 21:33:35,225 - INFO - FOLLOWING SCRAPER: ✓ cucny: Good candidate with 0 followers, 0 following
2025-03-28 21:33:35,225 - INFO - FOLLOWING SCRAPER: ✓ thepennclub: Good candidate with 0 followers, 0 following
2025-03-28 21:33:35,225 - INFO - FOLLOWING SCRAPER: ✓ lsmartfund: Good candidate with 0 followers, 0 following
2025-03-28 21:33:35,225 - INFO - FOLLOWING SCRAPER: ✓ perpetual.passion: Good candidate with 0 followers, 0 following
2025-03-28 21:33:35,225 - INFO - FOLLOWING SCRAPER: ✓ milanrecords: Good candidate with 0 followers, 0 following
2025-03-28 21:33:35,225 - INFO - FOLLOWING SCRAPER: Found 25 accounts with reasonable follower/following counts
2025-03-28 21:33:35,225 - INFO - FOLLOWING SCRAPER: DEBUG: Sanitizing and saving 1862 links
2025-03-28 21:33:35,225 - INFO - FOLLOWING SCRAPER: DEBUG: After sanitization: 1862 links (removed 0)
2025-03-28 21:33:35,225 - INFO - FOLLOWING SCRAPER: DEBUG: Successfully saved 1862 links to instagram_data/followingLinks.txt
2025-03-28 21:33:35,225 - INFO - FOLLOWING SCRAPER: Links reordered to prioritize accounts with reasonable follower/following counts
2025-03-28 21:33:35,225 - INFO - FOLLOWING SCRAPER: Randomly selecting 53 accounts from 1862 available accounts
2025-03-28 21:33:35,225 - INFO - FOLLOWING SCRAPER: DEBUG: Processing randomly selected link #507/1862: https://www.instagram.com/felix.zhwang/
2025-03-28 21:33:35,225 - INFO - FOLLOWING SCRAPER: DEBUG: Before processing - 1862 links in queue
2025-03-28 21:33:35,225 - INFO - FOLLOWING SCRAPER: DEBUG: Account felix.zhwang in progress data with rate_limited=False
2025-03-28 21:33:35,225 - INFO - FOLLOWING SCRAPER: DEBUG: Skipping already processed account: felix.zhwang
2025-03-28 21:33:35,225 - INFO - FOLLOWING SCRAPER: Error during batch processing: list.remove(x): x not in list
2025-03-28 21:33:35,226 - INFO - FOLLOWING SCRAPER: Browser closed. Script complete.
2025-03-28 21:33:35,395 - ERROR - DEBUG: ISSUE DETECTED - Queue size didn't decrease. Before: 1862, After: 1862, Diff: 0
2025-03-28 21:33:35,396 - INFO - DEBUG: Checking for duplicates after processing
2025-03-28 21:33:35,398 - INFO - No duplicate links found in instagram_data/followingLinks.txt
2025-03-28 21:33:35,398 - INFO - remove_processed_links function is disabled to allow re-scraping of potential rate-limited accounts
2025-03-28 21:33:35,399 - INFO - Following accounts scraping session completed with result: True
2025-03-28 21:33:35,399 - INFO - Sessions completed. Waiting 0 hours and 22 minutes before next sessions...
2025-03-28 21:56:12,385 - INFO - Current counts in status file - Followers: 879, Following: 1862
2025-03-28 21:56:12,388 - INFO - Current counts in status file - Followers: 879, Following: 1862
2025-03-28 21:56:12,389 - INFO - Starting new scraping session
2025-03-28 21:56:12,390 - INFO - Current counts in status file - Followers: 879, Following: 1862
2025-03-28 21:56:12,390 - INFO - Already collected all following accounts (1862/1862) and followers (879/879). Skipping main scraping session.
2025-03-28 21:56:12,390 - INFO - Now running a session to scrape following accounts network data...
2025-03-28 21:56:12,390 - INFO - Starting following accounts scraping session
2025-03-28 21:56:12,390 - INFO - remove_processed_links function is disabled to allow re-scraping of potential rate-limited accounts
2025-03-28 21:56:12,390 - INFO - DEBUG: Checking for duplicates before processing
2025-03-28 21:56:12,397 - INFO - No duplicate links found in instagram_data/followingLinks.txt
2025-03-28 21:56:12,398 - INFO - DEBUG: Before processing - 1862 accounts in queue
2025-03-28 21:56:12,406 - INFO - Using random batch size of 49 accounts for this session
2025-03-28 21:57:45,390 - INFO - FOLLOWING SCRAPER: DEBUG MODE ENABLED
2025-03-28 21:57:45,391 - INFO - FOLLOWING SCRAPER: Loaded scraping progress: 1474 accounts processed
2025-03-28 21:57:45,391 - INFO - FOLLOWING SCRAPER: Will process 49 accounts in this session
2025-03-28 21:57:45,391 - INFO - FOLLOWING SCRAPER: Logged in using button: //button[contains(.,'Log in')]
2025-03-28 21:57:45,391 - INFO - FOLLOWING SCRAPER: Login might have failed. Current URL still shows login page.
2025-03-28 21:57:45,391 - INFO - FOLLOWING SCRAPER: Rate limit statistics: 1 accounts marked as rate-limited
2025-03-28 21:57:45,391 - INFO - FOLLOWING SCRAPER: Examples of rate-limited accounts: ['benton.down']
2025-03-28 21:57:45,391 - INFO - FOLLOWING SCRAPER: Loaded 1862 links from instagram_data/followingLinks.txt
2025-03-28 21:57:45,391 - INFO - FOLLOWING SCRAPER: Loaded adjacency list from instagram_data/adjList.txt
2025-03-28 21:57:45,391 - INFO - FOLLOWING SCRAPER: Deduplicating adjacency list...
2025-03-28 21:57:45,391 - INFO - FOLLOWING SCRAPER: No duplicates found in adjList.txt
2025-03-28 21:57:45,391 - INFO - FOLLOWING SCRAPER: DEBUG: Found 6161 already processed accounts in adjList.txt
2025-03-28 21:57:45,391 - INFO - FOLLOWING SCRAPER: Found 6161 accounts that have already been processed
2025-03-28 21:57:45,391 - INFO - FOLLOWING SCRAPER: Starting batch processing of 49 accounts
2025-03-28 21:57:45,392 - INFO - FOLLOWING SCRAPER: Pre-checking accounts to prioritize ones with reasonable follower/following counts...
2025-03-28 21:57:45,392 - INFO - FOLLOWING SCRAPER: ✓ shuheisakaue: Good candidate with 0 followers, 0 following
2025-03-28 21:57:45,392 - INFO - FOLLOWING SCRAPER: ✓ catsoupai: Good candidate with 0 followers, 0 following
2025-03-28 21:57:45,392 - INFO - FOLLOWING SCRAPER: ✓ soloslop.memes: Good candidate with 0 followers, 0 following
2025-03-28 21:57:45,392 - INFO - FOLLOWING SCRAPER: ✓ phillipsauction: Good candidate with 0 followers, 0 following
2025-03-28 21:57:45,392 - INFO - FOLLOWING SCRAPER: ✓ filmmovement: Good candidate with 0 followers, 0 following
2025-03-28 21:57:45,392 - INFO - FOLLOWING SCRAPER: ✓ asian_redbozicowboy: Good candidate with 0 followers, 0 following
2025-03-28 21:57:45,392 - INFO - FOLLOWING SCRAPER: ✓ ccpxi_8964: Good candidate with 0 followers, 0 following
2025-03-28 21:57:45,392 - INFO - FOLLOWING SCRAPER: ✓ ngr.ev: Good candidate with 0 followers, 0 following
2025-03-28 21:57:45,392 - INFO - FOLLOWING SCRAPER: ✓ cinema_nighttt: Good candidate with 0 followers, 0 following
2025-03-28 21:57:45,392 - INFO - FOLLOWING SCRAPER: ✓ thedizzyviper: Good candidate with 0 followers, 0 following
2025-03-28 21:57:45,392 - INFO - FOLLOWING SCRAPER: ✓ arabbitsfoot: Good candidate with 0 followers, 0 following
2025-03-28 21:57:45,392 - INFO - FOLLOWING SCRAPER: ✓ laclefrevival: Good candidate with 0 followers, 0 following
2025-03-28 21:57:45,392 - INFO - FOLLOWING SCRAPER: ✓ byboyfantasy: Good candidate with 0 followers, 0 following
2025-03-28 21:57:45,392 - INFO - FOLLOWING SCRAPER: ✓ manofdutch: Good candidate with 0 followers, 0 following
2025-03-28 21:57:45,392 - INFO - FOLLOWING SCRAPER: ✓ thefineartcollective: Good candidate with 0 followers, 0 following
2025-03-28 21:57:45,392 - INFO - FOLLOWING SCRAPER: ✓ xidan_zhang: Good candidate with 0 followers, 0 following
2025-03-28 21:57:45,392 - INFO - FOLLOWING SCRAPER: ✓ zihaosong: Good candidate with 0 followers, 0 following
2025-03-28 21:57:45,392 - INFO - FOLLOWING SCRAPER: ✓ young.brando: Good candidate with 0 followers, 0 following
2025-03-28 21:57:45,392 - INFO - FOLLOWING SCRAPER: ✓ gentleman.gasmask: Good candidate with 0 followers, 0 following
2025-03-28 21:57:45,392 - INFO - FOLLOWING SCRAPER: ✓ yuukakazami0: Good candidate with 0 followers, 0 following
2025-03-28 21:57:45,392 - INFO - FOLLOWING SCRAPER: ✓ cucny: Good candidate with 0 followers, 0 following
2025-03-28 21:57:45,392 - INFO - FOLLOWING SCRAPER: ✓ thepennclub: Good candidate with 0 followers, 0 following
2025-03-28 21:57:45,392 - INFO - FOLLOWING SCRAPER: ✓ lsmartfund: Good candidate with 0 followers, 0 following
2025-03-28 21:57:45,392 - INFO - FOLLOWING SCRAPER: ✓ perpetual.passion: Good candidate with 0 followers, 0 following
2025-03-28 21:57:45,392 - INFO - FOLLOWING SCRAPER: ✓ milanrecords: Good candidate with 0 followers, 0 following
2025-03-28 21:57:45,392 - INFO - FOLLOWING SCRAPER: Found 25 accounts with reasonable follower/following counts
2025-03-28 21:57:45,392 - INFO - FOLLOWING SCRAPER: DEBUG: Sanitizing and saving 1862 links
2025-03-28 21:57:45,392 - INFO - FOLLOWING SCRAPER: DEBUG: After sanitization: 1862 links (removed 0)
2025-03-28 21:57:45,392 - INFO - FOLLOWING SCRAPER: DEBUG: Successfully saved 1862 links to instagram_data/followingLinks.txt
2025-03-28 21:57:45,392 - INFO - FOLLOWING SCRAPER: Links reordered to prioritize accounts with reasonable follower/following counts
2025-03-28 21:57:45,392 - INFO - FOLLOWING SCRAPER: Randomly selecting 49 accounts from 1862 available accounts
2025-03-28 21:57:45,392 - INFO - FOLLOWING SCRAPER: DEBUG: Processing randomly selected link #1669/1862: https://www.instagram.com/qiushi_chen/
2025-03-28 21:57:45,392 - INFO - FOLLOWING SCRAPER: DEBUG: Before processing - 1862 links in queue
2025-03-28 21:57:45,392 - INFO - FOLLOWING SCRAPER: DEBUG: Skipping already processed account: qiushi_chen
2025-03-28 21:57:45,392 - INFO - FOLLOWING SCRAPER: Error during batch processing: list.remove(x): x not in list
2025-03-28 21:57:45,392 - INFO - FOLLOWING SCRAPER: Browser closed. Script complete.
2025-03-28 21:57:45,496 - ERROR - DEBUG: ISSUE DETECTED - Queue size didn't decrease. Before: 1862, After: 1862, Diff: 0
2025-03-28 21:57:45,496 - INFO - DEBUG: Checking for duplicates after processing
2025-03-28 21:57:45,500 - INFO - No duplicate links found in instagram_data/followingLinks.txt
2025-03-28 21:57:45,500 - INFO - remove_processed_links function is disabled to allow re-scraping of potential rate-limited accounts
2025-03-28 21:57:45,500 - INFO - Following accounts scraping session completed with result: True
2025-03-28 21:57:45,500 - INFO - Sessions completed. Waiting 0 hours and 25 minutes before next sessions...
2025-03-28 22:23:32,596 - INFO - Current counts in status file - Followers: 879, Following: 1862
2025-03-28 22:23:32,597 - INFO - Current counts in status file - Followers: 879, Following: 1862
2025-03-28 22:23:32,601 - INFO - Starting new scraping session
2025-03-28 22:23:32,602 - INFO - Current counts in status file - Followers: 879, Following: 1862
2025-03-28 22:23:32,602 - INFO - Already collected all following accounts (1862/1862) and followers (879/879). Skipping main scraping session.
2025-03-28 22:23:32,602 - INFO - Now running a session to scrape following accounts network data...
2025-03-28 22:23:32,602 - INFO - Starting following accounts scraping session
2025-03-28 22:23:32,602 - INFO - remove_processed_links function is disabled to allow re-scraping of potential rate-limited accounts
2025-03-28 22:23:32,602 - INFO - DEBUG: Checking for duplicates before processing
2025-03-28 22:23:32,605 - INFO - No duplicate links found in instagram_data/followingLinks.txt
2025-03-28 22:23:32,606 - INFO - DEBUG: Before processing - 1862 accounts in queue
2025-03-28 22:23:32,612 - INFO - Using random batch size of 51 accounts for this session
2025-03-28 22:25:01,812 - INFO - FOLLOWING SCRAPER: DEBUG MODE ENABLED
2025-03-28 22:25:01,814 - INFO - FOLLOWING SCRAPER: Loaded scraping progress: 1474 accounts processed
2025-03-28 22:25:01,814 - INFO - FOLLOWING SCRAPER: Will process 51 accounts in this session
2025-03-28 22:25:01,814 - INFO - FOLLOWING SCRAPER: Logged in using button: //button[contains(.,'Log in')]
2025-03-28 22:25:01,814 - INFO - FOLLOWING SCRAPER: Login might have failed. Current URL still shows login page.
2025-03-28 22:25:01,814 - INFO - FOLLOWING SCRAPER: Rate limit statistics: 1 accounts marked as rate-limited
2025-03-28 22:25:01,814 - INFO - FOLLOWING SCRAPER: Examples of rate-limited accounts: ['benton.down']
2025-03-28 22:25:01,814 - INFO - FOLLOWING SCRAPER: Loaded 1862 links from instagram_data/followingLinks.txt
2025-03-28 22:25:01,814 - INFO - FOLLOWING SCRAPER: Loaded adjacency list from instagram_data/adjList.txt
2025-03-28 22:25:01,815 - INFO - FOLLOWING SCRAPER: Deduplicating adjacency list...
2025-03-28 22:25:01,815 - INFO - FOLLOWING SCRAPER: No duplicates found in adjList.txt
2025-03-28 22:25:01,815 - INFO - FOLLOWING SCRAPER: DEBUG: Found 6161 already processed accounts in adjList.txt
2025-03-28 22:25:01,815 - INFO - FOLLOWING SCRAPER: Found 6161 accounts that have already been processed
2025-03-28 22:25:01,815 - INFO - FOLLOWING SCRAPER: Starting batch processing of 51 accounts
2025-03-28 22:25:01,815 - INFO - FOLLOWING SCRAPER: Pre-checking accounts to prioritize ones with reasonable follower/following counts...
2025-03-28 22:25:01,815 - INFO - FOLLOWING SCRAPER: ✓ shuheisakaue: Good candidate with 0 followers, 0 following
2025-03-28 22:25:01,815 - INFO - FOLLOWING SCRAPER: ✓ catsoupai: Good candidate with 0 followers, 0 following
2025-03-28 22:25:01,815 - INFO - FOLLOWING SCRAPER: ✓ soloslop.memes: Good candidate with 0 followers, 0 following
2025-03-28 22:25:01,815 - INFO - FOLLOWING SCRAPER: ✓ phillipsauction: Good candidate with 0 followers, 0 following
2025-03-28 22:25:01,815 - INFO - FOLLOWING SCRAPER: ✓ filmmovement: Good candidate with 0 followers, 0 following
2025-03-28 22:25:01,815 - INFO - FOLLOWING SCRAPER: ✓ asian_redbozicowboy: Good candidate with 0 followers, 0 following
2025-03-28 22:25:01,815 - INFO - FOLLOWING SCRAPER: ✓ ccpxi_8964: Good candidate with 0 followers, 0 following
2025-03-28 22:25:01,815 - INFO - FOLLOWING SCRAPER: ✓ ngr.ev: Good candidate with 0 followers, 0 following
2025-03-28 22:25:01,815 - INFO - FOLLOWING SCRAPER: ✓ cinema_nighttt: Good candidate with 0 followers, 0 following
2025-03-28 22:25:01,815 - INFO - FOLLOWING SCRAPER: ✓ thedizzyviper: Good candidate with 0 followers, 0 following
2025-03-28 22:25:01,815 - INFO - FOLLOWING SCRAPER: ✓ arabbitsfoot: Good candidate with 0 followers, 0 following
2025-03-28 22:25:01,815 - INFO - FOLLOWING SCRAPER: ✓ laclefrevival: Good candidate with 0 followers, 0 following
2025-03-28 22:25:01,815 - INFO - FOLLOWING SCRAPER: ✓ byboyfantasy: Good candidate with 0 followers, 0 following
2025-03-28 22:25:01,815 - INFO - FOLLOWING SCRAPER: ✓ manofdutch: Good candidate with 0 followers, 0 following
2025-03-28 22:25:01,815 - INFO - FOLLOWING SCRAPER: ✓ thefineartcollective: Good candidate with 0 followers, 0 following
2025-03-28 22:25:01,815 - INFO - FOLLOWING SCRAPER: ✓ xidan_zhang: Good candidate with 0 followers, 0 following
2025-03-28 22:25:01,815 - INFO - FOLLOWING SCRAPER: ✓ zihaosong: Good candidate with 0 followers, 0 following
2025-03-28 22:25:01,815 - INFO - FOLLOWING SCRAPER: ✓ young.brando: Good candidate with 0 followers, 0 following
2025-03-28 22:25:01,815 - INFO - FOLLOWING SCRAPER: ✓ gentleman.gasmask: Good candidate with 0 followers, 0 following
2025-03-28 22:25:01,815 - INFO - FOLLOWING SCRAPER: ✓ yuukakazami0: Good candidate with 0 followers, 0 following
2025-03-28 22:25:01,815 - INFO - FOLLOWING SCRAPER: ✓ cucny: Good candidate with 0 followers, 0 following
2025-03-28 22:25:01,815 - INFO - FOLLOWING SCRAPER: ✓ thepennclub: Good candidate with 0 followers, 0 following
2025-03-28 22:25:01,815 - INFO - FOLLOWING SCRAPER: ✓ lsmartfund: Good candidate with 0 followers, 0 following
2025-03-28 22:25:01,815 - INFO - FOLLOWING SCRAPER: ✓ perpetual.passion: Good candidate with 0 followers, 0 following
2025-03-28 22:25:01,815 - INFO - FOLLOWING SCRAPER: ✓ milanrecords: Good candidate with 0 followers, 0 following
2025-03-28 22:25:01,815 - INFO - FOLLOWING SCRAPER: Found 25 accounts with reasonable follower/following counts
2025-03-28 22:25:01,815 - INFO - FOLLOWING SCRAPER: DEBUG: Sanitizing and saving 1862 links
2025-03-28 22:25:01,815 - INFO - FOLLOWING SCRAPER: DEBUG: After sanitization: 1862 links (removed 0)
2025-03-28 22:25:01,815 - INFO - FOLLOWING SCRAPER: DEBUG: Successfully saved 1862 links to instagram_data/followingLinks.txt
2025-03-28 22:25:01,815 - INFO - FOLLOWING SCRAPER: Links reordered to prioritize accounts with reasonable follower/following counts
2025-03-28 22:25:01,815 - INFO - FOLLOWING SCRAPER: Randomly selecting 51 accounts from 1862 available accounts
2025-03-28 22:25:01,815 - INFO - FOLLOWING SCRAPER: DEBUG: Processing randomly selected link #1177/1862: https://www.instagram.com/yes_chenpy/
2025-03-28 22:25:01,815 - INFO - FOLLOWING SCRAPER: DEBUG: Before processing - 1862 links in queue
2025-03-28 22:25:01,815 - INFO - FOLLOWING SCRAPER: DEBUG: Skipping already processed account: yes_chenpy
2025-03-28 22:25:01,815 - INFO - FOLLOWING SCRAPER: Error during batch processing: list.remove(x): x not in list
2025-03-28 22:25:01,815 - INFO - FOLLOWING SCRAPER: Browser closed. Script complete.
2025-03-28 22:25:01,871 - ERROR - DEBUG: ISSUE DETECTED - Queue size didn't decrease. Before: 1862, After: 1862, Diff: 0
2025-03-28 22:25:01,871 - INFO - DEBUG: Checking for duplicates after processing
2025-03-28 22:25:01,871 - INFO - No duplicate links found in instagram_data/followingLinks.txt
2025-03-28 22:25:01,871 - INFO - remove_processed_links function is disabled to allow re-scraping of potential rate-limited accounts
2025-03-28 22:25:01,871 - INFO - Following accounts scraping session completed with result: True
2025-03-28 22:25:01,871 - INFO - Sessions completed. Waiting 0 hours and 32 minutes before next sessions...
2025-03-28 22:57:58,897 - INFO - Current counts in status file - Followers: 879, Following: 1862
2025-03-28 22:57:58,900 - INFO - Current counts in status file - Followers: 879, Following: 1862
2025-03-28 22:57:58,901 - INFO - Randomly skipping this session to create a more human-like pattern
2025-03-28 22:57:58,901 - INFO - Will check again in 31 minutes
2025-03-28 23:28:58,920 - INFO - Not safe to run right now. Waiting 60 minutes before checking again
2025-03-28 23:48:58,942 - INFO - Current counts in status file - Followers: 879, Following: 1862
2025-03-28 23:48:58,945 - INFO - Current counts in status file - Followers: 879, Following: 1862
2025-03-28 23:48:58,947 - INFO - Starting new scraping session
2025-03-28 23:48:58,948 - INFO - Current counts in status file - Followers: 879, Following: 1862
2025-03-28 23:48:58,948 - INFO - Already collected all following accounts (1862/1862) and followers (879/879). Skipping main scraping session.
2025-03-28 23:48:58,948 - INFO - Now running a session to scrape following accounts network data...
2025-03-28 23:48:58,951 - INFO - Starting following accounts scraping session
2025-03-28 23:48:58,952 - INFO - remove_processed_links function is disabled to allow re-scraping of potential rate-limited accounts
2025-03-28 23:48:58,952 - INFO - DEBUG: Checking for duplicates before processing
2025-03-28 23:48:58,955 - INFO - No duplicate links found in instagram_data/followingLinks.txt
2025-03-28 23:48:58,955 - INFO - DEBUG: Before processing - 1862 accounts in queue
2025-03-28 23:48:58,958 - INFO - Using random batch size of 54 accounts for this session
2025-03-28 23:50:36,999 - INFO - FOLLOWING SCRAPER: DEBUG MODE ENABLED
2025-03-28 23:50:37,000 - INFO - FOLLOWING SCRAPER: Loaded scraping progress: 1474 accounts processed
2025-03-28 23:50:37,001 - INFO - FOLLOWING SCRAPER: Will process 54 accounts in this session
2025-03-28 23:50:37,001 - INFO - FOLLOWING SCRAPER: Logged in using button: //button[contains(.,'Log in')]
2025-03-28 23:50:37,001 - INFO - FOLLOWING SCRAPER: Logged in successfully!
2025-03-28 23:50:37,001 - INFO - FOLLOWING SCRAPER: Rate limit statistics: 1 accounts marked as rate-limited
2025-03-28 23:50:37,001 - INFO - FOLLOWING SCRAPER: Examples of rate-limited accounts: ['benton.down']
2025-03-28 23:50:37,001 - INFO - FOLLOWING SCRAPER: Loaded 1862 links from instagram_data/followingLinks.txt
2025-03-28 23:50:37,001 - INFO - FOLLOWING SCRAPER: Loaded adjacency list from instagram_data/adjList.txt
2025-03-28 23:50:37,001 - INFO - FOLLOWING SCRAPER: Deduplicating adjacency list...
2025-03-28 23:50:37,001 - INFO - FOLLOWING SCRAPER: No duplicates found in adjList.txt
2025-03-28 23:50:37,001 - INFO - FOLLOWING SCRAPER: DEBUG: Found 6161 already processed accounts in adjList.txt
2025-03-28 23:50:37,001 - INFO - FOLLOWING SCRAPER: Found 6161 accounts that have already been processed
2025-03-28 23:50:37,001 - INFO - FOLLOWING SCRAPER: Starting batch processing of 54 accounts
2025-03-28 23:50:37,001 - INFO - FOLLOWING SCRAPER: Pre-checking accounts to prioritize ones with reasonable follower/following counts...
2025-03-28 23:50:37,001 - INFO - FOLLOWING SCRAPER: ✓ shuheisakaue: Good candidate with 18 followers, 895 following
2025-03-28 23:50:37,001 - INFO - FOLLOWING SCRAPER: ✓ catsoupai: Good candidate with 189 followers, 189 following
2025-03-28 23:50:37,001 - INFO - FOLLOWING SCRAPER: ✓ soloslop.memes: Good candidate with 70 followers, 67 following
2025-03-28 23:50:37,001 - INFO - FOLLOWING SCRAPER: ✓ phillipsauction: Good candidate with 429 followers, 434 following
2025-03-28 23:50:37,001 - INFO - FOLLOWING SCRAPER: ✓ filmmovement: Good candidate with 12 followers, 709 following
2025-03-28 23:50:37,001 - INFO - FOLLOWING SCRAPER: ✓ asian_redbozicowboy: Good candidate with 29 followers, 250 following
2025-03-28 23:50:37,001 - INFO - FOLLOWING SCRAPER: ✓ ccpxi_8964: Good candidate with 10 followers, 97 following
2025-03-28 23:50:37,001 - INFO - FOLLOWING SCRAPER: ✓ ngr.ev: Good candidate with 116 followers, 190 following
2025-03-28 23:50:37,001 - INFO - FOLLOWING SCRAPER: ✓ cinema_nighttt: Good candidate with 401 followers, 15 following
2025-03-28 23:50:37,001 - INFO - FOLLOWING SCRAPER: ✓ thedizzyviper: Good candidate with 179 followers, 903 following
2025-03-28 23:50:37,001 - INFO - FOLLOWING SCRAPER: ✗ arabbitsfoot: Too many connections (66 followers, 1571 following)
2025-03-28 23:50:37,001 - INFO - FOLLOWING SCRAPER: ✓ laclefrevival: Good candidate with 23 followers, 503 following
2025-03-28 23:50:37,001 - INFO - FOLLOWING SCRAPER: ✓ byboyfantasy: Good candidate with 83 followers, 604 following
2025-03-28 23:50:37,001 - INFO - FOLLOWING SCRAPER: ✓ manofdutch: Good candidate with 29 followers, 55 following
2025-03-28 23:50:37,001 - INFO - FOLLOWING SCRAPER: ✓ thefineartcollective: Good candidate with 675 followers, 919 following
2025-03-28 23:50:37,001 - INFO - FOLLOWING SCRAPER: ✗ xidan_zhang: Too many connections (2744 followers, 902 following)
2025-03-28 23:50:37,002 - INFO - FOLLOWING SCRAPER: ✗ zihaosong: Too many connections (10 followers, 2448 following)
2025-03-28 23:50:37,002 - INFO - FOLLOWING SCRAPER: ✗ young.brando: Too many connections (17 followers, 2457 following)
2025-03-28 23:50:37,002 - INFO - FOLLOWING SCRAPER: ✗ gentleman.gasmask: Too many connections (364 followers, 1661 following)
2025-03-28 23:50:37,002 - INFO - FOLLOWING SCRAPER: ✗ yuukakazami0: Too many connections (1348 followers, 523 following)
2025-03-28 23:50:37,002 - INFO - FOLLOWING SCRAPER: ✗ cucny: Too many connections (2784 followers, 38 following)
2025-03-28 23:50:37,002 - INFO - FOLLOWING SCRAPER: ✗ thepennclub: Too many connections (4063 followers, 632 following)
2025-03-28 23:50:37,002 - INFO - FOLLOWING SCRAPER: ✗ lsmartfund: Too many connections (4172 followers, 586 following)
2025-03-28 23:50:37,002 - INFO - FOLLOWING SCRAPER: ✗ perpetual.passion: Too many connections (38 followers, 2352 following)
2025-03-28 23:50:37,002 - INFO - FOLLOWING SCRAPER: ✗ milanrecords: Too many connections (20 followers, 2863 following)
2025-03-28 23:50:37,002 - INFO - FOLLOWING SCRAPER: ✗ prophetconsulting: Too many connections (5424 followers, 300 following)
2025-03-28 23:50:37,002 - INFO - FOLLOWING SCRAPER: Found 14 accounts with reasonable follower/following counts
2025-03-28 23:50:37,002 - INFO - FOLLOWING SCRAPER: DEBUG: Sanitizing and saving 1862 links
2025-03-28 23:50:37,002 - INFO - FOLLOWING SCRAPER: DEBUG: After sanitization: 1862 links (removed 0)
2025-03-28 23:50:37,002 - INFO - FOLLOWING SCRAPER: DEBUG: Successfully saved 1862 links to instagram_data/followingLinks.txt
2025-03-28 23:50:37,002 - INFO - FOLLOWING SCRAPER: Links reordered to prioritize accounts with reasonable follower/following counts
2025-03-28 23:50:37,002 - INFO - FOLLOWING SCRAPER: Randomly selecting 54 accounts from 1862 available accounts
2025-03-28 23:50:37,002 - INFO - FOLLOWING SCRAPER: DEBUG: Processing randomly selected link #877/1862: https://www.instagram.com/alt_er_one41/
2025-03-28 23:50:37,002 - INFO - FOLLOWING SCRAPER: DEBUG: Before processing - 1862 links in queue
2025-03-28 23:50:37,002 - INFO - FOLLOWING SCRAPER: DEBUG: Account alt_er_one41 in progress data with rate_limited=False
2025-03-28 23:50:37,002 - INFO - FOLLOWING SCRAPER: DEBUG: Skipping already processed account: alt_er_one41
2025-03-28 23:50:37,002 - INFO - FOLLOWING SCRAPER: Error during batch processing: list.remove(x): x not in list
2025-03-28 23:50:37,002 - INFO - FOLLOWING SCRAPER: Browser closed. Script complete.
2025-03-28 23:50:37,388 - ERROR - DEBUG: ISSUE DETECTED - Queue size didn't decrease. Before: 1862, After: 1862, Diff: 0
2025-03-28 23:50:37,388 - INFO - DEBUG: Checking for duplicates after processing
2025-03-28 23:50:37,388 - INFO - No duplicate links found in instagram_data/followingLinks.txt
2025-03-28 23:50:37,388 - INFO - remove_processed_links function is disabled to allow re-scraping of potential rate-limited accounts
2025-03-28 23:50:37,388 - INFO - Following accounts scraping session completed with result: True
2025-03-28 23:50:37,388 - INFO - Sessions completed. Waiting 0 hours and 26 minutes before next sessions...
2025-03-29 00:17:22,366 - INFO - Current counts in status file - Followers: 879, Following: 1862
2025-03-29 00:17:22,367 - INFO - Current counts in status file - Followers: 879, Following: 1862
2025-03-29 00:17:22,369 - INFO - Set today's natural break window to 15:00-17:00
2025-03-29 00:17:22,370 - INFO - Saved data to instagram_data/auto_scrape_status.json
2025-03-29 00:17:22,370 - INFO - Saved data to instagram_data/auto_scrape_status.json
2025-03-29 00:17:22,370 - INFO - Starting new scraping session
2025-03-29 00:17:22,370 - INFO - Current counts in status file - Followers: 879, Following: 1862
2025-03-29 00:17:22,370 - INFO - Already collected all following accounts (1862/1862) and followers (879/879). Skipping main scraping session.
2025-03-29 00:17:22,371 - INFO - Now running a session to scrape following accounts network data...
2025-03-29 00:17:22,371 - INFO - Starting following accounts scraping session
2025-03-29 00:17:22,371 - INFO - remove_processed_links function is disabled to allow re-scraping of potential rate-limited accounts
2025-03-29 00:17:22,371 - INFO - DEBUG: Checking for duplicates before processing
2025-03-29 00:17:22,374 - INFO - No duplicate links found in instagram_data/followingLinks.txt
2025-03-29 00:17:22,374 - INFO - DEBUG: Before processing - 1862 accounts in queue
2025-03-29 00:17:22,378 - INFO - Using random batch size of 60 accounts for this session
2025-03-29 00:18:44,122 - INFO - FOLLOWING SCRAPER: DEBUG MODE ENABLED
2025-03-29 00:18:44,123 - INFO - FOLLOWING SCRAPER: Loaded scraping progress: 1474 accounts processed
2025-03-29 00:18:44,123 - INFO - FOLLOWING SCRAPER: Will process 60 accounts in this session
2025-03-29 00:18:44,123 - INFO - FOLLOWING SCRAPER: Logged in using button: //button[contains(.,'Log in')]
2025-03-29 00:18:44,123 - INFO - FOLLOWING SCRAPER: Logged in successfully!
2025-03-29 00:18:44,123 - INFO - FOLLOWING SCRAPER: Rate limit statistics: 1 accounts marked as rate-limited
2025-03-29 00:18:44,123 - INFO - FOLLOWING SCRAPER: Examples of rate-limited accounts: ['benton.down']
2025-03-29 00:18:44,123 - INFO - FOLLOWING SCRAPER: Loaded 1862 links from instagram_data/followingLinks.txt
2025-03-29 00:18:44,123 - INFO - FOLLOWING SCRAPER: Loaded adjacency list from instagram_data/adjList.txt
2025-03-29 00:18:44,123 - INFO - FOLLOWING SCRAPER: Deduplicating adjacency list...
2025-03-29 00:18:44,123 - INFO - FOLLOWING SCRAPER: No duplicates found in adjList.txt
2025-03-29 00:18:44,123 - INFO - FOLLOWING SCRAPER: DEBUG: Found 6161 already processed accounts in adjList.txt
2025-03-29 00:18:44,123 - INFO - FOLLOWING SCRAPER: Found 6161 accounts that have already been processed
2025-03-29 00:18:44,123 - INFO - FOLLOWING SCRAPER: Starting batch processing of 60 accounts
2025-03-29 00:18:44,123 - INFO - FOLLOWING SCRAPER: Pre-checking accounts to prioritize ones with reasonable follower/following counts...
2025-03-29 00:18:44,124 - INFO - FOLLOWING SCRAPER: ✓ shuheisakaue: Good candidate with 18 followers, 895 following
2025-03-29 00:18:44,124 - INFO - FOLLOWING SCRAPER: ✓ catsoupai: Good candidate with 189 followers, 189 following
2025-03-29 00:18:44,124 - INFO - FOLLOWING SCRAPER: ✓ soloslop.memes: Good candidate with 70 followers, 67 following
2025-03-29 00:18:44,124 - INFO - FOLLOWING SCRAPER: ✓ phillipsauction: Good candidate with 429 followers, 434 following
2025-03-29 00:18:44,124 - INFO - FOLLOWING SCRAPER: ✓ filmmovement: Good candidate with 12 followers, 709 following
2025-03-29 00:18:44,124 - INFO - FOLLOWING SCRAPER: ✓ asian_redbozicowboy: Good candidate with 29 followers, 250 following
2025-03-29 00:18:44,124 - INFO - FOLLOWING SCRAPER: ✓ ccpxi_8964: Good candidate with 10 followers, 97 following
2025-03-29 00:18:44,124 - INFO - FOLLOWING SCRAPER: ✓ ngr.ev: Good candidate with 116 followers, 190 following
2025-03-29 00:18:44,124 - INFO - FOLLOWING SCRAPER: ✓ cinema_nighttt: Good candidate with 401 followers, 15 following
2025-03-29 00:18:44,124 - INFO - FOLLOWING SCRAPER: ✓ thedizzyviper: Good candidate with 179 followers, 903 following
2025-03-29 00:18:44,124 - INFO - FOLLOWING SCRAPER: ✓ laclefrevival: Good candidate with 23 followers, 503 following
2025-03-29 00:18:44,124 - INFO - FOLLOWING SCRAPER: ✓ byboyfantasy: Good candidate with 83 followers, 604 following
2025-03-29 00:18:44,124 - INFO - FOLLOWING SCRAPER: ✓ manofdutch: Good candidate with 29 followers, 55 following
2025-03-29 00:18:44,124 - INFO - FOLLOWING SCRAPER: ✓ thefineartcollective: Good candidate with 675 followers, 919 following
2025-03-29 00:18:44,124 - INFO - FOLLOWING SCRAPER: ✗ tinapi.x: Too many connections (2567 followers, 1503 following)
2025-03-29 00:18:44,124 - INFO - FOLLOWING SCRAPER: ✗ eleganza_classica: Too many connections (9074 followers, 242 following)
2025-03-29 00:18:44,124 - INFO - FOLLOWING SCRAPER: ✗ beholdingeye: Too many connections (257 followers, 2521 following)
2025-03-29 00:18:44,124 - INFO - FOLLOWING SCRAPER: ✗ north_bk_community_boathouse: Too many connections (3052 followers, 1094 following)
2025-03-29 00:18:44,124 - INFO - FOLLOWING SCRAPER: ✗ toejeksperten: Too many connections (7098 followers, 402 following)
2025-03-29 00:18:44,124 - INFO - FOLLOWING SCRAPER: ✗ therefineryofficial: Too many connections (2120 followers, 22 following)
2025-03-29 00:18:44,124 - INFO - FOLLOWING SCRAPER: Found 14 accounts with reasonable follower/following counts
2025-03-29 00:18:44,124 - INFO - FOLLOWING SCRAPER: DEBUG: Sanitizing and saving 1862 links
2025-03-29 00:18:44,124 - INFO - FOLLOWING SCRAPER: DEBUG: After sanitization: 1862 links (removed 0)
2025-03-29 00:18:44,124 - INFO - FOLLOWING SCRAPER: DEBUG: Successfully saved 1862 links to instagram_data/followingLinks.txt
2025-03-29 00:18:44,124 - INFO - FOLLOWING SCRAPER: Links reordered to prioritize accounts with reasonable follower/following counts
2025-03-29 00:18:44,124 - INFO - FOLLOWING SCRAPER: Randomly selecting 60 accounts from 1862 available accounts
2025-03-29 00:18:44,124 - INFO - FOLLOWING SCRAPER: DEBUG: Processing randomly selected link #411/1862: https://www.instagram.com/yurou.zhang.1029/
2025-03-29 00:18:44,124 - INFO - FOLLOWING SCRAPER: DEBUG: Before processing - 1862 links in queue
2025-03-29 00:18:44,124 - INFO - FOLLOWING SCRAPER: DEBUG: Account yurou.zhang.1029 in progress data with rate_limited=False
2025-03-29 00:18:44,124 - INFO - FOLLOWING SCRAPER: DEBUG: Skipping already processed account: yurou.zhang.1029
2025-03-29 00:18:44,124 - INFO - FOLLOWING SCRAPER: Error during batch processing: list.remove(x): x not in list
2025-03-29 00:18:44,124 - INFO - FOLLOWING SCRAPER: Browser closed. Script complete.
2025-03-29 00:18:44,380 - ERROR - DEBUG: ISSUE DETECTED - Queue size didn't decrease. Before: 1862, After: 1862, Diff: 0
2025-03-29 00:18:44,380 - INFO - DEBUG: Checking for duplicates after processing
2025-03-29 00:18:44,381 - INFO - No duplicate links found in instagram_data/followingLinks.txt
2025-03-29 00:18:44,381 - INFO - remove_processed_links function is disabled to allow re-scraping of potential rate-limited accounts
2025-03-29 00:18:44,381 - INFO - Following accounts scraping session completed with result: True
2025-03-29 00:18:44,381 - INFO - Sessions completed. Waiting 0 hours and 36 minutes before next sessions...
2025-03-29 00:55:39,364 - INFO - Current counts in status file - Followers: 879, Following: 1862
2025-03-29 00:55:39,367 - INFO - Current counts in status file - Followers: 879, Following: 1862
2025-03-29 00:55:39,369 - INFO - Set today's natural break window to 15:00-17:00
2025-03-29 00:55:39,370 - INFO - Saved data to instagram_data/auto_scrape_status.json
2025-03-29 00:55:39,371 - INFO - Saved data to instagram_data/auto_scrape_status.json
2025-03-29 00:55:39,371 - INFO - Starting new scraping session
2025-03-29 00:55:39,371 - INFO - Current counts in status file - Followers: 879, Following: 1862
2025-03-29 00:55:39,372 - INFO - Already collected all following accounts (1862/1862) and followers (879/879). Skipping main scraping session.
2025-03-29 00:55:39,372 - INFO - Now running a session to scrape following accounts network data...
2025-03-29 00:55:39,372 - INFO - Starting following accounts scraping session
2025-03-29 00:55:39,372 - INFO - remove_processed_links function is disabled to allow re-scraping of potential rate-limited accounts
2025-03-29 00:55:39,372 - INFO - DEBUG: Checking for duplicates before processing
2025-03-29 00:55:39,376 - INFO - No duplicate links found in instagram_data/followingLinks.txt
2025-03-29 00:55:39,377 - INFO - DEBUG: Before processing - 1862 accounts in queue
2025-03-29 00:55:39,380 - INFO - Using random batch size of 57 accounts for this session
2025-03-29 00:56:50,445 - INFO - FOLLOWING SCRAPER: DEBUG MODE ENABLED
2025-03-29 00:56:50,446 - INFO - FOLLOWING SCRAPER: Loaded scraping progress: 1474 accounts processed
2025-03-29 00:56:50,446 - INFO - FOLLOWING SCRAPER: Will process 57 accounts in this session
2025-03-29 00:56:50,446 - INFO - FOLLOWING SCRAPER: Logged in using button: //button[contains(.,'Log in')]
2025-03-29 00:56:50,446 - INFO - FOLLOWING SCRAPER: Logged in successfully!
2025-03-29 00:56:50,446 - INFO - FOLLOWING SCRAPER: Rate limit statistics: 1 accounts marked as rate-limited
2025-03-29 00:56:50,446 - INFO - FOLLOWING SCRAPER: Examples of rate-limited accounts: ['benton.down']
2025-03-29 00:56:50,446 - INFO - FOLLOWING SCRAPER: Loaded 1862 links from instagram_data/followingLinks.txt
2025-03-29 00:56:50,447 - INFO - FOLLOWING SCRAPER: Loaded adjacency list from instagram_data/adjList.txt
2025-03-29 00:56:50,447 - INFO - FOLLOWING SCRAPER: Deduplicating adjacency list...
2025-03-29 00:56:50,447 - INFO - FOLLOWING SCRAPER: No duplicates found in adjList.txt
2025-03-29 00:56:50,447 - INFO - FOLLOWING SCRAPER: DEBUG: Found 6161 already processed accounts in adjList.txt
2025-03-29 00:56:50,447 - INFO - FOLLOWING SCRAPER: Found 6161 accounts that have already been processed
2025-03-29 00:56:50,447 - INFO - FOLLOWING SCRAPER: Starting batch processing of 57 accounts
2025-03-29 00:56:50,447 - INFO - FOLLOWING SCRAPER: Pre-checking accounts to prioritize ones with reasonable follower/following counts...
2025-03-29 00:56:50,447 - INFO - FOLLOWING SCRAPER: ✓ shuheisakaue: Good candidate with 18 followers, 895 following
2025-03-29 00:56:50,447 - INFO - FOLLOWING SCRAPER: ✓ catsoupai: Good candidate with 189 followers, 189 following
2025-03-29 00:56:50,447 - INFO - FOLLOWING SCRAPER: ✓ soloslop.memes: Good candidate with 70 followers, 67 following
2025-03-29 00:56:50,447 - INFO - FOLLOWING SCRAPER: ✓ phillipsauction: Good candidate with 429 followers, 434 following
2025-03-29 00:56:50,447 - INFO - FOLLOWING SCRAPER: ✓ filmmovement: Good candidate with 12 followers, 709 following
2025-03-29 00:56:50,447 - INFO - FOLLOWING SCRAPER: ✓ asian_redbozicowboy: Good candidate with 29 followers, 250 following
2025-03-29 00:56:50,447 - INFO - FOLLOWING SCRAPER: ✓ ccpxi_8964: Good candidate with 10 followers, 97 following
2025-03-29 00:56:50,447 - INFO - FOLLOWING SCRAPER: ✓ ngr.ev: Good candidate with 116 followers, 190 following
2025-03-29 00:56:50,447 - INFO - FOLLOWING SCRAPER: ✓ cinema_nighttt: Good candidate with 401 followers, 15 following
2025-03-29 00:56:50,447 - INFO - FOLLOWING SCRAPER: ✓ thedizzyviper: Good candidate with 179 followers, 903 following
2025-03-29 00:56:50,447 - INFO - FOLLOWING SCRAPER: ✓ laclefrevival: Good candidate with 23 followers, 503 following
2025-03-29 00:56:50,447 - INFO - FOLLOWING SCRAPER: ✓ byboyfantasy: Good candidate with 83 followers, 604 following
2025-03-29 00:56:50,447 - INFO - FOLLOWING SCRAPER: ✓ manofdutch: Good candidate with 29 followers, 55 following
2025-03-29 00:56:50,447 - INFO - FOLLOWING SCRAPER: ✓ thefineartcollective: Good candidate with 675 followers, 919 following
2025-03-29 00:56:50,447 - INFO - FOLLOWING SCRAPER: ✗ drakesguides: Too many connections (2316 followers, 1 following)
2025-03-29 00:56:50,447 - INFO - FOLLOWING SCRAPER: ✗ ppplab: Too many connections (8150 followers, 421 following)
2025-03-29 00:56:50,447 - INFO - FOLLOWING SCRAPER: Found 14 accounts with reasonable follower/following counts
2025-03-29 00:56:50,447 - INFO - FOLLOWING SCRAPER: DEBUG: Sanitizing and saving 1862 links
2025-03-29 00:56:50,447 - INFO - FOLLOWING SCRAPER: DEBUG: After sanitization: 1862 links (removed 0)
2025-03-29 00:56:50,447 - INFO - FOLLOWING SCRAPER: DEBUG: Successfully saved 1862 links to instagram_data/followingLinks.txt
2025-03-29 00:56:50,447 - INFO - FOLLOWING SCRAPER: Links reordered to prioritize accounts with reasonable follower/following counts
2025-03-29 00:56:50,447 - INFO - FOLLOWING SCRAPER: Randomly selecting 57 accounts from 1862 available accounts
2025-03-29 00:56:50,447 - INFO - FOLLOWING SCRAPER: DEBUG: Processing randomly selected link #973/1862: https://www.instagram.com/jrjrjr_wang/
2025-03-29 00:56:50,447 - INFO - FOLLOWING SCRAPER: DEBUG: Before processing - 1862 links in queue
2025-03-29 00:56:50,447 - INFO - FOLLOWING SCRAPER: DEBUG: Skipping already processed account: jrjrjr_wang
2025-03-29 00:56:50,447 - INFO - FOLLOWING SCRAPER: Error during batch processing: list.remove(x): x not in list
2025-03-29 00:56:50,447 - INFO - FOLLOWING SCRAPER: Browser closed. Script complete.
2025-03-29 00:56:50,794 - ERROR - DEBUG: ISSUE DETECTED - Queue size didn't decrease. Before: 1862, After: 1862, Diff: 0
2025-03-29 00:56:50,794 - INFO - DEBUG: Checking for duplicates after processing
2025-03-29 00:56:50,794 - INFO - No duplicate links found in instagram_data/followingLinks.txt
2025-03-29 00:56:50,794 - INFO - remove_processed_links function is disabled to allow re-scraping of potential rate-limited accounts
2025-03-29 00:56:50,795 - INFO - Following accounts scraping session completed with result: True
2025-03-29 00:56:50,795 - INFO - Sessions completed. Waiting 0 hours and 38 minutes before next sessions...
2025-03-29 01:35:00,858 - INFO - Current counts in status file - Followers: 879, Following: 1862
2025-03-29 01:35:00,859 - INFO - Current counts in status file - Followers: 879, Following: 1862
2025-03-29 01:35:00,860 - INFO - Set today's natural break window to 11:00-13:00
2025-03-29 01:35:00,861 - INFO - Saved data to instagram_data/auto_scrape_status.json
2025-03-29 01:35:00,862 - INFO - Saved data to instagram_data/auto_scrape_status.json
2025-03-29 01:35:00,862 - INFO - Starting new scraping session
2025-03-29 01:35:00,862 - INFO - Current counts in status file - Followers: 879, Following: 1862
2025-03-29 01:35:00,862 - INFO - Already collected all following accounts (1862/1862) and followers (879/879). Skipping main scraping session.
2025-03-29 01:35:00,863 - INFO - Now running a session to scrape following accounts network data...
2025-03-29 01:35:00,863 - INFO - Starting following accounts scraping session
2025-03-29 01:35:00,863 - INFO - remove_processed_links function is disabled to allow re-scraping of potential rate-limited accounts
2025-03-29 01:35:00,863 - INFO - DEBUG: Checking for duplicates before processing
2025-03-29 01:35:00,864 - INFO - No duplicate links found in instagram_data/followingLinks.txt
2025-03-29 01:35:00,865 - INFO - DEBUG: Before processing - 1862 accounts in queue
2025-03-29 01:35:00,872 - INFO - Using random batch size of 46 accounts for this session
2025-03-29 01:36:07,503 - INFO - FOLLOWING SCRAPER: DEBUG MODE ENABLED
2025-03-29 01:36:07,504 - INFO - FOLLOWING SCRAPER: Loaded scraping progress: 1474 accounts processed
2025-03-29 01:36:07,504 - INFO - FOLLOWING SCRAPER: Will process 46 accounts in this session
2025-03-29 01:36:07,504 - INFO - FOLLOWING SCRAPER: Logged in using button: //button[contains(.,'Log in')]
2025-03-29 01:36:07,504 - INFO - FOLLOWING SCRAPER: Logged in successfully!
2025-03-29 01:36:07,504 - INFO - FOLLOWING SCRAPER: Rate limit statistics: 1 accounts marked as rate-limited
2025-03-29 01:36:07,504 - INFO - FOLLOWING SCRAPER: Examples of rate-limited accounts: ['benton.down']
2025-03-29 01:36:07,504 - INFO - FOLLOWING SCRAPER: Loaded 1862 links from instagram_data/followingLinks.txt
2025-03-29 01:36:07,504 - INFO - FOLLOWING SCRAPER: Loaded adjacency list from instagram_data/adjList.txt
2025-03-29 01:36:07,504 - INFO - FOLLOWING SCRAPER: Deduplicating adjacency list...
2025-03-29 01:36:07,504 - INFO - FOLLOWING SCRAPER: No duplicates found in adjList.txt
2025-03-29 01:36:07,504 - INFO - FOLLOWING SCRAPER: DEBUG: Found 6161 already processed accounts in adjList.txt
2025-03-29 01:36:07,504 - INFO - FOLLOWING SCRAPER: Found 6161 accounts that have already been processed
2025-03-29 01:36:07,504 - INFO - FOLLOWING SCRAPER: Starting batch processing of 46 accounts
2025-03-29 01:36:07,504 - INFO - FOLLOWING SCRAPER: Pre-checking accounts to prioritize ones with reasonable follower/following counts...
2025-03-29 01:36:07,504 - INFO - FOLLOWING SCRAPER: ✓ shuheisakaue: Good candidate with 18 followers, 895 following
2025-03-29 01:36:07,504 - INFO - FOLLOWING SCRAPER: ✓ catsoupai: Good candidate with 189 followers, 189 following
2025-03-29 01:36:07,504 - INFO - FOLLOWING SCRAPER: ✓ soloslop.memes: Good candidate with 70 followers, 67 following
2025-03-29 01:36:07,504 - INFO - FOLLOWING SCRAPER: ✓ phillipsauction: Good candidate with 429 followers, 434 following
2025-03-29 01:36:07,504 - INFO - FOLLOWING SCRAPER: ✓ filmmovement: Good candidate with 12 followers, 709 following
2025-03-29 01:36:07,504 - INFO - FOLLOWING SCRAPER: ✓ asian_redbozicowboy: Good candidate with 29 followers, 250 following
2025-03-29 01:36:07,504 - INFO - FOLLOWING SCRAPER: ✓ ccpxi_8964: Good candidate with 10 followers, 97 following
2025-03-29 01:36:07,504 - INFO - FOLLOWING SCRAPER: ✓ ngr.ev: Good candidate with 116 followers, 190 following
2025-03-29 01:36:07,504 - INFO - FOLLOWING SCRAPER: ✓ cinema_nighttt: Good candidate with 401 followers, 15 following
2025-03-29 01:36:07,504 - INFO - FOLLOWING SCRAPER: ✓ thedizzyviper: Good candidate with 179 followers, 903 following
2025-03-29 01:36:07,504 - INFO - FOLLOWING SCRAPER: ✓ laclefrevival: Good candidate with 23 followers, 503 following
2025-03-29 01:36:07,504 - INFO - FOLLOWING SCRAPER: ✓ byboyfantasy: Good candidate with 83 followers, 604 following
2025-03-29 01:36:07,504 - INFO - FOLLOWING SCRAPER: ✓ manofdutch: Good candidate with 29 followers, 55 following
2025-03-29 01:36:07,504 - INFO - FOLLOWING SCRAPER: ✓ thefineartcollective: Good candidate with 675 followers, 919 following
2025-03-29 01:36:07,505 - INFO - FOLLOWING SCRAPER: Found 14 accounts with reasonable follower/following counts
2025-03-29 01:36:07,505 - INFO - FOLLOWING SCRAPER: DEBUG: Sanitizing and saving 1862 links
2025-03-29 01:36:07,505 - INFO - FOLLOWING SCRAPER: DEBUG: After sanitization: 1862 links (removed 0)
2025-03-29 01:36:07,505 - INFO - FOLLOWING SCRAPER: DEBUG: Successfully saved 1862 links to instagram_data/followingLinks.txt
2025-03-29 01:36:07,505 - INFO - FOLLOWING SCRAPER: Links reordered to prioritize accounts with reasonable follower/following counts
2025-03-29 01:36:07,505 - INFO - FOLLOWING SCRAPER: Randomly selecting 46 accounts from 1862 available accounts
2025-03-29 01:36:07,505 - INFO - FOLLOWING SCRAPER: DEBUG: Processing randomly selected link #939/1862: https://www.instagram.com/_keith_hayes/
2025-03-29 01:36:07,505 - INFO - FOLLOWING SCRAPER: DEBUG: Before processing - 1862 links in queue
2025-03-29 01:36:07,505 - INFO - FOLLOWING SCRAPER: DEBUG: Account _keith_hayes in progress data with rate_limited=False
2025-03-29 01:36:07,505 - INFO - FOLLOWING SCRAPER: DEBUG: Skipping already processed account: _keith_hayes
2025-03-29 01:36:07,505 - INFO - FOLLOWING SCRAPER: Error during batch processing: list.remove(x): x not in list
2025-03-29 01:36:07,505 - INFO - FOLLOWING SCRAPER: Browser closed. Script complete.
2025-03-29 01:36:07,692 - ERROR - DEBUG: ISSUE DETECTED - Queue size didn't decrease. Before: 1862, After: 1862, Diff: 0
2025-03-29 01:36:07,692 - INFO - DEBUG: Checking for duplicates after processing
2025-03-29 01:36:07,694 - INFO - No duplicate links found in instagram_data/followingLinks.txt
2025-03-29 01:36:07,694 - INFO - remove_processed_links function is disabled to allow re-scraping of potential rate-limited accounts
2025-03-29 01:36:07,695 - INFO - Following accounts scraping session completed with result: True
2025-03-29 01:36:07,695 - INFO - Sessions completed. Waiting 0 hours and 25 minutes before next sessions...
2025-03-29 02:01:53,658 - INFO - Current counts in status file - Followers: 879, Following: 1862
2025-03-29 02:01:53,660 - INFO - Current counts in status file - Followers: 879, Following: 1862
2025-03-29 02:01:53,660 - INFO - It's 2:01, during pause hours. Waiting until morning.
2025-03-29 02:01:53,660 - INFO - Not safe to run right now. Waiting 60 minutes before checking again
2025-03-29 02:21:53,680 - INFO - Current counts in status file - Followers: 879, Following: 1862
2025-03-29 02:21:53,683 - INFO - Current counts in status file - Followers: 879, Following: 1862
2025-03-29 02:21:53,684 - INFO - It's 2:21, during pause hours. Waiting until morning.
2025-03-29 02:21:53,684 - INFO - Not safe to run right now. Waiting 60 minutes before checking again
2025-03-29 02:41:53,693 - INFO - Current counts in status file - Followers: 879, Following: 1862
2025-03-29 02:41:53,695 - INFO - Current counts in status file - Followers: 879, Following: 1862
2025-03-29 02:41:53,696 - INFO - Randomly skipping this session to create a more human-like pattern
2025-03-29 02:41:53,696 - INFO - Will check again in 36 minutes
2025-03-29 03:17:53,789 - INFO - Not safe to run right now. Waiting 60 minutes before checking again
2025-03-29 03:37:53,797 - INFO - Current counts in status file - Followers: 879, Following: 1862
2025-03-29 03:37:53,801 - INFO - Current counts in status file - Followers: 879, Following: 1862
2025-03-29 03:37:53,802 - INFO - It's 3:37, during pause hours. Waiting until morning.
2025-03-29 03:37:53,802 - INFO - Not safe to run right now. Waiting 60 minutes before checking again
2025-03-29 03:57:53,826 - INFO - Current counts in status file - Followers: 879, Following: 1862
2025-03-29 03:57:53,827 - INFO - Current counts in status file - Followers: 879, Following: 1862
2025-03-29 03:57:53,827 - INFO - It's 3:57, during pause hours. Waiting until morning.
2025-03-29 03:57:53,828 - INFO - Not safe to run right now. Waiting 60 minutes before checking again
2025-03-29 04:17:53,775 - INFO - Current counts in status file - Followers: 879, Following: 1862
2025-03-29 04:17:53,778 - INFO - Current counts in status file - Followers: 879, Following: 1862
2025-03-29 04:17:53,778 - INFO - It's 4:17, during pause hours. Waiting until morning.
2025-03-29 04:17:53,778 - INFO - Not safe to run right now. Waiting 60 minutes before checking again
2025-03-29 04:37:53,775 - INFO - Current counts in status file - Followers: 879, Following: 1862
2025-03-29 04:37:53,779 - INFO - Current counts in status file - Followers: 879, Following: 1862
2025-03-29 04:37:53,780 - INFO - It's 4:37, during pause hours. Waiting until morning.
2025-03-29 04:37:53,780 - INFO - Not safe to run right now. Waiting 60 minutes before checking again
2025-03-29 04:57:53,800 - INFO - Current counts in status file - Followers: 879, Following: 1862
2025-03-29 04:57:53,804 - INFO - Current counts in status file - Followers: 879, Following: 1862
2025-03-29 04:57:53,804 - INFO - It's 4:57, during pause hours. Waiting until morning.
2025-03-29 04:57:53,804 - INFO - Not safe to run right now. Waiting 60 minutes before checking again
2025-03-29 05:17:53,825 - INFO - Current counts in status file - Followers: 879, Following: 1862
2025-03-29 05:17:53,827 - INFO - Current counts in status file - Followers: 879, Following: 1862
2025-03-29 05:17:53,827 - INFO - It's 5:17, during pause hours. Waiting until morning.
2025-03-29 05:17:53,827 - INFO - Not safe to run right now. Waiting 60 minutes before checking again
2025-03-29 05:37:53,843 - INFO - Current counts in status file - Followers: 879, Following: 1862
2025-03-29 05:37:53,847 - INFO - Current counts in status file - Followers: 879, Following: 1862
2025-03-29 05:37:53,847 - INFO - It's 5:37, during pause hours. Waiting until morning.
2025-03-29 05:37:53,847 - INFO - Not safe to run right now. Waiting 60 minutes before checking again
2025-03-29 05:57:53,874 - INFO - Current counts in status file - Followers: 879, Following: 1862
2025-03-29 05:57:53,876 - INFO - Current counts in status file - Followers: 879, Following: 1862
2025-03-29 05:57:53,876 - INFO - It's 5:57, during pause hours. Waiting until morning.
2025-03-29 05:57:53,876 - INFO - Not safe to run right now. Waiting 60 minutes before checking again
2025-03-29 06:17:53,892 - INFO - Current counts in status file - Followers: 879, Following: 1862
2025-03-29 06:17:53,894 - INFO - Current counts in status file - Followers: 879, Following: 1862
2025-03-29 06:17:53,897 - INFO - Set today's natural break window to 15:00-17:00
2025-03-29 06:17:53,898 - INFO - Saved data to instagram_data/auto_scrape_status.json
2025-03-29 06:17:53,899 - INFO - Saved data to instagram_data/auto_scrape_status.json
2025-03-29 06:17:53,900 - INFO - Starting new scraping session
2025-03-29 06:17:53,905 - INFO - Current counts in status file - Followers: 879, Following: 1862
2025-03-29 06:17:53,905 - INFO - Already collected all following accounts (1862/1862) and followers (879/879). Skipping main scraping session.
2025-03-29 06:17:53,905 - INFO - Now running a session to scrape following accounts network data...
2025-03-29 06:17:53,905 - INFO - Starting following accounts scraping session
2025-03-29 06:17:53,905 - INFO - remove_processed_links function is disabled to allow re-scraping of potential rate-limited accounts
2025-03-29 06:17:53,905 - INFO - DEBUG: Checking for duplicates before processing
2025-03-29 06:17:53,907 - INFO - No duplicate links found in instagram_data/followingLinks.txt
2025-03-29 06:17:53,907 - INFO - DEBUG: Before processing - 1862 accounts in queue
2025-03-29 06:17:53,912 - INFO - Using random batch size of 44 accounts for this session
2025-03-29 06:19:06,546 - INFO - FOLLOWING SCRAPER: DEBUG MODE ENABLED
2025-03-29 06:19:06,547 - INFO - FOLLOWING SCRAPER: Loaded scraping progress: 1474 accounts processed
2025-03-29 06:19:06,547 - INFO - FOLLOWING SCRAPER: Will process 44 accounts in this session
2025-03-29 06:19:06,547 - INFO - FOLLOWING SCRAPER: Logged in using button: //button[contains(.,'Log in')]
2025-03-29 06:19:06,547 - INFO - FOLLOWING SCRAPER: Logged in successfully!
2025-03-29 06:19:06,547 - INFO - FOLLOWING SCRAPER: Rate limit statistics: 1 accounts marked as rate-limited
2025-03-29 06:19:06,547 - INFO - FOLLOWING SCRAPER: Examples of rate-limited accounts: ['benton.down']
2025-03-29 06:19:06,547 - INFO - FOLLOWING SCRAPER: Loaded 1862 links from instagram_data/followingLinks.txt
2025-03-29 06:19:06,547 - INFO - FOLLOWING SCRAPER: Loaded adjacency list from instagram_data/adjList.txt
2025-03-29 06:19:06,547 - INFO - FOLLOWING SCRAPER: Deduplicating adjacency list...
2025-03-29 06:19:06,547 - INFO - FOLLOWING SCRAPER: No duplicates found in adjList.txt
2025-03-29 06:19:06,547 - INFO - FOLLOWING SCRAPER: DEBUG: Found 6161 already processed accounts in adjList.txt
2025-03-29 06:19:06,547 - INFO - FOLLOWING SCRAPER: Found 6161 accounts that have already been processed
2025-03-29 06:19:06,547 - INFO - FOLLOWING SCRAPER: Starting batch processing of 44 accounts
2025-03-29 06:19:06,547 - INFO - FOLLOWING SCRAPER: Pre-checking accounts to prioritize ones with reasonable follower/following counts...
2025-03-29 06:19:06,547 - INFO - FOLLOWING SCRAPER: ✓ shuheisakaue: Good candidate with 18 followers, 895 following
2025-03-29 06:19:06,547 - INFO - FOLLOWING SCRAPER: ✓ catsoupai: Good candidate with 189 followers, 189 following
2025-03-29 06:19:06,547 - INFO - FOLLOWING SCRAPER: ✓ soloslop.memes: Good candidate with 70 followers, 67 following
2025-03-29 06:19:06,547 - INFO - FOLLOWING SCRAPER: ✓ phillipsauction: Good candidate with 429 followers, 434 following
2025-03-29 06:19:06,547 - INFO - FOLLOWING SCRAPER: ✓ filmmovement: Good candidate with 12 followers, 709 following
2025-03-29 06:19:06,547 - INFO - FOLLOWING SCRAPER: ✓ asian_redbozicowboy: Good candidate with 29 followers, 250 following
2025-03-29 06:19:06,547 - INFO - FOLLOWING SCRAPER: ✓ ccpxi_8964: Good candidate with 10 followers, 97 following
2025-03-29 06:19:06,547 - INFO - FOLLOWING SCRAPER: ✓ ngr.ev: Good candidate with 117 followers, 190 following
2025-03-29 06:19:06,547 - INFO - FOLLOWING SCRAPER: ✓ cinema_nighttt: Good candidate with 401 followers, 15 following
2025-03-29 06:19:06,547 - INFO - FOLLOWING SCRAPER: ✓ thedizzyviper: Good candidate with 179 followers, 903 following
2025-03-29 06:19:06,547 - INFO - FOLLOWING SCRAPER: ✓ laclefrevival: Good candidate with 23 followers, 503 following
2025-03-29 06:19:06,547 - INFO - FOLLOWING SCRAPER: ✓ byboyfantasy: Good candidate with 83 followers, 604 following
2025-03-29 06:19:06,547 - INFO - FOLLOWING SCRAPER: ✓ manofdutch: Good candidate with 29 followers, 55 following
2025-03-29 06:19:06,547 - INFO - FOLLOWING SCRAPER: ✓ thefineartcollective: Good candidate with 676 followers, 919 following
2025-03-29 06:19:06,547 - INFO - FOLLOWING SCRAPER: Found 14 accounts with reasonable follower/following counts
2025-03-29 06:19:06,547 - INFO - FOLLOWING SCRAPER: DEBUG: Sanitizing and saving 1862 links
2025-03-29 06:19:06,547 - INFO - FOLLOWING SCRAPER: DEBUG: After sanitization: 1862 links (removed 0)
2025-03-29 06:19:06,548 - INFO - FOLLOWING SCRAPER: DEBUG: Successfully saved 1862 links to instagram_data/followingLinks.txt
2025-03-29 06:19:06,548 - INFO - FOLLOWING SCRAPER: Links reordered to prioritize accounts with reasonable follower/following counts
2025-03-29 06:19:06,548 - INFO - FOLLOWING SCRAPER: Randomly selecting 44 accounts from 1862 available accounts
2025-03-29 06:19:06,548 - INFO - FOLLOWING SCRAPER: DEBUG: Processing randomly selected link #1550/1862: https://www.instagram.com/sweetysakuraa/
2025-03-29 06:19:06,548 - INFO - FOLLOWING SCRAPER: DEBUG: Before processing - 1862 links in queue
2025-03-29 06:19:06,548 - INFO - FOLLOWING SCRAPER: DEBUG: Skipping already processed account: sweetysakuraa
2025-03-29 06:19:06,548 - INFO - FOLLOWING SCRAPER: Error during batch processing: list.remove(x): x not in list
2025-03-29 06:19:06,548 - INFO - FOLLOWING SCRAPER: Browser closed. Script complete.
2025-03-29 06:19:06,761 - ERROR - DEBUG: ISSUE DETECTED - Queue size didn't decrease. Before: 1862, After: 1862, Diff: 0
2025-03-29 06:19:06,764 - INFO - DEBUG: Checking for duplicates after processing
2025-03-29 06:19:06,765 - INFO - No duplicate links found in instagram_data/followingLinks.txt
2025-03-29 06:19:06,765 - INFO - remove_processed_links function is disabled to allow re-scraping of potential rate-limited accounts
2025-03-29 06:19:06,765 - INFO - Following accounts scraping session completed with result: True
2025-03-29 06:19:06,765 - INFO - Sessions completed. Waiting 0 hours and 34 minutes before next sessions...
2025-03-29 06:53:59,673 - INFO - Current counts in status file - Followers: 879, Following: 1862
2025-03-29 06:53:59,675 - INFO - Current counts in status file - Followers: 879, Following: 1862
2025-03-29 06:53:59,678 - INFO - Set today's natural break window to 16:00-18:00
2025-03-29 06:53:59,679 - INFO - Saved data to instagram_data/auto_scrape_status.json
2025-03-29 06:53:59,680 - INFO - Saved data to instagram_data/auto_scrape_status.json
2025-03-29 06:53:59,681 - INFO - Starting new scraping session
2025-03-29 06:53:59,682 - INFO - Current counts in status file - Followers: 879, Following: 1862
2025-03-29 06:53:59,682 - INFO - Already collected all following accounts (1862/1862) and followers (879/879). Skipping main scraping session.
2025-03-29 06:53:59,682 - INFO - Now running a session to scrape following accounts network data...
2025-03-29 06:53:59,682 - INFO - Starting following accounts scraping session
2025-03-29 06:53:59,682 - INFO - remove_processed_links function is disabled to allow re-scraping of potential rate-limited accounts
2025-03-29 06:53:59,682 - INFO - DEBUG: Checking for duplicates before processing
2025-03-29 06:53:59,684 - INFO - No duplicate links found in instagram_data/followingLinks.txt
2025-03-29 06:53:59,684 - INFO - DEBUG: Before processing - 1862 accounts in queue
2025-03-29 06:53:59,691 - INFO - Using random batch size of 44 accounts for this session
2025-03-29 06:55:02,895 - INFO - FOLLOWING SCRAPER: DEBUG MODE ENABLED
2025-03-29 06:55:02,896 - INFO - FOLLOWING SCRAPER: Loaded scraping progress: 1474 accounts processed
2025-03-29 06:55:02,896 - INFO - FOLLOWING SCRAPER: Will process 44 accounts in this session
2025-03-29 06:55:02,896 - INFO - FOLLOWING SCRAPER: Logged in using button: //button[contains(.,'Log in')]
2025-03-29 06:55:02,896 - INFO - FOLLOWING SCRAPER: Logged in successfully!
2025-03-29 06:55:02,896 - INFO - FOLLOWING SCRAPER: Rate limit statistics: 1 accounts marked as rate-limited
2025-03-29 06:55:02,896 - INFO - FOLLOWING SCRAPER: Examples of rate-limited accounts: ['benton.down']
2025-03-29 06:55:02,896 - INFO - FOLLOWING SCRAPER: Loaded 1862 links from instagram_data/followingLinks.txt
2025-03-29 06:55:02,896 - INFO - FOLLOWING SCRAPER: Loaded adjacency list from instagram_data/adjList.txt
2025-03-29 06:55:02,896 - INFO - FOLLOWING SCRAPER: Deduplicating adjacency list...
2025-03-29 06:55:02,896 - INFO - FOLLOWING SCRAPER: No duplicates found in adjList.txt
2025-03-29 06:55:02,896 - INFO - FOLLOWING SCRAPER: DEBUG: Found 6161 already processed accounts in adjList.txt
2025-03-29 06:55:02,896 - INFO - FOLLOWING SCRAPER: Found 6161 accounts that have already been processed
2025-03-29 06:55:02,896 - INFO - FOLLOWING SCRAPER: Starting batch processing of 44 accounts
2025-03-29 06:55:02,896 - INFO - FOLLOWING SCRAPER: Pre-checking accounts to prioritize ones with reasonable follower/following counts...
2025-03-29 06:55:02,897 - INFO - FOLLOWING SCRAPER: ✓ shuheisakaue: Good candidate with 0 followers, 0 following
2025-03-29 06:55:02,897 - INFO - FOLLOWING SCRAPER: ✓ catsoupai: Good candidate with 0 followers, 0 following
2025-03-29 06:55:02,897 - INFO - FOLLOWING SCRAPER: ✓ soloslop.memes: Good candidate with 0 followers, 0 following
2025-03-29 06:55:02,897 - INFO - FOLLOWING SCRAPER: ✓ phillipsauction: Good candidate with 0 followers, 0 following
2025-03-29 06:55:02,897 - INFO - FOLLOWING SCRAPER: ✓ filmmovement: Good candidate with 0 followers, 0 following
2025-03-29 06:55:02,897 - INFO - FOLLOWING SCRAPER: ✓ asian_redbozicowboy: Good candidate with 0 followers, 0 following
2025-03-29 06:55:02,897 - INFO - FOLLOWING SCRAPER: ✓ ccpxi_8964: Good candidate with 0 followers, 0 following
2025-03-29 06:55:02,897 - INFO - FOLLOWING SCRAPER: ✓ ngr.ev: Good candidate with 0 followers, 0 following
2025-03-29 06:55:02,897 - INFO - FOLLOWING SCRAPER: ✓ cinema_nighttt: Good candidate with 0 followers, 0 following
2025-03-29 06:55:02,897 - INFO - FOLLOWING SCRAPER: ✓ thedizzyviper: Good candidate with 0 followers, 0 following
2025-03-29 06:55:02,897 - INFO - FOLLOWING SCRAPER: ✓ laclefrevival: Good candidate with 0 followers, 0 following
2025-03-29 06:55:02,897 - INFO - FOLLOWING SCRAPER: ✓ byboyfantasy: Good candidate with 0 followers, 0 following
2025-03-29 06:55:02,897 - INFO - FOLLOWING SCRAPER: ✓ manofdutch: Good candidate with 0 followers, 0 following
2025-03-29 06:55:02,897 - INFO - FOLLOWING SCRAPER: ✓ thefineartcollective: Good candidate with 0 followers, 0 following
2025-03-29 06:55:02,897 - INFO - FOLLOWING SCRAPER: Found 14 accounts with reasonable follower/following counts
2025-03-29 06:55:02,897 - INFO - FOLLOWING SCRAPER: DEBUG: Sanitizing and saving 1862 links
2025-03-29 06:55:02,897 - INFO - FOLLOWING SCRAPER: DEBUG: After sanitization: 1862 links (removed 0)
2025-03-29 06:55:02,897 - INFO - FOLLOWING SCRAPER: DEBUG: Successfully saved 1862 links to instagram_data/followingLinks.txt
2025-03-29 06:55:02,897 - INFO - FOLLOWING SCRAPER: Links reordered to prioritize accounts with reasonable follower/following counts
2025-03-29 06:55:02,897 - INFO - FOLLOWING SCRAPER: Randomly selecting 44 accounts from 1862 available accounts
2025-03-29 06:55:02,897 - INFO - FOLLOWING SCRAPER: DEBUG: Processing randomly selected link #597/1862: https://www.instagram.com/oldamericanarchitecture/
2025-03-29 06:55:02,897 - INFO - FOLLOWING SCRAPER: DEBUG: Before processing - 1862 links in queue
2025-03-29 06:55:02,897 - INFO - FOLLOWING SCRAPER: DEBUG: Account oldamericanarchitecture in progress data with rate_limited=False
2025-03-29 06:55:02,897 - INFO - FOLLOWING SCRAPER: DEBUG: Skipping already processed account: oldamericanarchitecture
2025-03-29 06:55:02,897 - INFO - FOLLOWING SCRAPER: Error during batch processing: list.remove(x): x not in list
2025-03-29 06:55:02,897 - INFO - FOLLOWING SCRAPER: Browser closed. Script complete.
2025-03-29 06:55:02,949 - ERROR - DEBUG: ISSUE DETECTED - Queue size didn't decrease. Before: 1862, After: 1862, Diff: 0
2025-03-29 06:55:02,949 - INFO - DEBUG: Checking for duplicates after processing
2025-03-29 06:55:02,949 - INFO - No duplicate links found in instagram_data/followingLinks.txt
2025-03-29 06:55:02,949 - INFO - remove_processed_links function is disabled to allow re-scraping of potential rate-limited accounts
2025-03-29 06:55:02,949 - INFO - Following accounts scraping session completed with result: True
2025-03-29 06:55:02,949 - INFO - Sessions completed. Waiting 0 hours and 32 minutes before next sessions...
2025-03-29 07:27:54,917 - INFO - Current counts in status file - Followers: 879, Following: 1862
2025-03-29 07:27:54,919 - INFO - Current counts in status file - Followers: 879, Following: 1862
2025-03-29 07:27:54,920 - INFO - Set today's natural break window to 12:00-14:00
2025-03-29 07:27:54,921 - INFO - Saved data to instagram_data/auto_scrape_status.json
2025-03-29 07:27:54,922 - INFO - Saved data to instagram_data/auto_scrape_status.json
2025-03-29 07:27:54,922 - INFO - Starting new scraping session
2025-03-29 07:27:54,922 - INFO - Current counts in status file - Followers: 879, Following: 1862
2025-03-29 07:27:54,922 - INFO - Already collected all following accounts (1862/1862) and followers (879/879). Skipping main scraping session.
2025-03-29 07:27:54,922 - INFO - Now running a session to scrape following accounts network data...
2025-03-29 07:27:54,922 - INFO - Starting following accounts scraping session
2025-03-29 07:27:54,922 - INFO - remove_processed_links function is disabled to allow re-scraping of potential rate-limited accounts
2025-03-29 07:27:54,922 - INFO - DEBUG: Checking for duplicates before processing
2025-03-29 07:27:54,924 - INFO - No duplicate links found in instagram_data/followingLinks.txt
2025-03-29 07:27:54,925 - INFO - DEBUG: Before processing - 1862 accounts in queue
2025-03-29 07:27:54,935 - INFO - Using random batch size of 58 accounts for this session
2025-03-29 07:29:19,250 - INFO - FOLLOWING SCRAPER: DEBUG MODE ENABLED
2025-03-29 07:29:19,251 - INFO - FOLLOWING SCRAPER: Loaded scraping progress: 1474 accounts processed
2025-03-29 07:29:19,251 - INFO - FOLLOWING SCRAPER: Will process 58 accounts in this session
2025-03-29 07:29:19,251 - INFO - FOLLOWING SCRAPER: Logged in using button: //button[contains(.,'Log in')]
2025-03-29 07:29:19,251 - INFO - FOLLOWING SCRAPER: Logged in successfully!
2025-03-29 07:29:19,251 - INFO - FOLLOWING SCRAPER: Rate limit statistics: 1 accounts marked as rate-limited
2025-03-29 07:29:19,251 - INFO - FOLLOWING SCRAPER: Examples of rate-limited accounts: ['benton.down']
2025-03-29 07:29:19,251 - INFO - FOLLOWING SCRAPER: Loaded 1862 links from instagram_data/followingLinks.txt
2025-03-29 07:29:19,251 - INFO - FOLLOWING SCRAPER: Loaded adjacency list from instagram_data/adjList.txt
2025-03-29 07:29:19,251 - INFO - FOLLOWING SCRAPER: Deduplicating adjacency list...
2025-03-29 07:29:19,251 - INFO - FOLLOWING SCRAPER: No duplicates found in adjList.txt
2025-03-29 07:29:19,251 - INFO - FOLLOWING SCRAPER: DEBUG: Found 6161 already processed accounts in adjList.txt
2025-03-29 07:29:19,251 - INFO - FOLLOWING SCRAPER: Found 6161 accounts that have already been processed
2025-03-29 07:29:19,251 - INFO - FOLLOWING SCRAPER: Starting batch processing of 58 accounts
2025-03-29 07:29:19,252 - INFO - FOLLOWING SCRAPER: Pre-checking accounts to prioritize ones with reasonable follower/following counts...
2025-03-29 07:29:19,252 - INFO - FOLLOWING SCRAPER: ✓ shuheisakaue: Good candidate with 0 followers, 0 following
2025-03-29 07:29:19,252 - INFO - FOLLOWING SCRAPER: ✓ catsoupai: Good candidate with 0 followers, 0 following
2025-03-29 07:29:19,252 - INFO - FOLLOWING SCRAPER: ✓ soloslop.memes: Good candidate with 0 followers, 0 following
2025-03-29 07:29:19,252 - INFO - FOLLOWING SCRAPER: ✓ phillipsauction: Good candidate with 0 followers, 0 following
2025-03-29 07:29:19,252 - INFO - FOLLOWING SCRAPER: ✓ filmmovement: Good candidate with 0 followers, 0 following
2025-03-29 07:29:19,252 - INFO - FOLLOWING SCRAPER: ✓ asian_redbozicowboy: Good candidate with 29 followers, 250 following
2025-03-29 07:29:19,252 - INFO - FOLLOWING SCRAPER: ✓ ccpxi_8964: Good candidate with 0 followers, 0 following
2025-03-29 07:29:19,254 - INFO - FOLLOWING SCRAPER: ✓ ngr.ev: Good candidate with 0 followers, 0 following
2025-03-29 07:29:19,254 - INFO - FOLLOWING SCRAPER: ✓ cinema_nighttt: Good candidate with 0 followers, 0 following
2025-03-29 07:29:19,254 - INFO - FOLLOWING SCRAPER: ✓ thedizzyviper: Good candidate with 0 followers, 0 following
2025-03-29 07:29:19,255 - INFO - FOLLOWING SCRAPER: ✓ laclefrevival: Good candidate with 0 followers, 0 following
2025-03-29 07:29:19,255 - INFO - FOLLOWING SCRAPER: ✓ byboyfantasy: Good candidate with 0 followers, 0 following
2025-03-29 07:29:19,255 - INFO - FOLLOWING SCRAPER: ✓ manofdutch: Good candidate with 0 followers, 0 following
2025-03-29 07:29:19,255 - INFO - FOLLOWING SCRAPER: ✓ thefineartcollective: Good candidate with 0 followers, 0 following
2025-03-29 07:29:19,255 - INFO - FOLLOWING SCRAPER: ✓ scattoitaliano: Good candidate with 0 followers, 0 following
2025-03-29 07:29:19,255 - INFO - FOLLOWING SCRAPER: Found 15 accounts with reasonable follower/following counts
2025-03-29 07:29:19,255 - INFO - FOLLOWING SCRAPER: DEBUG: Sanitizing and saving 1862 links
2025-03-29 07:29:19,255 - INFO - FOLLOWING SCRAPER: DEBUG: After sanitization: 1862 links (removed 0)
2025-03-29 07:29:19,255 - INFO - FOLLOWING SCRAPER: DEBUG: Successfully saved 1862 links to instagram_data/followingLinks.txt
2025-03-29 07:29:19,255 - INFO - FOLLOWING SCRAPER: Links reordered to prioritize accounts with reasonable follower/following counts
2025-03-29 07:29:19,255 - INFO - FOLLOWING SCRAPER: Randomly selecting 58 accounts from 1862 available accounts
2025-03-29 07:29:19,255 - INFO - FOLLOWING SCRAPER: DEBUG: Processing randomly selected link #1352/1862: https://www.instagram.com/030.may/
2025-03-29 07:29:19,255 - INFO - FOLLOWING SCRAPER: DEBUG: Before processing - 1862 links in queue
2025-03-29 07:29:19,255 - INFO - FOLLOWING SCRAPER: DEBUG: Account 030.may in progress data with rate_limited=False
2025-03-29 07:29:19,255 - INFO - FOLLOWING SCRAPER: DEBUG: Skipping already processed account: 030.may
2025-03-29 07:29:19,255 - INFO - FOLLOWING SCRAPER: Error during batch processing: list.remove(x): x not in list
2025-03-29 07:29:19,255 - INFO - FOLLOWING SCRAPER: Browser closed. Script complete.
2025-03-29 07:29:19,366 - ERROR - DEBUG: ISSUE DETECTED - Queue size didn't decrease. Before: 1862, After: 1862, Diff: 0
2025-03-29 07:29:19,366 - INFO - DEBUG: Checking for duplicates after processing
2025-03-29 07:29:19,367 - INFO - No duplicate links found in instagram_data/followingLinks.txt
2025-03-29 07:29:19,367 - INFO - remove_processed_links function is disabled to allow re-scraping of potential rate-limited accounts
2025-03-29 07:29:19,367 - INFO - Following accounts scraping session completed with result: True
2025-03-29 07:29:19,367 - INFO - Sessions completed. Waiting 0 hours and 21 minutes before next sessions...
2025-03-29 07:50:38,536 - INFO - Current counts in status file - Followers: 879, Following: 1862
2025-03-29 07:50:38,538 - INFO - Current counts in status file - Followers: 879, Following: 1862
2025-03-29 07:50:38,540 - INFO - Set today's natural break window to 13:00-15:00
2025-03-29 07:50:38,542 - INFO - Saved data to instagram_data/auto_scrape_status.json
2025-03-29 07:50:38,542 - INFO - Saved data to instagram_data/auto_scrape_status.json
2025-03-29 07:50:38,542 - INFO - Starting new scraping session
2025-03-29 07:50:38,544 - INFO - Current counts in status file - Followers: 879, Following: 1862
2025-03-29 07:50:38,544 - INFO - Already collected all following accounts (1862/1862) and followers (879/879). Skipping main scraping session.
2025-03-29 07:50:38,545 - INFO - Now running a session to scrape following accounts network data...
2025-03-29 07:50:38,545 - INFO - Starting following accounts scraping session
2025-03-29 07:50:38,545 - INFO - remove_processed_links function is disabled to allow re-scraping of potential rate-limited accounts
2025-03-29 07:50:38,545 - INFO - DEBUG: Checking for duplicates before processing
2025-03-29 07:50:38,549 - INFO - No duplicate links found in instagram_data/followingLinks.txt
2025-03-29 07:50:38,549 - INFO - DEBUG: Before processing - 1862 accounts in queue
2025-03-29 07:50:38,556 - INFO - Using random batch size of 48 accounts for this session
2025-03-29 07:52:12,496 - INFO - FOLLOWING SCRAPER: DEBUG MODE ENABLED
2025-03-29 07:52:12,497 - INFO - FOLLOWING SCRAPER: Loaded scraping progress: 1474 accounts processed
2025-03-29 07:52:12,497 - INFO - FOLLOWING SCRAPER: Will process 48 accounts in this session
2025-03-29 07:52:12,497 - INFO - FOLLOWING SCRAPER: Logged in using button: //button[contains(.,'Log in')]
2025-03-29 07:52:12,497 - INFO - FOLLOWING SCRAPER: Logged in successfully!
2025-03-29 07:52:12,497 - INFO - FOLLOWING SCRAPER: Rate limit statistics: 1 accounts marked as rate-limited
2025-03-29 07:52:12,497 - INFO - FOLLOWING SCRAPER: Examples of rate-limited accounts: ['benton.down']
2025-03-29 07:52:12,497 - INFO - FOLLOWING SCRAPER: Loaded 1862 links from instagram_data/followingLinks.txt
2025-03-29 07:52:12,497 - INFO - FOLLOWING SCRAPER: Loaded adjacency list from instagram_data/adjList.txt
2025-03-29 07:52:12,497 - INFO - FOLLOWING SCRAPER: Deduplicating adjacency list...
2025-03-29 07:52:12,497 - INFO - FOLLOWING SCRAPER: No duplicates found in adjList.txt
2025-03-29 07:52:12,497 - INFO - FOLLOWING SCRAPER: DEBUG: Found 6161 already processed accounts in adjList.txt
2025-03-29 07:52:12,497 - INFO - FOLLOWING SCRAPER: Found 6161 accounts that have already been processed
2025-03-29 07:52:12,497 - INFO - FOLLOWING SCRAPER: Starting batch processing of 48 accounts
2025-03-29 07:52:12,497 - INFO - FOLLOWING SCRAPER: Pre-checking accounts to prioritize ones with reasonable follower/following counts...
2025-03-29 07:52:12,497 - INFO - FOLLOWING SCRAPER: ✓ shuheisakaue: Good candidate with 18 followers, 895 following
2025-03-29 07:52:12,497 - INFO - FOLLOWING SCRAPER: ✓ catsoupai: Good candidate with 189 followers, 189 following
2025-03-29 07:52:12,497 - INFO - FOLLOWING SCRAPER: ✓ soloslop.memes: Good candidate with 70 followers, 67 following
2025-03-29 07:52:12,497 - INFO - FOLLOWING SCRAPER: ✓ phillipsauction: Good candidate with 429 followers, 434 following
2025-03-29 07:52:12,497 - INFO - FOLLOWING SCRAPER: ✓ filmmovement: Good candidate with 12 followers, 709 following
2025-03-29 07:52:12,497 - INFO - FOLLOWING SCRAPER: ✓ asian_redbozicowboy: Good candidate with 29 followers, 250 following
2025-03-29 07:52:12,497 - INFO - FOLLOWING SCRAPER: ✓ ccpxi_8964: Good candidate with 10 followers, 97 following
2025-03-29 07:52:12,497 - INFO - FOLLOWING SCRAPER: ✓ ngr.ev: Good candidate with 117 followers, 190 following
2025-03-29 07:52:12,497 - INFO - FOLLOWING SCRAPER: ✓ cinema_nighttt: Good candidate with 401 followers, 15 following
2025-03-29 07:52:12,497 - INFO - FOLLOWING SCRAPER: ✓ thedizzyviper: Good candidate with 179 followers, 903 following
2025-03-29 07:52:12,497 - INFO - FOLLOWING SCRAPER: ✓ laclefrevival: Good candidate with 23 followers, 503 following
2025-03-29 07:52:12,497 - INFO - FOLLOWING SCRAPER: ✓ byboyfantasy: Good candidate with 83 followers, 604 following
2025-03-29 07:52:12,497 - INFO - FOLLOWING SCRAPER: ✓ manofdutch: Good candidate with 29 followers, 55 following
2025-03-29 07:52:12,497 - INFO - FOLLOWING SCRAPER: ✓ thefineartcollective: Good candidate with 676 followers, 919 following
2025-03-29 07:52:12,497 - INFO - FOLLOWING SCRAPER: ✗ scattoitaliano: Too many connections (24 followers, 1419 following)
2025-03-29 07:52:12,497 - INFO - FOLLOWING SCRAPER: Found 14 accounts with reasonable follower/following counts
2025-03-29 07:52:12,497 - INFO - FOLLOWING SCRAPER: DEBUG: Sanitizing and saving 1862 links
2025-03-29 07:52:12,497 - INFO - FOLLOWING SCRAPER: DEBUG: After sanitization: 1862 links (removed 0)
2025-03-29 07:52:12,497 - INFO - FOLLOWING SCRAPER: DEBUG: Successfully saved 1862 links to instagram_data/followingLinks.txt
2025-03-29 07:52:12,497 - INFO - FOLLOWING SCRAPER: Links reordered to prioritize accounts with reasonable follower/following counts
2025-03-29 07:52:12,497 - INFO - FOLLOWING SCRAPER: Randomly selecting 48 accounts from 1862 available accounts
2025-03-29 07:52:12,497 - INFO - FOLLOWING SCRAPER: DEBUG: Processing randomly selected link #166/1862: https://www.instagram.com/darth_valerian/
2025-03-29 07:52:12,497 - INFO - FOLLOWING SCRAPER: DEBUG: Before processing - 1862 links in queue
2025-03-29 07:52:12,497 - INFO - FOLLOWING SCRAPER: DEBUG: Account darth_valerian in progress data with rate_limited=False
2025-03-29 07:52:12,497 - INFO - FOLLOWING SCRAPER: DEBUG: Skipping already processed account: darth_valerian
2025-03-29 07:52:12,497 - INFO - FOLLOWING SCRAPER: Error during batch processing: list.remove(x): x not in list
2025-03-29 07:52:12,497 - INFO - FOLLOWING SCRAPER: Browser closed. Script complete.
2025-03-29 07:52:12,874 - ERROR - DEBUG: ISSUE DETECTED - Queue size didn't decrease. Before: 1862, After: 1862, Diff: 0
2025-03-29 07:52:12,874 - INFO - DEBUG: Checking for duplicates after processing
2025-03-29 07:52:12,876 - INFO - No duplicate links found in instagram_data/followingLinks.txt
2025-03-29 07:52:12,876 - INFO - remove_processed_links function is disabled to allow re-scraping of potential rate-limited accounts
2025-03-29 07:52:12,876 - INFO - Following accounts scraping session completed with result: True
2025-03-29 07:52:12,876 - INFO - Sessions completed. Waiting 0 hours and 37 minutes before next sessions...
2025-03-29 08:29:16,766 - INFO - Current counts in status file - Followers: 879, Following: 1862
2025-03-29 08:29:16,769 - INFO - Current counts in status file - Followers: 879, Following: 1862
2025-03-29 08:29:16,772 - INFO - Set today's natural break window to 11:00-13:00
2025-03-29 08:29:16,776 - INFO - Saved data to instagram_data/auto_scrape_status.json
2025-03-29 08:29:16,777 - INFO - Saved data to instagram_data/auto_scrape_status.json
2025-03-29 08:29:16,777 - INFO - Starting new scraping session
2025-03-29 08:29:16,778 - INFO - Current counts in status file - Followers: 879, Following: 1862
2025-03-29 08:29:16,778 - INFO - Already collected all following accounts (1862/1862) and followers (879/879). Skipping main scraping session.
2025-03-29 08:29:16,778 - INFO - Now running a session to scrape following accounts network data...
2025-03-29 08:29:16,778 - INFO - Starting following accounts scraping session
2025-03-29 08:29:16,778 - INFO - remove_processed_links function is disabled to allow re-scraping of potential rate-limited accounts
2025-03-29 08:29:16,778 - INFO - DEBUG: Checking for duplicates before processing
2025-03-29 08:29:16,781 - INFO - No duplicate links found in instagram_data/followingLinks.txt
2025-03-29 08:29:16,781 - INFO - DEBUG: Before processing - 1862 accounts in queue
2025-03-29 08:29:16,786 - INFO - Using random batch size of 47 accounts for this session
2025-03-29 08:30:18,980 - INFO - FOLLOWING SCRAPER: DEBUG MODE ENABLED
2025-03-29 08:30:18,981 - INFO - FOLLOWING SCRAPER: Loaded scraping progress: 1474 accounts processed
2025-03-29 08:30:18,981 - INFO - FOLLOWING SCRAPER: Will process 47 accounts in this session
2025-03-29 08:30:18,981 - INFO - FOLLOWING SCRAPER: Logged in using button: //button[contains(.,'Log in')]
2025-03-29 08:30:18,981 - INFO - FOLLOWING SCRAPER: Logged in successfully!
2025-03-29 08:30:18,981 - INFO - FOLLOWING SCRAPER: Rate limit statistics: 1 accounts marked as rate-limited
2025-03-29 08:30:18,981 - INFO - FOLLOWING SCRAPER: Examples of rate-limited accounts: ['benton.down']
2025-03-29 08:30:18,981 - INFO - FOLLOWING SCRAPER: Loaded 1862 links from instagram_data/followingLinks.txt
2025-03-29 08:30:18,981 - INFO - FOLLOWING SCRAPER: Loaded adjacency list from instagram_data/adjList.txt
2025-03-29 08:30:18,981 - INFO - FOLLOWING SCRAPER: Deduplicating adjacency list...
2025-03-29 08:30:18,981 - INFO - FOLLOWING SCRAPER: No duplicates found in adjList.txt
2025-03-29 08:30:18,981 - INFO - FOLLOWING SCRAPER: DEBUG: Found 6161 already processed accounts in adjList.txt
2025-03-29 08:30:18,981 - INFO - FOLLOWING SCRAPER: Found 6161 accounts that have already been processed
2025-03-29 08:30:18,981 - INFO - FOLLOWING SCRAPER: Starting batch processing of 47 accounts
2025-03-29 08:30:18,981 - INFO - FOLLOWING SCRAPER: Pre-checking accounts to prioritize ones with reasonable follower/following counts...
2025-03-29 08:30:18,981 - INFO - FOLLOWING SCRAPER: ✓ shuheisakaue: Good candidate with 0 followers, 0 following
2025-03-29 08:30:18,981 - INFO - FOLLOWING SCRAPER: ✓ catsoupai: Good candidate with 0 followers, 0 following
2025-03-29 08:30:18,981 - INFO - FOLLOWING SCRAPER: ✓ soloslop.memes: Good candidate with 0 followers, 0 following
2025-03-29 08:30:18,981 - INFO - FOLLOWING SCRAPER: ✓ phillipsauction: Good candidate with 0 followers, 0 following
2025-03-29 08:30:18,981 - INFO - FOLLOWING SCRAPER: ✓ filmmovement: Good candidate with 0 followers, 0 following
2025-03-29 08:30:18,981 - INFO - FOLLOWING SCRAPER: ✓ asian_redbozicowboy: Good candidate with 0 followers, 0 following
2025-03-29 08:30:18,981 - INFO - FOLLOWING SCRAPER: ✓ ccpxi_8964: Good candidate with 0 followers, 0 following
2025-03-29 08:30:18,981 - INFO - FOLLOWING SCRAPER: ✓ ngr.ev: Good candidate with 0 followers, 0 following
2025-03-29 08:30:18,981 - INFO - FOLLOWING SCRAPER: ✓ cinema_nighttt: Good candidate with 0 followers, 0 following
2025-03-29 08:30:18,981 - INFO - FOLLOWING SCRAPER: ✓ thedizzyviper: Good candidate with 0 followers, 0 following
2025-03-29 08:30:18,981 - INFO - FOLLOWING SCRAPER: ✓ laclefrevival: Good candidate with 0 followers, 0 following
2025-03-29 08:30:18,981 - INFO - FOLLOWING SCRAPER: ✓ byboyfantasy: Good candidate with 0 followers, 0 following
2025-03-29 08:30:18,981 - INFO - FOLLOWING SCRAPER: ✓ manofdutch: Good candidate with 0 followers, 0 following
2025-03-29 08:30:18,981 - INFO - FOLLOWING SCRAPER: ✓ thefineartcollective: Good candidate with 0 followers, 0 following
2025-03-29 08:30:18,981 - INFO - FOLLOWING SCRAPER: Found 14 accounts with reasonable follower/following counts
2025-03-29 08:30:18,981 - INFO - FOLLOWING SCRAPER: DEBUG: Sanitizing and saving 1862 links
2025-03-29 08:30:18,982 - INFO - FOLLOWING SCRAPER: DEBUG: After sanitization: 1862 links (removed 0)
2025-03-29 08:30:18,982 - INFO - FOLLOWING SCRAPER: DEBUG: Successfully saved 1862 links to instagram_data/followingLinks.txt
2025-03-29 08:30:18,982 - INFO - FOLLOWING SCRAPER: Links reordered to prioritize accounts with reasonable follower/following counts
2025-03-29 08:30:18,982 - INFO - FOLLOWING SCRAPER: Randomly selecting 47 accounts from 1862 available accounts
2025-03-29 08:30:18,982 - INFO - FOLLOWING SCRAPER: DEBUG: Processing randomly selected link #406/1862: https://www.instagram.com/zach_shen_/
2025-03-29 08:30:18,982 - INFO - FOLLOWING SCRAPER: DEBUG: Before processing - 1862 links in queue
2025-03-29 08:30:18,982 - INFO - FOLLOWING SCRAPER: DEBUG: Skipping already processed account: zach_shen_
2025-03-29 08:30:18,982 - INFO - FOLLOWING SCRAPER: Error during batch processing: list.remove(x): x not in list
2025-03-29 08:30:18,982 - INFO - FOLLOWING SCRAPER: Browser closed. Script complete.
2025-03-29 08:30:19,042 - ERROR - DEBUG: ISSUE DETECTED - Queue size didn't decrease. Before: 1862, After: 1862, Diff: 0
2025-03-29 08:30:19,042 - INFO - DEBUG: Checking for duplicates after processing
2025-03-29 08:30:19,043 - INFO - No duplicate links found in instagram_data/followingLinks.txt
2025-03-29 08:30:19,043 - INFO - remove_processed_links function is disabled to allow re-scraping of potential rate-limited accounts
2025-03-29 08:30:19,043 - INFO - Following accounts scraping session completed with result: True
2025-03-29 08:30:19,043 - INFO - Sessions completed. Waiting 0 hours and 35 minutes before next sessions...
2025-03-29 09:06:17,295 - INFO - Current counts in status file - Followers: 879, Following: 1862
2025-03-29 09:06:17,300 - INFO - Current counts in status file - Followers: 879, Following: 1862
2025-03-29 09:06:17,302 - INFO - Set today's natural break window to 11:00-13:00
2025-03-29 09:06:17,304 - INFO - Saved data to instagram_data/auto_scrape_status.json
2025-03-29 09:06:17,304 - INFO - Saved data to instagram_data/auto_scrape_status.json
2025-03-29 09:06:17,304 - INFO - Starting new scraping session
2025-03-29 09:06:17,306 - INFO - Current counts in status file - Followers: 879, Following: 1862
2025-03-29 09:06:17,306 - INFO - Already collected all following accounts (1862/1862) and followers (879/879). Skipping main scraping session.
2025-03-29 09:06:17,306 - INFO - Now running a session to scrape following accounts network data...
2025-03-29 09:06:17,306 - INFO - Starting following accounts scraping session
2025-03-29 09:06:17,306 - INFO - remove_processed_links function is disabled to allow re-scraping of potential rate-limited accounts
2025-03-29 09:06:17,306 - INFO - DEBUG: Checking for duplicates before processing
2025-03-29 09:06:17,312 - INFO - No duplicate links found in instagram_data/followingLinks.txt
2025-03-29 09:06:17,313 - INFO - DEBUG: Before processing - 1862 accounts in queue
2025-03-29 09:06:17,318 - INFO - Using random batch size of 59 accounts for this session
2025-03-29 09:07:20,834 - INFO - FOLLOWING SCRAPER: DEBUG MODE ENABLED
2025-03-29 09:07:20,836 - INFO - FOLLOWING SCRAPER: Loaded scraping progress: 1474 accounts processed
2025-03-29 09:07:20,836 - INFO - FOLLOWING SCRAPER: Will process 59 accounts in this session
2025-03-29 09:07:20,836 - INFO - FOLLOWING SCRAPER: Logged in using button: //button[contains(.,'Log in')]
2025-03-29 09:07:20,836 - INFO - FOLLOWING SCRAPER: Logged in successfully!
2025-03-29 09:07:20,836 - INFO - FOLLOWING SCRAPER: Rate limit statistics: 1 accounts marked as rate-limited
2025-03-29 09:07:20,836 - INFO - FOLLOWING SCRAPER: Examples of rate-limited accounts: ['benton.down']
2025-03-29 09:07:20,836 - INFO - FOLLOWING SCRAPER: Loaded 1862 links from instagram_data/followingLinks.txt
2025-03-29 09:07:20,836 - INFO - FOLLOWING SCRAPER: Loaded adjacency list from instagram_data/adjList.txt
2025-03-29 09:07:20,836 - INFO - FOLLOWING SCRAPER: Deduplicating adjacency list...
2025-03-29 09:07:20,836 - INFO - FOLLOWING SCRAPER: No duplicates found in adjList.txt
2025-03-29 09:07:20,836 - INFO - FOLLOWING SCRAPER: DEBUG: Found 6161 already processed accounts in adjList.txt
2025-03-29 09:07:20,836 - INFO - FOLLOWING SCRAPER: Found 6161 accounts that have already been processed
2025-03-29 09:07:20,837 - INFO - FOLLOWING SCRAPER: Starting batch processing of 59 accounts
2025-03-29 09:07:20,837 - INFO - FOLLOWING SCRAPER: Pre-checking accounts to prioritize ones with reasonable follower/following counts...
2025-03-29 09:07:20,837 - INFO - FOLLOWING SCRAPER: ✓ shuheisakaue: Good candidate with 18 followers, 895 following
2025-03-29 09:07:20,837 - INFO - FOLLOWING SCRAPER: ✓ catsoupai: Good candidate with 0 followers, 0 following
2025-03-29 09:07:20,837 - INFO - FOLLOWING SCRAPER: ✓ soloslop.memes: Good candidate with 70 followers, 67 following
2025-03-29 09:07:20,837 - INFO - FOLLOWING SCRAPER: ✓ phillipsauction: Good candidate with 0 followers, 0 following
2025-03-29 09:07:20,837 - INFO - FOLLOWING SCRAPER: ✓ filmmovement: Good candidate with 12 followers, 709 following
2025-03-29 09:07:20,837 - INFO - FOLLOWING SCRAPER: ✓ asian_redbozicowboy: Good candidate with 0 followers, 0 following
2025-03-29 09:07:20,837 - INFO - FOLLOWING SCRAPER: ✓ ccpxi_8964: Good candidate with 10 followers, 97 following
2025-03-29 09:07:20,837 - INFO - FOLLOWING SCRAPER: ✓ ngr.ev: Good candidate with 0 followers, 0 following
2025-03-29 09:07:20,837 - INFO - FOLLOWING SCRAPER: ✓ cinema_nighttt: Good candidate with 0 followers, 0 following
2025-03-29 09:07:20,837 - INFO - FOLLOWING SCRAPER: ✓ thedizzyviper: Good candidate with 179 followers, 903 following
2025-03-29 09:07:20,837 - INFO - FOLLOWING SCRAPER: ✓ laclefrevival: Good candidate with 0 followers, 0 following
2025-03-29 09:07:20,837 - INFO - FOLLOWING SCRAPER: ✓ byboyfantasy: Good candidate with 0 followers, 0 following
2025-03-29 09:07:20,837 - INFO - FOLLOWING SCRAPER: ✓ manofdutch: Good candidate with 29 followers, 55 following
2025-03-29 09:07:20,837 - INFO - FOLLOWING SCRAPER: ✓ thefineartcollective: Good candidate with 0 followers, 0 following
2025-03-29 09:07:20,837 - INFO - FOLLOWING SCRAPER: Found 14 accounts with reasonable follower/following counts
2025-03-29 09:07:20,837 - INFO - FOLLOWING SCRAPER: DEBUG: Sanitizing and saving 1862 links
2025-03-29 09:07:20,837 - INFO - FOLLOWING SCRAPER: DEBUG: After sanitization: 1862 links (removed 0)
2025-03-29 09:07:20,837 - INFO - FOLLOWING SCRAPER: DEBUG: Successfully saved 1862 links to instagram_data/followingLinks.txt
2025-03-29 09:07:20,837 - INFO - FOLLOWING SCRAPER: Links reordered to prioritize accounts with reasonable follower/following counts
2025-03-29 09:07:20,837 - INFO - FOLLOWING SCRAPER: Randomly selecting 59 accounts from 1862 available accounts
2025-03-29 09:07:20,837 - INFO - FOLLOWING SCRAPER: DEBUG: Processing randomly selected link #1615/1862: https://www.instagram.com/dorrri_ge/
2025-03-29 09:07:20,837 - INFO - FOLLOWING SCRAPER: DEBUG: Before processing - 1862 links in queue
2025-03-29 09:07:20,837 - INFO - FOLLOWING SCRAPER: DEBUG: Skipping already processed account: dorrri_ge
2025-03-29 09:07:20,837 - INFO - FOLLOWING SCRAPER: Error during batch processing: list.remove(x): x not in list
2025-03-29 09:07:20,837 - INFO - FOLLOWING SCRAPER: Browser closed. Script complete.
2025-03-29 09:07:20,915 - ERROR - DEBUG: ISSUE DETECTED - Queue size didn't decrease. Before: 1862, After: 1862, Diff: 0
2025-03-29 09:07:20,915 - INFO - DEBUG: Checking for duplicates after processing
2025-03-29 09:07:20,918 - INFO - No duplicate links found in instagram_data/followingLinks.txt
2025-03-29 09:07:20,918 - INFO - remove_processed_links function is disabled to allow re-scraping of potential rate-limited accounts
2025-03-29 09:07:20,918 - INFO - Following accounts scraping session completed with result: True
2025-03-29 09:07:20,918 - INFO - Sessions completed. Waiting 0 hours and 36 minutes before next sessions...
2025-03-29 09:44:02,942 - INFO - Current counts in status file - Followers: 879, Following: 1862
2025-03-29 09:44:02,945 - INFO - Current counts in status file - Followers: 879, Following: 1862
2025-03-29 09:44:02,946 - INFO - Set today's natural break window to 12:00-14:00
2025-03-29 09:44:02,947 - INFO - Saved data to instagram_data/auto_scrape_status.json
2025-03-29 09:44:02,948 - INFO - Saved data to instagram_data/auto_scrape_status.json
2025-03-29 09:44:02,948 - INFO - Starting new scraping session
2025-03-29 09:44:02,950 - INFO - Current counts in status file - Followers: 879, Following: 1862
2025-03-29 09:44:02,950 - INFO - Already collected all following accounts (1862/1862) and followers (879/879). Skipping main scraping session.
2025-03-29 09:44:02,950 - INFO - Now running a session to scrape following accounts network data...
2025-03-29 09:44:02,950 - INFO - Starting following accounts scraping session
2025-03-29 09:44:02,950 - INFO - remove_processed_links function is disabled to allow re-scraping of potential rate-limited accounts
2025-03-29 09:44:02,950 - INFO - DEBUG: Checking for duplicates before processing
2025-03-29 09:44:02,953 - INFO - No duplicate links found in instagram_data/followingLinks.txt
2025-03-29 09:44:02,954 - INFO - DEBUG: Before processing - 1862 accounts in queue
2025-03-29 09:44:02,958 - INFO - Using random batch size of 40 accounts for this session
2025-03-29 09:45:05,609 - INFO - FOLLOWING SCRAPER: DEBUG MODE ENABLED
2025-03-29 09:45:05,609 - INFO - FOLLOWING SCRAPER: Loaded scraping progress: 1474 accounts processed
2025-03-29 09:45:05,610 - INFO - FOLLOWING SCRAPER: Will process 40 accounts in this session
2025-03-29 09:45:05,610 - INFO - FOLLOWING SCRAPER: Logged in using button: //button[contains(.,'Log in')]
2025-03-29 09:45:05,610 - INFO - FOLLOWING SCRAPER: Login might have failed. Current URL still shows login page.
2025-03-29 09:45:05,610 - INFO - FOLLOWING SCRAPER: Rate limit statistics: 1 accounts marked as rate-limited
2025-03-29 09:45:05,610 - INFO - FOLLOWING SCRAPER: Examples of rate-limited accounts: ['benton.down']
2025-03-29 09:45:05,610 - INFO - FOLLOWING SCRAPER: Loaded 1862 links from instagram_data/followingLinks.txt
2025-03-29 09:45:05,610 - INFO - FOLLOWING SCRAPER: Loaded adjacency list from instagram_data/adjList.txt
2025-03-29 09:45:05,610 - INFO - FOLLOWING SCRAPER: Deduplicating adjacency list...
2025-03-29 09:45:05,610 - INFO - FOLLOWING SCRAPER: No duplicates found in adjList.txt
2025-03-29 09:45:05,610 - INFO - FOLLOWING SCRAPER: DEBUG: Found 6161 already processed accounts in adjList.txt
2025-03-29 09:45:05,610 - INFO - FOLLOWING SCRAPER: Found 6161 accounts that have already been processed
2025-03-29 09:45:05,610 - INFO - FOLLOWING SCRAPER: Starting batch processing of 40 accounts
2025-03-29 09:45:05,610 - INFO - FOLLOWING SCRAPER: Pre-checking accounts to prioritize ones with reasonable follower/following counts...
2025-03-29 09:45:05,610 - INFO - FOLLOWING SCRAPER: ✓ shuheisakaue: Good candidate with 18 followers, 895 following
2025-03-29 09:45:05,610 - INFO - FOLLOWING SCRAPER: ✓ catsoupai: Good candidate with 0 followers, 0 following
2025-03-29 09:45:05,610 - INFO - FOLLOWING SCRAPER: ✓ soloslop.memes: Good candidate with 70 followers, 67 following
2025-03-29 09:45:05,610 - INFO - FOLLOWING SCRAPER: ✓ phillipsauction: Good candidate with 429 followers, 434 following
2025-03-29 09:45:05,610 - INFO - FOLLOWING SCRAPER: ✓ filmmovement: Good candidate with 12 followers, 709 following
2025-03-29 09:45:05,611 - INFO - FOLLOWING SCRAPER: ✓ asian_redbozicowboy: Good candidate with 0 followers, 0 following
2025-03-29 09:45:05,611 - INFO - FOLLOWING SCRAPER: ✓ ccpxi_8964: Good candidate with 0 followers, 0 following
2025-03-29 09:45:05,611 - INFO - FOLLOWING SCRAPER: ✓ ngr.ev: Good candidate with 117 followers, 190 following
2025-03-29 09:45:05,611 - INFO - FOLLOWING SCRAPER: ✓ cinema_nighttt: Good candidate with 0 followers, 0 following
2025-03-29 09:45:05,611 - INFO - FOLLOWING SCRAPER: ✓ thedizzyviper: Good candidate with 179 followers, 903 following
2025-03-29 09:45:05,611 - INFO - FOLLOWING SCRAPER: ✓ laclefrevival: Good candidate with 0 followers, 0 following
2025-03-29 09:45:05,611 - INFO - FOLLOWING SCRAPER: ✓ byboyfantasy: Good candidate with 0 followers, 0 following
2025-03-29 09:45:05,611 - INFO - FOLLOWING SCRAPER: ✓ manofdutch: Good candidate with 0 followers, 0 following
2025-03-29 09:45:05,611 - INFO - FOLLOWING SCRAPER: ✓ thefineartcollective: Good candidate with 0 followers, 0 following
2025-03-29 09:45:05,611 - INFO - FOLLOWING SCRAPER: Found 14 accounts with reasonable follower/following counts
2025-03-29 09:45:05,611 - INFO - FOLLOWING SCRAPER: DEBUG: Sanitizing and saving 1862 links
2025-03-29 09:45:05,611 - INFO - FOLLOWING SCRAPER: DEBUG: After sanitization: 1862 links (removed 0)
2025-03-29 09:45:05,611 - INFO - FOLLOWING SCRAPER: DEBUG: Successfully saved 1862 links to instagram_data/followingLinks.txt
2025-03-29 09:45:05,611 - INFO - FOLLOWING SCRAPER: Links reordered to prioritize accounts with reasonable follower/following counts
2025-03-29 09:45:05,611 - INFO - FOLLOWING SCRAPER: Randomly selecting 40 accounts from 1862 available accounts
2025-03-29 09:45:05,611 - INFO - FOLLOWING SCRAPER: DEBUG: Processing randomly selected link #647/1862: https://www.instagram.com/fannaspineapple21/
2025-03-29 09:45:05,611 - INFO - FOLLOWING SCRAPER: DEBUG: Before processing - 1862 links in queue
2025-03-29 09:45:05,612 - INFO - FOLLOWING SCRAPER: DEBUG: Account fannaspineapple21 in progress data with rate_limited=False
2025-03-29 09:45:05,612 - INFO - FOLLOWING SCRAPER: DEBUG: Skipping already processed account: fannaspineapple21
2025-03-29 09:45:05,612 - INFO - FOLLOWING SCRAPER: Error during batch processing: list.remove(x): x not in list
2025-03-29 09:45:05,612 - INFO - FOLLOWING SCRAPER: Browser closed. Script complete.
2025-03-29 09:45:05,697 - ERROR - DEBUG: ISSUE DETECTED - Queue size didn't decrease. Before: 1862, After: 1862, Diff: 0
2025-03-29 09:45:05,697 - INFO - DEBUG: Checking for duplicates after processing
2025-03-29 09:45:05,697 - INFO - No duplicate links found in instagram_data/followingLinks.txt
2025-03-29 09:45:05,698 - INFO - remove_processed_links function is disabled to allow re-scraping of potential rate-limited accounts
2025-03-29 09:45:05,698 - INFO - Following accounts scraping session completed with result: True
2025-03-29 09:45:05,698 - INFO - Sessions completed. Waiting 0 hours and 35 minutes before next sessions...
2025-03-29 10:21:03,699 - INFO - Current counts in status file - Followers: 879, Following: 1862
2025-03-29 10:21:03,703 - INFO - Current counts in status file - Followers: 879, Following: 1862
2025-03-29 10:21:03,705 - INFO - Set today's natural break window to 14:00-16:00
2025-03-29 10:21:03,712 - INFO - Saved data to instagram_data/auto_scrape_status.json
2025-03-29 10:21:03,713 - INFO - Saved data to instagram_data/auto_scrape_status.json
2025-03-29 10:21:03,714 - INFO - Starting new scraping session
2025-03-29 10:21:03,715 - INFO - Current counts in status file - Followers: 879, Following: 1862
2025-03-29 10:21:03,715 - INFO - Already collected all following accounts (1862/1862) and followers (879/879). Skipping main scraping session.
2025-03-29 10:21:03,715 - INFO - Now running a session to scrape following accounts network data...
2025-03-29 10:21:03,715 - INFO - Starting following accounts scraping session
2025-03-29 10:21:03,715 - INFO - remove_processed_links function is disabled to allow re-scraping of potential rate-limited accounts
2025-03-29 10:21:03,715 - INFO - DEBUG: Checking for duplicates before processing
2025-03-29 10:21:03,717 - INFO - No duplicate links found in instagram_data/followingLinks.txt
2025-03-29 10:21:03,717 - INFO - DEBUG: Before processing - 1862 accounts in queue
2025-03-29 10:21:03,722 - INFO - Using random batch size of 41 accounts for this session
2025-03-29 10:22:09,172 - INFO - FOLLOWING SCRAPER: DEBUG MODE ENABLED
2025-03-29 10:22:09,173 - INFO - FOLLOWING SCRAPER: Loaded scraping progress: 1474 accounts processed
2025-03-29 10:22:09,173 - INFO - FOLLOWING SCRAPER: Will process 41 accounts in this session
2025-03-29 10:22:09,173 - INFO - FOLLOWING SCRAPER: Logged in using button: //button[contains(.,'Log in')]
2025-03-29 10:22:09,173 - INFO - FOLLOWING SCRAPER: Login might have failed. Current URL still shows login page.
2025-03-29 10:22:09,173 - INFO - FOLLOWING SCRAPER: Rate limit statistics: 1 accounts marked as rate-limited
2025-03-29 10:22:09,173 - INFO - FOLLOWING SCRAPER: Examples of rate-limited accounts: ['benton.down']
2025-03-29 10:22:09,173 - INFO - FOLLOWING SCRAPER: Loaded 1862 links from instagram_data/followingLinks.txt
2025-03-29 10:22:09,173 - INFO - FOLLOWING SCRAPER: Loaded adjacency list from instagram_data/adjList.txt
2025-03-29 10:22:09,173 - INFO - FOLLOWING SCRAPER: Deduplicating adjacency list...
2025-03-29 10:22:09,173 - INFO - FOLLOWING SCRAPER: No duplicates found in adjList.txt
2025-03-29 10:22:09,173 - INFO - FOLLOWING SCRAPER: DEBUG: Found 6161 already processed accounts in adjList.txt
2025-03-29 10:22:09,173 - INFO - FOLLOWING SCRAPER: Found 6161 accounts that have already been processed
2025-03-29 10:22:09,174 - INFO - FOLLOWING SCRAPER: Starting batch processing of 41 accounts
2025-03-29 10:22:09,174 - INFO - FOLLOWING SCRAPER: Pre-checking accounts to prioritize ones with reasonable follower/following counts...
2025-03-29 10:22:09,174 - INFO - FOLLOWING SCRAPER: ✓ shuheisakaue: Good candidate with 0 followers, 0 following
2025-03-29 10:22:09,174 - INFO - FOLLOWING SCRAPER: ✓ catsoupai: Good candidate with 0 followers, 0 following
2025-03-29 10:22:09,174 - INFO - FOLLOWING SCRAPER: ✓ soloslop.memes: Good candidate with 0 followers, 0 following
2025-03-29 10:22:09,174 - INFO - FOLLOWING SCRAPER: ✓ phillipsauction: Good candidate with 0 followers, 0 following
2025-03-29 10:22:09,174 - INFO - FOLLOWING SCRAPER: ✓ filmmovement: Good candidate with 0 followers, 0 following
2025-03-29 10:22:09,174 - INFO - FOLLOWING SCRAPER: ✓ asian_redbozicowboy: Good candidate with 0 followers, 0 following
2025-03-29 10:22:09,174 - INFO - FOLLOWING SCRAPER: ✓ ccpxi_8964: Good candidate with 0 followers, 0 following
2025-03-29 10:22:09,174 - INFO - FOLLOWING SCRAPER: ✓ ngr.ev: Good candidate with 0 followers, 0 following
2025-03-29 10:22:09,174 - INFO - FOLLOWING SCRAPER: ✓ cinema_nighttt: Good candidate with 0 followers, 0 following
2025-03-29 10:22:09,174 - INFO - FOLLOWING SCRAPER: ✓ thedizzyviper: Good candidate with 0 followers, 0 following
2025-03-29 10:22:09,174 - INFO - FOLLOWING SCRAPER: ✓ laclefrevival: Good candidate with 0 followers, 0 following
2025-03-29 10:22:09,174 - INFO - FOLLOWING SCRAPER: ✓ byboyfantasy: Good candidate with 0 followers, 0 following
2025-03-29 10:22:09,174 - INFO - FOLLOWING SCRAPER: ✓ manofdutch: Good candidate with 0 followers, 0 following
2025-03-29 10:22:09,174 - INFO - FOLLOWING SCRAPER: ✓ thefineartcollective: Good candidate with 0 followers, 0 following
2025-03-29 10:22:09,174 - INFO - FOLLOWING SCRAPER: Found 14 accounts with reasonable follower/following counts
2025-03-29 10:22:09,174 - INFO - FOLLOWING SCRAPER: DEBUG: Sanitizing and saving 1862 links
2025-03-29 10:22:09,174 - INFO - FOLLOWING SCRAPER: DEBUG: After sanitization: 1862 links (removed 0)
2025-03-29 10:22:09,174 - INFO - FOLLOWING SCRAPER: DEBUG: Successfully saved 1862 links to instagram_data/followingLinks.txt
2025-03-29 10:22:09,174 - INFO - FOLLOWING SCRAPER: Links reordered to prioritize accounts with reasonable follower/following counts
2025-03-29 10:22:09,174 - INFO - FOLLOWING SCRAPER: Randomly selecting 41 accounts from 1862 available accounts
2025-03-29 10:22:09,174 - INFO - FOLLOWING SCRAPER: DEBUG: Processing randomly selected link #1331/1862: https://www.instagram.com/qingtian0702/
2025-03-29 10:22:09,174 - INFO - FOLLOWING SCRAPER: DEBUG: Before processing - 1862 links in queue
2025-03-29 10:22:09,174 - INFO - FOLLOWING SCRAPER: DEBUG: Account qingtian0702 in progress data with rate_limited=False
2025-03-29 10:22:09,174 - INFO - FOLLOWING SCRAPER: DEBUG: Skipping already processed account: qingtian0702
2025-03-29 10:22:09,174 - INFO - FOLLOWING SCRAPER: Error during batch processing: list.remove(x): x not in list
2025-03-29 10:22:09,174 - INFO - FOLLOWING SCRAPER: Browser closed. Script complete.
2025-03-29 10:22:09,242 - ERROR - DEBUG: ISSUE DETECTED - Queue size didn't decrease. Before: 1862, After: 1862, Diff: 0
2025-03-29 10:22:09,242 - INFO - DEBUG: Checking for duplicates after processing
2025-03-29 10:22:09,243 - INFO - No duplicate links found in instagram_data/followingLinks.txt
2025-03-29 10:22:09,247 - INFO - remove_processed_links function is disabled to allow re-scraping of potential rate-limited accounts
2025-03-29 10:22:09,248 - INFO - Following accounts scraping session completed with result: True
2025-03-29 10:22:09,248 - INFO - Sessions completed. Waiting 0 hours and 20 minutes before next sessions...
2025-03-29 10:42:44,285 - INFO - Current counts in status file - Followers: 879, Following: 1862
2025-03-29 10:42:44,287 - INFO - Current counts in status file - Followers: 879, Following: 1862
2025-03-29 10:42:44,288 - INFO - Set today's natural break window to 11:00-13:00
2025-03-29 10:42:44,289 - INFO - Saved data to instagram_data/auto_scrape_status.json
2025-03-29 10:42:44,290 - INFO - Saved data to instagram_data/auto_scrape_status.json
2025-03-29 10:42:44,290 - INFO - Starting new scraping session
2025-03-29 10:42:44,290 - INFO - Current counts in status file - Followers: 879, Following: 1862
2025-03-29 10:42:44,290 - INFO - Already collected all following accounts (1862/1862) and followers (879/879). Skipping main scraping session.
2025-03-29 10:42:44,290 - INFO - Now running a session to scrape following accounts network data...
2025-03-29 10:42:44,291 - INFO - Starting following accounts scraping session
2025-03-29 10:42:44,291 - INFO - remove_processed_links function is disabled to allow re-scraping of potential rate-limited accounts
2025-03-29 10:42:44,291 - INFO - DEBUG: Checking for duplicates before processing
2025-03-29 10:42:44,294 - INFO - No duplicate links found in instagram_data/followingLinks.txt
2025-03-29 10:42:44,294 - INFO - DEBUG: Before processing - 1862 accounts in queue
2025-03-29 10:42:44,298 - INFO - Using random batch size of 59 accounts for this session
2025-03-29 10:43:47,101 - INFO - FOLLOWING SCRAPER: DEBUG MODE ENABLED
2025-03-29 10:43:47,102 - INFO - FOLLOWING SCRAPER: Loaded scraping progress: 1474 accounts processed
2025-03-29 10:43:47,102 - INFO - FOLLOWING SCRAPER: Will process 59 accounts in this session
2025-03-29 10:43:47,102 - INFO - FOLLOWING SCRAPER: Logged in using button: //button[contains(.,'Log in')]
2025-03-29 10:43:47,102 - INFO - FOLLOWING SCRAPER: Login might have failed. Current URL still shows login page.
2025-03-29 10:43:47,102 - INFO - FOLLOWING SCRAPER: Rate limit statistics: 1 accounts marked as rate-limited
2025-03-29 10:43:47,102 - INFO - FOLLOWING SCRAPER: Examples of rate-limited accounts: ['benton.down']
2025-03-29 10:43:47,102 - INFO - FOLLOWING SCRAPER: Loaded 1862 links from instagram_data/followingLinks.txt
2025-03-29 10:43:47,102 - INFO - FOLLOWING SCRAPER: Loaded adjacency list from instagram_data/adjList.txt
2025-03-29 10:43:47,102 - INFO - FOLLOWING SCRAPER: Deduplicating adjacency list...
2025-03-29 10:43:47,102 - INFO - FOLLOWING SCRAPER: No duplicates found in adjList.txt
2025-03-29 10:43:47,102 - INFO - FOLLOWING SCRAPER: DEBUG: Found 6161 already processed accounts in adjList.txt
2025-03-29 10:43:47,102 - INFO - FOLLOWING SCRAPER: Found 6161 accounts that have already been processed
2025-03-29 10:43:47,102 - INFO - FOLLOWING SCRAPER: Starting batch processing of 59 accounts
2025-03-29 10:43:47,102 - INFO - FOLLOWING SCRAPER: Pre-checking accounts to prioritize ones with reasonable follower/following counts...
2025-03-29 10:43:47,102 - INFO - FOLLOWING SCRAPER: ✓ shuheisakaue: Good candidate with 0 followers, 0 following
2025-03-29 10:43:47,102 - INFO - FOLLOWING SCRAPER: ✓ catsoupai: Good candidate with 0 followers, 0 following
2025-03-29 10:43:47,102 - INFO - FOLLOWING SCRAPER: ✓ soloslop.memes: Good candidate with 0 followers, 0 following
2025-03-29 10:43:47,102 - INFO - FOLLOWING SCRAPER: ✓ phillipsauction: Good candidate with 0 followers, 0 following
2025-03-29 10:43:47,102 - INFO - FOLLOWING SCRAPER: ✓ filmmovement: Good candidate with 0 followers, 0 following
2025-03-29 10:43:47,102 - INFO - FOLLOWING SCRAPER: ✓ asian_redbozicowboy: Good candidate with 0 followers, 0 following
2025-03-29 10:43:47,102 - INFO - FOLLOWING SCRAPER: ✓ ccpxi_8964: Good candidate with 0 followers, 0 following
2025-03-29 10:43:47,102 - INFO - FOLLOWING SCRAPER: ✓ ngr.ev: Good candidate with 0 followers, 0 following
2025-03-29 10:43:47,102 - INFO - FOLLOWING SCRAPER: ✓ cinema_nighttt: Good candidate with 0 followers, 0 following
2025-03-29 10:43:47,102 - INFO - FOLLOWING SCRAPER: ✓ thedizzyviper: Good candidate with 0 followers, 0 following
2025-03-29 10:43:47,102 - INFO - FOLLOWING SCRAPER: ✓ laclefrevival: Good candidate with 0 followers, 0 following
2025-03-29 10:43:47,102 - INFO - FOLLOWING SCRAPER: ✓ byboyfantasy: Good candidate with 0 followers, 0 following
2025-03-29 10:43:47,102 - INFO - FOLLOWING SCRAPER: ✓ manofdutch: Good candidate with 0 followers, 0 following
2025-03-29 10:43:47,102 - INFO - FOLLOWING SCRAPER: ✓ thefineartcollective: Good candidate with 0 followers, 0 following
2025-03-29 10:43:47,102 - INFO - FOLLOWING SCRAPER: Found 14 accounts with reasonable follower/following counts
2025-03-29 10:43:47,102 - INFO - FOLLOWING SCRAPER: DEBUG: Sanitizing and saving 1862 links
2025-03-29 10:43:47,102 - INFO - FOLLOWING SCRAPER: DEBUG: After sanitization: 1862 links (removed 0)
2025-03-29 10:43:47,102 - INFO - FOLLOWING SCRAPER: DEBUG: Successfully saved 1862 links to instagram_data/followingLinks.txt
2025-03-29 10:43:47,102 - INFO - FOLLOWING SCRAPER: Links reordered to prioritize accounts with reasonable follower/following counts
2025-03-29 10:43:47,102 - INFO - FOLLOWING SCRAPER: Randomly selecting 59 accounts from 1862 available accounts
2025-03-29 10:43:47,102 - INFO - FOLLOWING SCRAPER: DEBUG: Processing randomly selected link #1673/1862: https://www.instagram.com/sunnyl_lsunny/
2025-03-29 10:43:47,102 - INFO - FOLLOWING SCRAPER: DEBUG: Before processing - 1862 links in queue
2025-03-29 10:43:47,102 - INFO - FOLLOWING SCRAPER: DEBUG: Skipping already processed account: sunnyl_lsunny
2025-03-29 10:43:47,102 - INFO - FOLLOWING SCRAPER: Error during batch processing: list.remove(x): x not in list
2025-03-29 10:43:47,102 - INFO - FOLLOWING SCRAPER: Browser closed. Script complete.
2025-03-29 10:43:47,151 - ERROR - DEBUG: ISSUE DETECTED - Queue size didn't decrease. Before: 1862, After: 1862, Diff: 0
2025-03-29 10:43:47,152 - INFO - DEBUG: Checking for duplicates after processing
2025-03-29 10:43:47,152 - INFO - No duplicate links found in instagram_data/followingLinks.txt
2025-03-29 10:43:47,152 - INFO - remove_processed_links function is disabled to allow re-scraping of potential rate-limited accounts
2025-03-29 10:43:47,152 - INFO - Following accounts scraping session completed with result: True
2025-03-29 10:43:47,152 - INFO - Sessions completed. Waiting 0 hours and 30 minutes before next sessions...
2025-03-29 11:14:33,167 - INFO - Current counts in status file - Followers: 879, Following: 1862
2025-03-29 11:14:33,170 - INFO - Current counts in status file - Followers: 879, Following: 1862
2025-03-29 11:14:33,171 - INFO - Set today's natural break window to 16:00-18:00
2025-03-29 11:14:33,173 - INFO - Saved data to instagram_data/auto_scrape_status.json
2025-03-29 11:14:33,173 - INFO - Saved data to instagram_data/auto_scrape_status.json
2025-03-29 11:14:33,173 - INFO - Starting new scraping session
2025-03-29 11:14:33,174 - INFO - Current counts in status file - Followers: 879, Following: 1862
2025-03-29 11:14:33,174 - INFO - Already collected all following accounts (1862/1862) and followers (879/879). Skipping main scraping session.
2025-03-29 11:14:33,174 - INFO - Now running a session to scrape following accounts network data...
2025-03-29 11:14:33,174 - INFO - Starting following accounts scraping session
2025-03-29 11:14:33,174 - INFO - remove_processed_links function is disabled to allow re-scraping of potential rate-limited accounts
2025-03-29 11:14:33,174 - INFO - DEBUG: Checking for duplicates before processing
2025-03-29 11:14:33,176 - INFO - No duplicate links found in instagram_data/followingLinks.txt
2025-03-29 11:14:33,177 - INFO - DEBUG: Before processing - 1862 accounts in queue
2025-03-29 11:14:33,181 - INFO - Using random batch size of 58 accounts for this session
2025-03-29 11:15:37,830 - INFO - FOLLOWING SCRAPER: DEBUG MODE ENABLED
2025-03-29 11:15:37,830 - INFO - FOLLOWING SCRAPER: Loaded scraping progress: 1474 accounts processed
2025-03-29 11:15:37,830 - INFO - FOLLOWING SCRAPER: Will process 58 accounts in this session
2025-03-29 11:15:37,830 - INFO - FOLLOWING SCRAPER: Logged in using button: //button[contains(.,'Log in')]
2025-03-29 11:15:37,830 - INFO - FOLLOWING SCRAPER: Login might have failed. Current URL still shows login page.
2025-03-29 11:15:37,830 - INFO - FOLLOWING SCRAPER: Rate limit statistics: 1 accounts marked as rate-limited
2025-03-29 11:15:37,831 - INFO - FOLLOWING SCRAPER: Examples of rate-limited accounts: ['benton.down']
2025-03-29 11:15:37,831 - INFO - FOLLOWING SCRAPER: Loaded 1862 links from instagram_data/followingLinks.txt
2025-03-29 11:15:37,831 - INFO - FOLLOWING SCRAPER: Loaded adjacency list from instagram_data/adjList.txt
2025-03-29 11:15:37,831 - INFO - FOLLOWING SCRAPER: Deduplicating adjacency list...
2025-03-29 11:15:37,831 - INFO - FOLLOWING SCRAPER: No duplicates found in adjList.txt
2025-03-29 11:15:37,831 - INFO - FOLLOWING SCRAPER: DEBUG: Found 6161 already processed accounts in adjList.txt
2025-03-29 11:15:37,831 - INFO - FOLLOWING SCRAPER: Found 6161 accounts that have already been processed
2025-03-29 11:15:37,831 - INFO - FOLLOWING SCRAPER: Starting batch processing of 58 accounts
2025-03-29 11:15:37,831 - INFO - FOLLOWING SCRAPER: Pre-checking accounts to prioritize ones with reasonable follower/following counts...
2025-03-29 11:15:37,831 - INFO - FOLLOWING SCRAPER: ✓ shuheisakaue: Good candidate with 0 followers, 0 following
2025-03-29 11:15:37,831 - INFO - FOLLOWING SCRAPER: ✓ catsoupai: Good candidate with 0 followers, 0 following
2025-03-29 11:15:37,831 - INFO - FOLLOWING SCRAPER: ✓ soloslop.memes: Good candidate with 0 followers, 0 following
2025-03-29 11:15:37,831 - INFO - FOLLOWING SCRAPER: ✓ phillipsauction: Good candidate with 0 followers, 0 following
2025-03-29 11:15:37,831 - INFO - FOLLOWING SCRAPER: ✓ filmmovement: Good candidate with 0 followers, 0 following
2025-03-29 11:15:37,831 - INFO - FOLLOWING SCRAPER: ✓ asian_redbozicowboy: Good candidate with 0 followers, 0 following
2025-03-29 11:15:37,831 - INFO - FOLLOWING SCRAPER: ✓ ccpxi_8964: Good candidate with 0 followers, 0 following
2025-03-29 11:15:37,831 - INFO - FOLLOWING SCRAPER: ✓ ngr.ev: Good candidate with 0 followers, 0 following
2025-03-29 11:15:37,831 - INFO - FOLLOWING SCRAPER: ✓ cinema_nighttt: Good candidate with 0 followers, 0 following
2025-03-29 11:15:37,831 - INFO - FOLLOWING SCRAPER: ✓ thedizzyviper: Good candidate with 0 followers, 0 following
2025-03-29 11:15:37,831 - INFO - FOLLOWING SCRAPER: ✓ laclefrevival: Good candidate with 0 followers, 0 following
2025-03-29 11:15:37,831 - INFO - FOLLOWING SCRAPER: ✓ byboyfantasy: Good candidate with 0 followers, 0 following
2025-03-29 11:15:37,831 - INFO - FOLLOWING SCRAPER: ✓ manofdutch: Good candidate with 0 followers, 0 following
2025-03-29 11:15:37,831 - INFO - FOLLOWING SCRAPER: ✓ thefineartcollective: Good candidate with 0 followers, 0 following
2025-03-29 11:15:37,831 - INFO - FOLLOWING SCRAPER: Found 14 accounts with reasonable follower/following counts
2025-03-29 11:15:37,831 - INFO - FOLLOWING SCRAPER: DEBUG: Sanitizing and saving 1862 links
2025-03-29 11:15:37,831 - INFO - FOLLOWING SCRAPER: DEBUG: After sanitization: 1862 links (removed 0)
2025-03-29 11:15:37,831 - INFO - FOLLOWING SCRAPER: DEBUG: Successfully saved 1862 links to instagram_data/followingLinks.txt
2025-03-29 11:15:37,831 - INFO - FOLLOWING SCRAPER: Links reordered to prioritize accounts with reasonable follower/following counts
2025-03-29 11:15:37,831 - INFO - FOLLOWING SCRAPER: Randomly selecting 58 accounts from 1862 available accounts
2025-03-29 11:15:37,831 - INFO - FOLLOWING SCRAPER: DEBUG: Processing randomly selected link #70/1862: https://www.instagram.com/thisislandscape/
2025-03-29 11:15:37,831 - INFO - FOLLOWING SCRAPER: DEBUG: Before processing - 1862 links in queue
2025-03-29 11:15:37,831 - INFO - FOLLOWING SCRAPER: DEBUG: Account thisislandscape in progress data with rate_limited=False
2025-03-29 11:15:37,831 - INFO - FOLLOWING SCRAPER: DEBUG: Skipping already processed account: thisislandscape
2025-03-29 11:15:37,831 - INFO - FOLLOWING SCRAPER: Error during batch processing: list.remove(x): x not in list
2025-03-29 11:15:37,831 - INFO - FOLLOWING SCRAPER: Browser closed. Script complete.
2025-03-29 11:15:37,882 - ERROR - DEBUG: ISSUE DETECTED - Queue size didn't decrease. Before: 1862, After: 1862, Diff: 0
2025-03-29 11:15:37,882 - INFO - DEBUG: Checking for duplicates after processing
2025-03-29 11:15:37,883 - INFO - No duplicate links found in instagram_data/followingLinks.txt
2025-03-29 11:15:37,883 - INFO - remove_processed_links function is disabled to allow re-scraping of potential rate-limited accounts
2025-03-29 11:15:37,883 - INFO - Following accounts scraping session completed with result: True
2025-03-29 11:15:37,883 - INFO - Sessions completed. Waiting 0 hours and 25 minutes before next sessions...
2025-03-29 11:41:28,899 - INFO - Current counts in status file - Followers: 879, Following: 1862
2025-03-29 11:41:28,902 - INFO - Current counts in status file - Followers: 879, Following: 1862
2025-03-29 11:41:28,904 - INFO - Set today's natural break window to 11:00-13:00
2025-03-29 11:41:28,905 - INFO - Saved data to instagram_data/auto_scrape_status.json
2025-03-29 11:41:28,905 - INFO - It's 11:41, taking a natural break to appear more human-like.
2025-03-29 11:41:28,905 - INFO - Will take a 128 minute break and resume at approximately 13:49
2025-03-29 11:41:28,906 - INFO - Saved data to instagram_data/auto_scrape_status.json
2025-03-29 14:12:19,989 - INFO - Natural break complete, resuming operations
2025-03-29 14:12:19,993 - INFO - Starting new scraping session
2025-03-29 14:12:19,998 - INFO - Current counts in status file - Followers: 879, Following: 1862
2025-03-29 14:12:19,998 - INFO - Already collected all following accounts (1862/1862) and followers (879/879). Skipping main scraping session.
2025-03-29 14:12:19,999 - INFO - Now running a session to scrape following accounts network data...
2025-03-29 14:12:20,000 - INFO - Starting following accounts scraping session
2025-03-29 14:12:20,000 - INFO - remove_processed_links function is disabled to allow re-scraping of potential rate-limited accounts
2025-03-29 14:12:20,000 - INFO - DEBUG: Checking for duplicates before processing
2025-03-29 14:12:20,010 - INFO - No duplicate links found in instagram_data/followingLinks.txt
2025-03-29 14:12:20,011 - INFO - DEBUG: Before processing - 1862 accounts in queue
2025-03-29 14:12:20,025 - INFO - Using random batch size of 51 accounts for this session
2025-03-29 14:13:44,893 - INFO - FOLLOWING SCRAPER: DEBUG MODE ENABLED
2025-03-29 14:13:44,893 - INFO - FOLLOWING SCRAPER: Loaded scraping progress: 1474 accounts processed
2025-03-29 14:13:44,894 - INFO - FOLLOWING SCRAPER: Will process 51 accounts in this session
2025-03-29 14:13:44,894 - INFO - FOLLOWING SCRAPER: Logged in using button: //button[contains(.,'Log in')]
2025-03-29 14:13:44,894 - INFO - FOLLOWING SCRAPER: Login might have failed. Current URL still shows login page.
2025-03-29 14:13:44,894 - INFO - FOLLOWING SCRAPER: Rate limit statistics: 1 accounts marked as rate-limited
2025-03-29 14:13:44,894 - INFO - FOLLOWING SCRAPER: Examples of rate-limited accounts: ['benton.down']
2025-03-29 14:13:44,894 - INFO - FOLLOWING SCRAPER: Loaded 1862 links from instagram_data/followingLinks.txt
2025-03-29 14:13:44,894 - INFO - FOLLOWING SCRAPER: Loaded adjacency list from instagram_data/adjList.txt
2025-03-29 14:13:44,894 - INFO - FOLLOWING SCRAPER: Deduplicating adjacency list...
2025-03-29 14:13:44,894 - INFO - FOLLOWING SCRAPER: No duplicates found in adjList.txt
2025-03-29 14:13:44,894 - INFO - FOLLOWING SCRAPER: DEBUG: Found 6161 already processed accounts in adjList.txt
2025-03-29 14:13:44,894 - INFO - FOLLOWING SCRAPER: Found 6161 accounts that have already been processed
2025-03-29 14:13:44,894 - INFO - FOLLOWING SCRAPER: Starting batch processing of 51 accounts
2025-03-29 14:13:44,894 - INFO - FOLLOWING SCRAPER: Pre-checking accounts to prioritize ones with reasonable follower/following counts...
2025-03-29 14:13:44,894 - INFO - FOLLOWING SCRAPER: ✓ shuheisakaue: Good candidate with 0 followers, 0 following
2025-03-29 14:13:44,894 - INFO - FOLLOWING SCRAPER: ✓ catsoupai: Good candidate with 0 followers, 0 following
2025-03-29 14:13:44,894 - INFO - FOLLOWING SCRAPER: ✓ soloslop.memes: Good candidate with 0 followers, 0 following
2025-03-29 14:13:44,894 - INFO - FOLLOWING SCRAPER: ✓ phillipsauction: Good candidate with 0 followers, 0 following
2025-03-29 14:13:44,894 - INFO - FOLLOWING SCRAPER: ✓ filmmovement: Good candidate with 0 followers, 0 following
2025-03-29 14:13:44,894 - INFO - FOLLOWING SCRAPER: ✓ asian_redbozicowboy: Good candidate with 0 followers, 0 following
2025-03-29 14:13:44,894 - INFO - FOLLOWING SCRAPER: ✓ ccpxi_8964: Good candidate with 0 followers, 0 following
2025-03-29 14:13:44,894 - INFO - FOLLOWING SCRAPER: ✓ ngr.ev: Good candidate with 0 followers, 0 following
2025-03-29 14:13:44,894 - INFO - FOLLOWING SCRAPER: ✓ cinema_nighttt: Good candidate with 0 followers, 0 following
2025-03-29 14:13:44,894 - INFO - FOLLOWING SCRAPER: ✓ thedizzyviper: Good candidate with 179 followers, 903 following
2025-03-29 14:13:44,894 - INFO - FOLLOWING SCRAPER: ✓ laclefrevival: Good candidate with 0 followers, 0 following
2025-03-29 14:13:44,894 - INFO - FOLLOWING SCRAPER: ✓ byboyfantasy: Good candidate with 0 followers, 0 following
2025-03-29 14:13:44,894 - INFO - FOLLOWING SCRAPER: ✓ manofdutch: Good candidate with 0 followers, 0 following
2025-03-29 14:13:44,894 - INFO - FOLLOWING SCRAPER: ✓ thefineartcollective: Good candidate with 0 followers, 0 following
2025-03-29 14:13:44,894 - INFO - FOLLOWING SCRAPER: Found 14 accounts with reasonable follower/following counts
2025-03-29 14:13:44,894 - INFO - FOLLOWING SCRAPER: DEBUG: Sanitizing and saving 1862 links
2025-03-29 14:13:44,894 - INFO - FOLLOWING SCRAPER: DEBUG: After sanitization: 1862 links (removed 0)
2025-03-29 14:13:44,894 - INFO - FOLLOWING SCRAPER: DEBUG: Successfully saved 1862 links to instagram_data/followingLinks.txt
2025-03-29 14:13:44,894 - INFO - FOLLOWING SCRAPER: Links reordered to prioritize accounts with reasonable follower/following counts
2025-03-29 14:13:44,894 - INFO - FOLLOWING SCRAPER: Randomly selecting 51 accounts from 1862 available accounts
2025-03-29 14:13:44,894 - INFO - FOLLOWING SCRAPER: DEBUG: Processing randomly selected link #1486/1862: https://www.instagram.com/whywelook/
2025-03-29 14:13:44,894 - INFO - FOLLOWING SCRAPER: DEBUG: Before processing - 1862 links in queue
2025-03-29 14:13:44,894 - INFO - FOLLOWING SCRAPER: DEBUG: Account whywelook in progress data with rate_limited=False
2025-03-29 14:13:44,894 - INFO - FOLLOWING SCRAPER: DEBUG: Skipping already processed account: whywelook
2025-03-29 14:13:44,894 - INFO - FOLLOWING SCRAPER: Error during batch processing: list.remove(x): x not in list
2025-03-29 14:13:44,894 - INFO - FOLLOWING SCRAPER: Browser closed. Script complete.
2025-03-29 14:13:45,037 - ERROR - DEBUG: ISSUE DETECTED - Queue size didn't decrease. Before: 1862, After: 1862, Diff: 0
2025-03-29 14:13:45,041 - INFO - DEBUG: Checking for duplicates after processing
2025-03-29 14:13:45,041 - INFO - No duplicate links found in instagram_data/followingLinks.txt
2025-03-29 14:13:45,042 - INFO - remove_processed_links function is disabled to allow re-scraping of potential rate-limited accounts
2025-03-29 14:13:45,042 - INFO - Following accounts scraping session completed with result: True
2025-03-29 14:13:45,042 - INFO - Sessions completed. Waiting 0 hours and 31 minutes before next sessions...
2025-03-29 14:45:21,003 - INFO - Current counts in status file - Followers: 879, Following: 1862
2025-03-29 14:45:21,006 - INFO - Current counts in status file - Followers: 879, Following: 1862
2025-03-29 14:45:21,007 - INFO - Set today's natural break window to 11:00-13:00
2025-03-29 14:45:21,008 - INFO - Saved data to instagram_data/auto_scrape_status.json
2025-03-29 14:45:21,009 - INFO - Saved data to instagram_data/auto_scrape_status.json
2025-03-29 14:45:21,009 - INFO - Starting new scraping session
2025-03-29 14:45:21,009 - INFO - Current counts in status file - Followers: 879, Following: 1862
2025-03-29 14:45:21,009 - INFO - Already collected all following accounts (1862/1862) and followers (879/879). Skipping main scraping session.
2025-03-29 14:45:21,009 - INFO - Now running a session to scrape following accounts network data...
2025-03-29 14:45:21,009 - INFO - Starting following accounts scraping session
2025-03-29 14:45:21,009 - INFO - remove_processed_links function is disabled to allow re-scraping of potential rate-limited accounts
2025-03-29 14:45:21,009 - INFO - DEBUG: Checking for duplicates before processing
2025-03-29 14:45:21,012 - INFO - No duplicate links found in instagram_data/followingLinks.txt
2025-03-29 14:45:21,012 - INFO - DEBUG: Before processing - 1862 accounts in queue
2025-03-29 14:45:21,017 - INFO - Using random batch size of 44 accounts for this session
2025-03-29 14:46:22,819 - INFO - FOLLOWING SCRAPER: DEBUG MODE ENABLED
2025-03-29 14:46:22,820 - INFO - FOLLOWING SCRAPER: Loaded scraping progress: 1474 accounts processed
2025-03-29 14:46:22,820 - INFO - FOLLOWING SCRAPER: Will process 44 accounts in this session
2025-03-29 14:46:22,820 - INFO - FOLLOWING SCRAPER: Logged in using button: //button[contains(.,'Log in')]
2025-03-29 14:46:22,820 - INFO - FOLLOWING SCRAPER: Login might have failed. Current URL still shows login page.
2025-03-29 14:46:22,820 - INFO - FOLLOWING SCRAPER: Rate limit statistics: 1 accounts marked as rate-limited
2025-03-29 14:46:22,820 - INFO - FOLLOWING SCRAPER: Examples of rate-limited accounts: ['benton.down']
2025-03-29 14:46:22,820 - INFO - FOLLOWING SCRAPER: Loaded 1862 links from instagram_data/followingLinks.txt
2025-03-29 14:46:22,820 - INFO - FOLLOWING SCRAPER: Loaded adjacency list from instagram_data/adjList.txt
2025-03-29 14:46:22,820 - INFO - FOLLOWING SCRAPER: Deduplicating adjacency list...
2025-03-29 14:46:22,820 - INFO - FOLLOWING SCRAPER: No duplicates found in adjList.txt
2025-03-29 14:46:22,820 - INFO - FOLLOWING SCRAPER: DEBUG: Found 6161 already processed accounts in adjList.txt
2025-03-29 14:46:22,820 - INFO - FOLLOWING SCRAPER: Found 6161 accounts that have already been processed
2025-03-29 14:46:22,820 - INFO - FOLLOWING SCRAPER: Starting batch processing of 44 accounts
2025-03-29 14:46:22,820 - INFO - FOLLOWING SCRAPER: Pre-checking accounts to prioritize ones with reasonable follower/following counts...
2025-03-29 14:46:22,820 - INFO - FOLLOWING SCRAPER: ✓ shuheisakaue: Good candidate with 0 followers, 0 following
2025-03-29 14:46:22,820 - INFO - FOLLOWING SCRAPER: ✓ catsoupai: Good candidate with 0 followers, 0 following
2025-03-29 14:46:22,820 - INFO - FOLLOWING SCRAPER: ✓ soloslop.memes: Good candidate with 0 followers, 0 following
2025-03-29 14:46:22,820 - INFO - FOLLOWING SCRAPER: ✓ phillipsauction: Good candidate with 0 followers, 0 following
2025-03-29 14:46:22,820 - INFO - FOLLOWING SCRAPER: ✓ filmmovement: Good candidate with 0 followers, 0 following
2025-03-29 14:46:22,821 - INFO - FOLLOWING SCRAPER: ✓ asian_redbozicowboy: Good candidate with 0 followers, 0 following
2025-03-29 14:46:22,821 - INFO - FOLLOWING SCRAPER: ✓ ccpxi_8964: Good candidate with 0 followers, 0 following
2025-03-29 14:46:22,821 - INFO - FOLLOWING SCRAPER: ✓ ngr.ev: Good candidate with 0 followers, 0 following
2025-03-29 14:46:22,821 - INFO - FOLLOWING SCRAPER: ✓ cinema_nighttt: Good candidate with 0 followers, 0 following
2025-03-29 14:46:22,821 - INFO - FOLLOWING SCRAPER: ✓ thedizzyviper: Good candidate with 0 followers, 0 following
2025-03-29 14:46:22,821 - INFO - FOLLOWING SCRAPER: ✓ laclefrevival: Good candidate with 0 followers, 0 following
2025-03-29 14:46:22,821 - INFO - FOLLOWING SCRAPER: ✓ byboyfantasy: Good candidate with 0 followers, 0 following
2025-03-29 14:46:22,821 - INFO - FOLLOWING SCRAPER: ✓ manofdutch: Good candidate with 0 followers, 0 following
2025-03-29 14:46:22,821 - INFO - FOLLOWING SCRAPER: ✓ thefineartcollective: Good candidate with 0 followers, 0 following
2025-03-29 14:46:22,821 - INFO - FOLLOWING SCRAPER: Found 14 accounts with reasonable follower/following counts
2025-03-29 14:46:22,821 - INFO - FOLLOWING SCRAPER: DEBUG: Sanitizing and saving 1862 links
2025-03-29 14:46:22,821 - INFO - FOLLOWING SCRAPER: DEBUG: After sanitization: 1862 links (removed 0)
2025-03-29 14:46:22,821 - INFO - FOLLOWING SCRAPER: DEBUG: Successfully saved 1862 links to instagram_data/followingLinks.txt
2025-03-29 14:46:22,821 - INFO - FOLLOWING SCRAPER: Links reordered to prioritize accounts with reasonable follower/following counts
2025-03-29 14:46:22,821 - INFO - FOLLOWING SCRAPER: Randomly selecting 44 accounts from 1862 available accounts
2025-03-29 14:46:22,821 - INFO - FOLLOWING SCRAPER: DEBUG: Processing randomly selected link #1837/1862: https://www.instagram.com/cccathycc/
2025-03-29 14:46:22,822 - INFO - FOLLOWING SCRAPER: DEBUG: Before processing - 1862 links in queue
2025-03-29 14:46:22,822 - INFO - FOLLOWING SCRAPER: DEBUG: Account cccathycc in progress data with rate_limited=False
2025-03-29 14:46:22,822 - INFO - FOLLOWING SCRAPER: Processing: https://www.instagram.com/cccathycc/
2025-03-29 14:46:22,822 - INFO - FOLLOWING SCRAPER: Account cccathycc already fully processed. Skipping.
2025-03-29 14:46:22,822 - INFO - FOLLOWING SCRAPER: DEBUG: Removing link from queue: https://www.instagram.com/cccathycc/
2025-03-29 14:46:22,822 - INFO - FOLLOWING SCRAPER: Error processing https://www.instagram.com/cccathycc/: list.remove(x): x not in list
2025-03-29 14:46:22,822 - INFO - FOLLOWING SCRAPER: DEBUG: Moving failed link to end of queue: https://www.instagram.com/cccathycc/
2025-03-29 14:46:22,822 - INFO - FOLLOWING SCRAPER: Error during batch processing: list.remove(x): x not in list
2025-03-29 14:46:22,822 - INFO - FOLLOWING SCRAPER: Browser closed. Script complete.
2025-03-29 14:46:22,916 - ERROR - DEBUG: ISSUE DETECTED - Queue size didn't decrease. Before: 1862, After: 1862, Diff: 0
2025-03-29 14:46:22,916 - INFO - DEBUG: Checking for duplicates after processing
2025-03-29 14:46:22,917 - INFO - No duplicate links found in instagram_data/followingLinks.txt
2025-03-29 14:46:22,917 - INFO - remove_processed_links function is disabled to allow re-scraping of potential rate-limited accounts
2025-03-29 14:46:22,917 - INFO - Following accounts scraping session completed with result: True
2025-03-29 14:46:22,917 - INFO - Sessions completed. Waiting 0 hours and 30 minutes before next sessions...
2025-03-29 15:16:58,014 - INFO - Current counts in status file - Followers: 879, Following: 1862
2025-03-29 15:16:58,016 - INFO - Current counts in status file - Followers: 879, Following: 1862
2025-03-29 15:16:58,018 - INFO - Set today's natural break window to 14:00-16:00
2025-03-29 15:16:58,021 - INFO - Saved data to instagram_data/auto_scrape_status.json
2025-03-29 15:16:58,021 - INFO - It's 15:16, taking a natural break to appear more human-like.
2025-03-29 15:16:58,021 - INFO - Will take a 128 minute break and resume at approximately 17:24
2025-03-29 15:16:58,023 - INFO - Saved data to instagram_data/auto_scrape_status.json
2025-03-29 17:42:05,507 - INFO - Natural break complete, resuming operations
2025-03-29 17:42:05,508 - INFO - Starting new scraping session
2025-03-29 17:42:05,511 - INFO - Current counts in status file - Followers: 879, Following: 1862
2025-03-29 17:42:05,511 - INFO - Already collected all following accounts (1862/1862) and followers (879/879). Skipping main scraping session.
2025-03-29 17:42:05,512 - INFO - Now running a session to scrape following accounts network data...
2025-03-29 17:42:05,512 - INFO - Starting following accounts scraping session
2025-03-29 17:42:05,512 - INFO - remove_processed_links function is disabled to allow re-scraping of potential rate-limited accounts
2025-03-29 17:42:05,512 - INFO - DEBUG: Checking for duplicates before processing
2025-03-29 17:42:05,521 - INFO - No duplicate links found in instagram_data/followingLinks.txt
2025-03-29 17:42:05,523 - INFO - DEBUG: Before processing - 1862 accounts in queue
2025-03-29 17:42:05,529 - INFO - Using random batch size of 54 accounts for this session
2025-03-29 17:43:07,427 - INFO - FOLLOWING SCRAPER: DEBUG MODE ENABLED
2025-03-29 17:43:07,428 - INFO - FOLLOWING SCRAPER: Loaded scraping progress: 1474 accounts processed
2025-03-29 17:43:07,428 - INFO - FOLLOWING SCRAPER: Will process 54 accounts in this session
2025-03-29 17:43:07,428 - INFO - FOLLOWING SCRAPER: Logged in using button: //button[contains(.,'Log in')]
2025-03-29 17:43:07,428 - INFO - FOLLOWING SCRAPER: Login might have failed. Current URL still shows login page.
2025-03-29 17:43:07,428 - INFO - FOLLOWING SCRAPER: Rate limit statistics: 1 accounts marked as rate-limited
2025-03-29 17:43:07,428 - INFO - FOLLOWING SCRAPER: Examples of rate-limited accounts: ['benton.down']
2025-03-29 17:43:07,428 - INFO - FOLLOWING SCRAPER: Loaded 1862 links from instagram_data/followingLinks.txt
2025-03-29 17:43:07,428 - INFO - FOLLOWING SCRAPER: Loaded adjacency list from instagram_data/adjList.txt
2025-03-29 17:43:07,428 - INFO - FOLLOWING SCRAPER: Deduplicating adjacency list...
2025-03-29 17:43:07,428 - INFO - FOLLOWING SCRAPER: No duplicates found in adjList.txt
2025-03-29 17:43:07,428 - INFO - FOLLOWING SCRAPER: DEBUG: Found 6161 already processed accounts in adjList.txt
2025-03-29 17:43:07,429 - INFO - FOLLOWING SCRAPER: Found 6161 accounts that have already been processed
2025-03-29 17:43:07,429 - INFO - FOLLOWING SCRAPER: Starting batch processing of 54 accounts
2025-03-29 17:43:07,429 - INFO - FOLLOWING SCRAPER: Pre-checking accounts to prioritize ones with reasonable follower/following counts...
2025-03-29 17:43:07,429 - INFO - FOLLOWING SCRAPER: ✓ shuheisakaue: Good candidate with 0 followers, 0 following
2025-03-29 17:43:07,429 - INFO - FOLLOWING SCRAPER: ✓ catsoupai: Good candidate with 0 followers, 0 following
2025-03-29 17:43:07,429 - INFO - FOLLOWING SCRAPER: ✓ soloslop.memes: Good candidate with 0 followers, 0 following
2025-03-29 17:43:07,429 - INFO - FOLLOWING SCRAPER: ✓ phillipsauction: Good candidate with 0 followers, 0 following
2025-03-29 17:43:07,429 - INFO - FOLLOWING SCRAPER: ✓ filmmovement: Good candidate with 0 followers, 0 following
2025-03-29 17:43:07,429 - INFO - FOLLOWING SCRAPER: ✓ asian_redbozicowboy: Good candidate with 0 followers, 0 following
2025-03-29 17:43:07,429 - INFO - FOLLOWING SCRAPER: ✓ ccpxi_8964: Good candidate with 0 followers, 0 following
2025-03-29 17:43:07,430 - INFO - FOLLOWING SCRAPER: ✓ ngr.ev: Good candidate with 0 followers, 0 following
2025-03-29 17:43:07,430 - INFO - FOLLOWING SCRAPER: ✓ cinema_nighttt: Good candidate with 0 followers, 0 following
2025-03-29 17:43:07,430 - INFO - FOLLOWING SCRAPER: ✓ thedizzyviper: Good candidate with 0 followers, 0 following
2025-03-29 17:43:07,430 - INFO - FOLLOWING SCRAPER: ✓ laclefrevival: Good candidate with 0 followers, 0 following
2025-03-29 17:43:07,430 - INFO - FOLLOWING SCRAPER: ✓ byboyfantasy: Good candidate with 0 followers, 0 following
2025-03-29 17:43:07,430 - INFO - FOLLOWING SCRAPER: ✓ manofdutch: Good candidate with 0 followers, 0 following
2025-03-29 17:43:07,430 - INFO - FOLLOWING SCRAPER: ✓ thefineartcollective: Good candidate with 0 followers, 0 following
2025-03-29 17:43:07,430 - INFO - FOLLOWING SCRAPER: Found 14 accounts with reasonable follower/following counts
2025-03-29 17:43:07,430 - INFO - FOLLOWING SCRAPER: DEBUG: Sanitizing and saving 1862 links
2025-03-29 17:43:07,430 - INFO - FOLLOWING SCRAPER: DEBUG: After sanitization: 1862 links (removed 0)
2025-03-29 17:43:07,430 - INFO - FOLLOWING SCRAPER: DEBUG: Successfully saved 1862 links to instagram_data/followingLinks.txt
2025-03-29 17:43:07,431 - INFO - FOLLOWING SCRAPER: Links reordered to prioritize accounts with reasonable follower/following counts
2025-03-29 17:43:07,431 - INFO - FOLLOWING SCRAPER: Randomly selecting 54 accounts from 1862 available accounts
2025-03-29 17:43:07,431 - INFO - FOLLOWING SCRAPER: DEBUG: Processing randomly selected link #753/1862: https://www.instagram.com/sailhamptons/
2025-03-29 17:43:07,431 - INFO - FOLLOWING SCRAPER: DEBUG: Before processing - 1862 links in queue
2025-03-29 17:43:07,431 - INFO - FOLLOWING SCRAPER: DEBUG: Account sailhamptons in progress data with rate_limited=False
2025-03-29 17:43:07,431 - INFO - FOLLOWING SCRAPER: Processing: https://www.instagram.com/sailhamptons/
2025-03-29 17:43:07,431 - INFO - FOLLOWING SCRAPER: Account sailhamptons already fully processed. Skipping.
2025-03-29 17:43:07,431 - INFO - FOLLOWING SCRAPER: DEBUG: Removing link from queue: https://www.instagram.com/sailhamptons/
2025-03-29 17:43:07,431 - INFO - FOLLOWING SCRAPER: Error processing https://www.instagram.com/sailhamptons/: list.remove(x): x not in list
2025-03-29 17:43:07,431 - INFO - FOLLOWING SCRAPER: DEBUG: Moving failed link to end of queue: https://www.instagram.com/sailhamptons/
2025-03-29 17:43:07,431 - INFO - FOLLOWING SCRAPER: Error during batch processing: list.remove(x): x not in list
2025-03-29 17:43:07,431 - INFO - FOLLOWING SCRAPER: Browser closed. Script complete.
2025-03-29 17:43:07,592 - ERROR - DEBUG: ISSUE DETECTED - Queue size didn't decrease. Before: 1862, After: 1862, Diff: 0
2025-03-29 17:43:07,592 - INFO - DEBUG: Checking for duplicates after processing
2025-03-29 17:43:07,593 - INFO - No duplicate links found in instagram_data/followingLinks.txt
2025-03-29 17:43:07,594 - INFO - remove_processed_links function is disabled to allow re-scraping of potential rate-limited accounts
2025-03-29 17:43:07,596 - INFO - Following accounts scraping session completed with result: True
2025-03-29 17:43:07,596 - INFO - Sessions completed. Waiting 0 hours and 31 minutes before next sessions...
2025-03-29 18:14:19,661 - INFO - Current counts in status file - Followers: 879, Following: 1862
2025-03-29 18:14:19,663 - INFO - Current counts in status file - Followers: 879, Following: 1862
2025-03-29 18:14:19,665 - INFO - Set today's natural break window to 14:00-16:00
2025-03-29 18:14:19,667 - INFO - Saved data to instagram_data/auto_scrape_status.json
2025-03-29 18:14:19,667 - INFO - Saved data to instagram_data/auto_scrape_status.json
2025-03-29 18:14:19,667 - INFO - Starting new scraping session
2025-03-29 18:14:19,669 - INFO - Current counts in status file - Followers: 879, Following: 1862
2025-03-29 18:14:19,670 - INFO - Already collected all following accounts (1862/1862) and followers (879/879). Skipping main scraping session.
2025-03-29 18:14:19,670 - INFO - Now running a session to scrape following accounts network data...
2025-03-29 18:14:19,671 - INFO - Starting following accounts scraping session
2025-03-29 18:14:19,671 - INFO - remove_processed_links function is disabled to allow re-scraping of potential rate-limited accounts
2025-03-29 18:14:19,671 - INFO - DEBUG: Checking for duplicates before processing
2025-03-29 18:14:19,674 - INFO - No duplicate links found in instagram_data/followingLinks.txt
2025-03-29 18:14:19,674 - INFO - DEBUG: Before processing - 1862 accounts in queue
2025-03-29 18:14:19,680 - INFO - Using random batch size of 59 accounts for this session
2025-03-29 18:15:21,429 - INFO - FOLLOWING SCRAPER: DEBUG MODE ENABLED
2025-03-29 18:15:21,430 - INFO - FOLLOWING SCRAPER: Loaded scraping progress: 1474 accounts processed
2025-03-29 18:15:21,430 - INFO - FOLLOWING SCRAPER: Will process 59 accounts in this session
2025-03-29 18:15:21,430 - INFO - FOLLOWING SCRAPER: Logged in using button: //button[contains(.,'Log in')]
2025-03-29 18:15:21,430 - INFO - FOLLOWING SCRAPER: Login might have failed. Current URL still shows login page.
2025-03-29 18:15:21,430 - INFO - FOLLOWING SCRAPER: Rate limit statistics: 1 accounts marked as rate-limited
2025-03-29 18:15:21,430 - INFO - FOLLOWING SCRAPER: Examples of rate-limited accounts: ['benton.down']
2025-03-29 18:15:21,430 - INFO - FOLLOWING SCRAPER: Loaded 1862 links from instagram_data/followingLinks.txt
2025-03-29 18:15:21,430 - INFO - FOLLOWING SCRAPER: Loaded adjacency list from instagram_data/adjList.txt
2025-03-29 18:15:21,430 - INFO - FOLLOWING SCRAPER: Deduplicating adjacency list...
2025-03-29 18:15:21,430 - INFO - FOLLOWING SCRAPER: No duplicates found in adjList.txt
2025-03-29 18:15:21,430 - INFO - FOLLOWING SCRAPER: DEBUG: Found 6161 already processed accounts in adjList.txt
2025-03-29 18:15:21,430 - INFO - FOLLOWING SCRAPER: Found 6161 accounts that have already been processed
2025-03-29 18:15:21,430 - INFO - FOLLOWING SCRAPER: Starting batch processing of 59 accounts
2025-03-29 18:15:21,430 - INFO - FOLLOWING SCRAPER: Pre-checking accounts to prioritize ones with reasonable follower/following counts...
2025-03-29 18:15:21,430 - INFO - FOLLOWING SCRAPER: ✓ shuheisakaue: Good candidate with 0 followers, 0 following
2025-03-29 18:15:21,430 - INFO - FOLLOWING SCRAPER: ✓ catsoupai: Good candidate with 0 followers, 0 following
2025-03-29 18:15:21,430 - INFO - FOLLOWING SCRAPER: ✓ soloslop.memes: Good candidate with 0 followers, 0 following
2025-03-29 18:15:21,431 - INFO - FOLLOWING SCRAPER: ✓ phillipsauction: Good candidate with 0 followers, 0 following
2025-03-29 18:15:21,431 - INFO - FOLLOWING SCRAPER: ✓ filmmovement: Good candidate with 0 followers, 0 following
2025-03-29 18:15:21,431 - INFO - FOLLOWING SCRAPER: ✓ asian_redbozicowboy: Good candidate with 0 followers, 0 following
2025-03-29 18:15:21,431 - INFO - FOLLOWING SCRAPER: ✓ ccpxi_8964: Good candidate with 0 followers, 0 following
2025-03-29 18:15:21,431 - INFO - FOLLOWING SCRAPER: ✓ ngr.ev: Good candidate with 0 followers, 0 following
2025-03-29 18:15:21,431 - INFO - FOLLOWING SCRAPER: ✓ cinema_nighttt: Good candidate with 0 followers, 0 following
2025-03-29 18:15:21,431 - INFO - FOLLOWING SCRAPER: ✓ thedizzyviper: Good candidate with 0 followers, 0 following
2025-03-29 18:15:21,431 - INFO - FOLLOWING SCRAPER: ✓ laclefrevival: Good candidate with 0 followers, 0 following
2025-03-29 18:15:21,431 - INFO - FOLLOWING SCRAPER: ✓ byboyfantasy: Good candidate with 0 followers, 0 following
2025-03-29 18:15:21,431 - INFO - FOLLOWING SCRAPER: ✓ manofdutch: Good candidate with 0 followers, 0 following
2025-03-29 18:15:21,431 - INFO - FOLLOWING SCRAPER: ✓ thefineartcollective: Good candidate with 0 followers, 0 following
2025-03-29 18:15:21,431 - INFO - FOLLOWING SCRAPER: Found 14 accounts with reasonable follower/following counts
2025-03-29 18:15:21,431 - INFO - FOLLOWING SCRAPER: DEBUG: Sanitizing and saving 1862 links
2025-03-29 18:15:21,431 - INFO - FOLLOWING SCRAPER: DEBUG: After sanitization: 1862 links (removed 0)
2025-03-29 18:15:21,431 - INFO - FOLLOWING SCRAPER: DEBUG: Successfully saved 1862 links to instagram_data/followingLinks.txt
2025-03-29 18:15:21,431 - INFO - FOLLOWING SCRAPER: Links reordered to prioritize accounts with reasonable follower/following counts
2025-03-29 18:15:21,431 - INFO - FOLLOWING SCRAPER: Randomly selecting 59 accounts from 1862 available accounts
2025-03-29 18:15:21,431 - INFO - FOLLOWING SCRAPER: DEBUG: Processing randomly selected link #1423/1862: https://www.instagram.com/lh_yang997/
2025-03-29 18:15:21,431 - INFO - FOLLOWING SCRAPER: DEBUG: Before processing - 1862 links in queue
2025-03-29 18:15:21,431 - INFO - FOLLOWING SCRAPER: DEBUG: Account lh_yang997 in progress data with rate_limited=False
2025-03-29 18:15:21,431 - INFO - FOLLOWING SCRAPER: DEBUG: Skipping already processed account: lh_yang997
2025-03-29 18:15:21,431 - INFO - FOLLOWING SCRAPER: Error during batch processing: list.remove(x): x not in list
2025-03-29 18:15:21,432 - INFO - FOLLOWING SCRAPER: Browser closed. Script complete.
2025-03-29 18:15:21,474 - ERROR - DEBUG: ISSUE DETECTED - Queue size didn't decrease. Before: 1862, After: 1862, Diff: 0
2025-03-29 18:15:21,475 - INFO - DEBUG: Checking for duplicates after processing
2025-03-29 18:15:21,476 - INFO - No duplicate links found in instagram_data/followingLinks.txt
2025-03-29 18:15:21,476 - INFO - remove_processed_links function is disabled to allow re-scraping of potential rate-limited accounts
2025-03-29 18:15:21,476 - INFO - Following accounts scraping session completed with result: True
2025-03-29 18:15:21,476 - INFO - Sessions completed. Waiting 0 hours and 23 minutes before next sessions...
2025-03-29 18:38:33,500 - INFO - Current counts in status file - Followers: 879, Following: 1862
2025-03-29 18:38:33,501 - INFO - Current counts in status file - Followers: 879, Following: 1862
2025-03-29 18:38:33,501 - INFO - Set today's natural break window to 12:00-14:00
2025-03-29 18:38:33,503 - INFO - Saved data to instagram_data/auto_scrape_status.json
2025-03-29 18:38:33,503 - INFO - Saved data to instagram_data/auto_scrape_status.json
2025-03-29 18:38:33,503 - INFO - Starting new scraping session
2025-03-29 18:38:33,503 - INFO - Current counts in status file - Followers: 879, Following: 1862
2025-03-29 18:38:33,503 - INFO - Already collected all following accounts (1862/1862) and followers (879/879). Skipping main scraping session.
2025-03-29 18:38:33,503 - INFO - Now running a session to scrape following accounts network data...
2025-03-29 18:38:33,503 - INFO - Starting following accounts scraping session
2025-03-29 18:38:33,503 - INFO - remove_processed_links function is disabled to allow re-scraping of potential rate-limited accounts
2025-03-29 18:38:33,503 - INFO - DEBUG: Checking for duplicates before processing
2025-03-29 18:38:33,505 - INFO - No duplicate links found in instagram_data/followingLinks.txt
2025-03-29 18:38:33,505 - INFO - DEBUG: Before processing - 1862 accounts in queue
2025-03-29 18:38:33,509 - INFO - Using random batch size of 58 accounts for this session
2025-03-29 18:39:34,945 - INFO - FOLLOWING SCRAPER: DEBUG MODE ENABLED
2025-03-29 18:39:34,945 - INFO - FOLLOWING SCRAPER: Loaded scraping progress: 1474 accounts processed
2025-03-29 18:39:34,945 - INFO - FOLLOWING SCRAPER: Will process 58 accounts in this session
2025-03-29 18:39:34,945 - INFO - FOLLOWING SCRAPER: Logged in using button: //button[contains(.,'Log in')]
2025-03-29 18:39:34,946 - INFO - FOLLOWING SCRAPER: Login might have failed. Current URL still shows login page.
2025-03-29 18:39:34,946 - INFO - FOLLOWING SCRAPER: Rate limit statistics: 1 accounts marked as rate-limited
2025-03-29 18:39:34,946 - INFO - FOLLOWING SCRAPER: Examples of rate-limited accounts: ['benton.down']
2025-03-29 18:39:34,946 - INFO - FOLLOWING SCRAPER: Loaded 1862 links from instagram_data/followingLinks.txt
2025-03-29 18:39:34,946 - INFO - FOLLOWING SCRAPER: Loaded adjacency list from instagram_data/adjList.txt
2025-03-29 18:39:34,946 - INFO - FOLLOWING SCRAPER: Deduplicating adjacency list...
2025-03-29 18:39:34,946 - INFO - FOLLOWING SCRAPER: No duplicates found in adjList.txt
2025-03-29 18:39:34,946 - INFO - FOLLOWING SCRAPER: DEBUG: Found 6161 already processed accounts in adjList.txt
2025-03-29 18:39:34,946 - INFO - FOLLOWING SCRAPER: Found 6161 accounts that have already been processed
2025-03-29 18:39:34,946 - INFO - FOLLOWING SCRAPER: Starting batch processing of 58 accounts
2025-03-29 18:39:34,946 - INFO - FOLLOWING SCRAPER: Pre-checking accounts to prioritize ones with reasonable follower/following counts...
2025-03-29 18:39:34,946 - INFO - FOLLOWING SCRAPER: ✓ shuheisakaue: Good candidate with 0 followers, 0 following
2025-03-29 18:39:34,946 - INFO - FOLLOWING SCRAPER: ✓ catsoupai: Good candidate with 0 followers, 0 following
2025-03-29 18:39:34,946 - INFO - FOLLOWING SCRAPER: ✓ soloslop.memes: Good candidate with 0 followers, 0 following
2025-03-29 18:39:34,946 - INFO - FOLLOWING SCRAPER: ✓ phillipsauction: Good candidate with 0 followers, 0 following
2025-03-29 18:39:34,946 - INFO - FOLLOWING SCRAPER: ✓ filmmovement: Good candidate with 0 followers, 0 following
2025-03-29 18:39:34,946 - INFO - FOLLOWING SCRAPER: ✓ asian_redbozicowboy: Good candidate with 0 followers, 0 following
2025-03-29 18:39:34,946 - INFO - FOLLOWING SCRAPER: ✓ ccpxi_8964: Good candidate with 0 followers, 0 following
2025-03-29 18:39:34,946 - INFO - FOLLOWING SCRAPER: ✓ ngr.ev: Good candidate with 0 followers, 0 following
2025-03-29 18:39:34,946 - INFO - FOLLOWING SCRAPER: ✓ cinema_nighttt: Good candidate with 0 followers, 0 following
2025-03-29 18:39:34,946 - INFO - FOLLOWING SCRAPER: ✓ thedizzyviper: Good candidate with 0 followers, 0 following
2025-03-29 18:39:34,946 - INFO - FOLLOWING SCRAPER: ✓ laclefrevival: Good candidate with 0 followers, 0 following
2025-03-29 18:39:34,946 - INFO - FOLLOWING SCRAPER: ✓ byboyfantasy: Good candidate with 0 followers, 0 following
2025-03-29 18:39:34,946 - INFO - FOLLOWING SCRAPER: ✓ manofdutch: Good candidate with 0 followers, 0 following
2025-03-29 18:39:34,946 - INFO - FOLLOWING SCRAPER: ✓ thefineartcollective: Good candidate with 0 followers, 0 following
2025-03-29 18:39:34,946 - INFO - FOLLOWING SCRAPER: Found 14 accounts with reasonable follower/following counts
2025-03-29 18:39:34,946 - INFO - FOLLOWING SCRAPER: DEBUG: Sanitizing and saving 1862 links
2025-03-29 18:39:34,946 - INFO - FOLLOWING SCRAPER: DEBUG: After sanitization: 1862 links (removed 0)
2025-03-29 18:39:34,946 - INFO - FOLLOWING SCRAPER: DEBUG: Successfully saved 1862 links to instagram_data/followingLinks.txt
2025-03-29 18:39:34,946 - INFO - FOLLOWING SCRAPER: Links reordered to prioritize accounts with reasonable follower/following counts
2025-03-29 18:39:34,946 - INFO - FOLLOWING SCRAPER: Randomly selecting 58 accounts from 1862 available accounts
2025-03-29 18:39:34,946 - INFO - FOLLOWING SCRAPER: DEBUG: Processing randomly selected link #509/1862: https://www.instagram.com/christinezzzzzz/
2025-03-29 18:39:34,946 - INFO - FOLLOWING SCRAPER: DEBUG: Before processing - 1862 links in queue
2025-03-29 18:39:34,946 - INFO - FOLLOWING SCRAPER: DEBUG: Account christinezzzzzz in progress data with rate_limited=False
2025-03-29 18:39:34,946 - INFO - FOLLOWING SCRAPER: DEBUG: Skipping already processed account: christinezzzzzz
2025-03-29 18:39:34,946 - INFO - FOLLOWING SCRAPER: Error during batch processing: list.remove(x): x not in list
2025-03-29 18:39:34,946 - INFO - FOLLOWING SCRAPER: Browser closed. Script complete.
2025-03-29 18:39:34,983 - ERROR - DEBUG: ISSUE DETECTED - Queue size didn't decrease. Before: 1862, After: 1862, Diff: 0
2025-03-29 18:39:34,983 - INFO - DEBUG: Checking for duplicates after processing
2025-03-29 18:39:34,984 - INFO - No duplicate links found in instagram_data/followingLinks.txt
2025-03-29 18:39:34,984 - INFO - remove_processed_links function is disabled to allow re-scraping of potential rate-limited accounts
2025-03-29 18:39:34,984 - INFO - Following accounts scraping session completed with result: True
2025-03-29 18:39:34,984 - INFO - Sessions completed. Waiting 0 hours and 27 minutes before next sessions...
2025-03-29 19:07:18,956 - INFO - Current counts in status file - Followers: 879, Following: 1862
2025-03-29 19:07:18,958 - INFO - Current counts in status file - Followers: 879, Following: 1862
2025-03-29 19:07:18,959 - INFO - Set today's natural break window to 16:00-18:00
2025-03-29 19:07:18,960 - INFO - Saved data to instagram_data/auto_scrape_status.json
2025-03-29 19:07:18,961 - INFO - Saved data to instagram_data/auto_scrape_status.json
2025-03-29 19:07:18,961 - INFO - Starting new scraping session
2025-03-29 19:07:18,962 - INFO - Current counts in status file - Followers: 879, Following: 1862
2025-03-29 19:07:18,962 - INFO - Already collected all following accounts (1862/1862) and followers (879/879). Skipping main scraping session.
2025-03-29 19:07:18,962 - INFO - Now running a session to scrape following accounts network data...
2025-03-29 19:07:18,962 - INFO - Starting following accounts scraping session
2025-03-29 19:07:18,966 - INFO - remove_processed_links function is disabled to allow re-scraping of potential rate-limited accounts
2025-03-29 19:07:18,966 - INFO - DEBUG: Checking for duplicates before processing
2025-03-29 19:07:18,969 - INFO - No duplicate links found in instagram_data/followingLinks.txt
2025-03-29 19:07:18,969 - INFO - DEBUG: Before processing - 1862 accounts in queue
2025-03-29 19:07:18,977 - INFO - Using random batch size of 53 accounts for this session
2025-03-29 19:08:21,653 - INFO - FOLLOWING SCRAPER: DEBUG MODE ENABLED
2025-03-29 19:08:21,654 - INFO - FOLLOWING SCRAPER: Loaded scraping progress: 1474 accounts processed
2025-03-29 19:08:21,654 - INFO - FOLLOWING SCRAPER: Will process 53 accounts in this session
2025-03-29 19:08:21,654 - INFO - FOLLOWING SCRAPER: Logged in using button: //button[contains(.,'Log in')]
2025-03-29 19:08:21,654 - INFO - FOLLOWING SCRAPER: Login might have failed. Current URL still shows login page.
2025-03-29 19:08:21,654 - INFO - FOLLOWING SCRAPER: Rate limit statistics: 1 accounts marked as rate-limited
2025-03-29 19:08:21,654 - INFO - FOLLOWING SCRAPER: Examples of rate-limited accounts: ['benton.down']
2025-03-29 19:08:21,654 - INFO - FOLLOWING SCRAPER: Loaded 1862 links from instagram_data/followingLinks.txt
2025-03-29 19:08:21,654 - INFO - FOLLOWING SCRAPER: Loaded adjacency list from instagram_data/adjList.txt
2025-03-29 19:08:21,654 - INFO - FOLLOWING SCRAPER: Deduplicating adjacency list...
2025-03-29 19:08:21,654 - INFO - FOLLOWING SCRAPER: No duplicates found in adjList.txt
2025-03-29 19:08:21,654 - INFO - FOLLOWING SCRAPER: DEBUG: Found 6161 already processed accounts in adjList.txt
2025-03-29 19:08:21,654 - INFO - FOLLOWING SCRAPER: Found 6161 accounts that have already been processed
2025-03-29 19:08:21,654 - INFO - FOLLOWING SCRAPER: Starting batch processing of 53 accounts
2025-03-29 19:08:21,654 - INFO - FOLLOWING SCRAPER: Pre-checking accounts to prioritize ones with reasonable follower/following counts...
2025-03-29 19:08:21,654 - INFO - FOLLOWING SCRAPER: ✓ shuheisakaue: Good candidate with 0 followers, 0 following
2025-03-29 19:08:21,654 - INFO - FOLLOWING SCRAPER: ✓ catsoupai: Good candidate with 0 followers, 0 following
2025-03-29 19:08:21,654 - INFO - FOLLOWING SCRAPER: ✓ soloslop.memes: Good candidate with 0 followers, 0 following
2025-03-29 19:08:21,654 - INFO - FOLLOWING SCRAPER: ✓ phillipsauction: Good candidate with 0 followers, 0 following
2025-03-29 19:08:21,654 - INFO - FOLLOWING SCRAPER: ✓ filmmovement: Good candidate with 0 followers, 0 following
2025-03-29 19:08:21,654 - INFO - FOLLOWING SCRAPER: ✓ asian_redbozicowboy: Good candidate with 0 followers, 0 following
2025-03-29 19:08:21,654 - INFO - FOLLOWING SCRAPER: ✓ ccpxi_8964: Good candidate with 0 followers, 0 following
2025-03-29 19:08:21,654 - INFO - FOLLOWING SCRAPER: ✓ ngr.ev: Good candidate with 0 followers, 0 following
2025-03-29 19:08:21,654 - INFO - FOLLOWING SCRAPER: ✓ cinema_nighttt: Good candidate with 0 followers, 0 following
2025-03-29 19:08:21,654 - INFO - FOLLOWING SCRAPER: ✓ thedizzyviper: Good candidate with 0 followers, 0 following
2025-03-29 19:08:21,654 - INFO - FOLLOWING SCRAPER: ✓ laclefrevival: Good candidate with 0 followers, 0 following
2025-03-29 19:08:21,654 - INFO - FOLLOWING SCRAPER: ✓ byboyfantasy: Good candidate with 0 followers, 0 following
2025-03-29 19:08:21,654 - INFO - FOLLOWING SCRAPER: ✓ manofdutch: Good candidate with 0 followers, 0 following
2025-03-29 19:08:21,654 - INFO - FOLLOWING SCRAPER: ✓ thefineartcollective: Good candidate with 0 followers, 0 following
2025-03-29 19:08:21,654 - INFO - FOLLOWING SCRAPER: Found 14 accounts with reasonable follower/following counts
2025-03-29 19:08:21,654 - INFO - FOLLOWING SCRAPER: DEBUG: Sanitizing and saving 1862 links
2025-03-29 19:08:21,654 - INFO - FOLLOWING SCRAPER: DEBUG: After sanitization: 1862 links (removed 0)
2025-03-29 19:08:21,655 - INFO - FOLLOWING SCRAPER: DEBUG: Successfully saved 1862 links to instagram_data/followingLinks.txt
2025-03-29 19:08:21,655 - INFO - FOLLOWING SCRAPER: Links reordered to prioritize accounts with reasonable follower/following counts
2025-03-29 19:08:21,655 - INFO - FOLLOWING SCRAPER: Randomly selecting 53 accounts from 1862 available accounts
2025-03-29 19:08:21,655 - INFO - FOLLOWING SCRAPER: DEBUG: Processing randomly selected link #38/1862: https://www.instagram.com/parissfch/
2025-03-29 19:08:21,655 - INFO - FOLLOWING SCRAPER: DEBUG: Before processing - 1862 links in queue
2025-03-29 19:08:21,655 - INFO - FOLLOWING SCRAPER: DEBUG: Account parissfch in progress data with rate_limited=False
2025-03-29 19:08:21,655 - INFO - FOLLOWING SCRAPER: DEBUG: Skipping already processed account: parissfch
2025-03-29 19:08:21,655 - INFO - FOLLOWING SCRAPER: Error during batch processing: list.remove(x): x not in list
2025-03-29 19:08:21,655 - INFO - FOLLOWING SCRAPER: Browser closed. Script complete.
2025-03-29 19:08:21,698 - ERROR - DEBUG: ISSUE DETECTED - Queue size didn't decrease. Before: 1862, After: 1862, Diff: 0
2025-03-29 19:08:21,698 - INFO - DEBUG: Checking for duplicates after processing
2025-03-29 19:08:21,699 - INFO - No duplicate links found in instagram_data/followingLinks.txt
2025-03-29 19:08:21,699 - INFO - remove_processed_links function is disabled to allow re-scraping of potential rate-limited accounts
2025-03-29 19:08:21,699 - INFO - Following accounts scraping session completed with result: True
2025-03-29 19:08:21,699 - INFO - Sessions completed. Waiting 0 hours and 31 minutes before next sessions...
2025-03-29 19:39:25,760 - INFO - Current counts in status file - Followers: 879, Following: 1862
2025-03-29 19:39:25,761 - INFO - Current counts in status file - Followers: 879, Following: 1862
2025-03-29 19:39:25,762 - INFO - Set today's natural break window to 11:00-13:00
2025-03-29 19:39:25,763 - INFO - Saved data to instagram_data/auto_scrape_status.json
2025-03-29 19:39:25,763 - INFO - Saved data to instagram_data/auto_scrape_status.json
2025-03-29 19:39:25,763 - INFO - Starting new scraping session
2025-03-29 19:39:25,763 - INFO - Current counts in status file - Followers: 879, Following: 1862
2025-03-29 19:39:25,763 - INFO - Already collected all following accounts (1862/1862) and followers (879/879). Skipping main scraping session.
2025-03-29 19:39:25,763 - INFO - Now running a session to scrape following accounts network data...
2025-03-29 19:39:25,763 - INFO - Starting following accounts scraping session
2025-03-29 19:39:25,763 - INFO - remove_processed_links function is disabled to allow re-scraping of potential rate-limited accounts
2025-03-29 19:39:25,763 - INFO - DEBUG: Checking for duplicates before processing
2025-03-29 19:39:25,765 - INFO - No duplicate links found in instagram_data/followingLinks.txt
2025-03-29 19:39:25,765 - INFO - DEBUG: Before processing - 1862 accounts in queue
2025-03-29 19:39:25,771 - INFO - Using random batch size of 44 accounts for this session
2025-03-29 19:40:27,537 - INFO - FOLLOWING SCRAPER: DEBUG MODE ENABLED
2025-03-29 19:40:27,538 - INFO - FOLLOWING SCRAPER: Loaded scraping progress: 1474 accounts processed
2025-03-29 19:40:27,539 - INFO - FOLLOWING SCRAPER: Will process 44 accounts in this session
2025-03-29 19:40:27,539 - INFO - FOLLOWING SCRAPER: Logged in using button: //button[contains(.,'Log in')]
2025-03-29 19:40:27,539 - INFO - FOLLOWING SCRAPER: Login might have failed. Current URL still shows login page.
2025-03-29 19:40:27,539 - INFO - FOLLOWING SCRAPER: Rate limit statistics: 1 accounts marked as rate-limited
2025-03-29 19:40:27,539 - INFO - FOLLOWING SCRAPER: Examples of rate-limited accounts: ['benton.down']
2025-03-29 19:40:27,539 - INFO - FOLLOWING SCRAPER: Loaded 1862 links from instagram_data/followingLinks.txt
2025-03-29 19:40:27,539 - INFO - FOLLOWING SCRAPER: Loaded adjacency list from instagram_data/adjList.txt
2025-03-29 19:40:27,539 - INFO - FOLLOWING SCRAPER: Deduplicating adjacency list...
2025-03-29 19:40:27,539 - INFO - FOLLOWING SCRAPER: No duplicates found in adjList.txt
2025-03-29 19:40:27,539 - INFO - FOLLOWING SCRAPER: DEBUG: Found 6161 already processed accounts in adjList.txt
2025-03-29 19:40:27,539 - INFO - FOLLOWING SCRAPER: Found 6161 accounts that have already been processed
2025-03-29 19:40:27,539 - INFO - FOLLOWING SCRAPER: Starting batch processing of 44 accounts
2025-03-29 19:40:27,539 - INFO - FOLLOWING SCRAPER: Pre-checking accounts to prioritize ones with reasonable follower/following counts...
2025-03-29 19:40:27,539 - INFO - FOLLOWING SCRAPER: ✓ shuheisakaue: Good candidate with 0 followers, 0 following
2025-03-29 19:40:27,539 - INFO - FOLLOWING SCRAPER: ✓ catsoupai: Good candidate with 0 followers, 0 following
2025-03-29 19:40:27,539 - INFO - FOLLOWING SCRAPER: ✓ soloslop.memes: Good candidate with 0 followers, 0 following
2025-03-29 19:40:27,539 - INFO - FOLLOWING SCRAPER: ✓ phillipsauction: Good candidate with 0 followers, 0 following
2025-03-29 19:40:27,539 - INFO - FOLLOWING SCRAPER: ✓ filmmovement: Good candidate with 0 followers, 0 following
2025-03-29 19:40:27,539 - INFO - FOLLOWING SCRAPER: ✓ asian_redbozicowboy: Good candidate with 0 followers, 0 following
2025-03-29 19:40:27,540 - INFO - FOLLOWING SCRAPER: ✓ ccpxi_8964: Good candidate with 0 followers, 0 following
2025-03-29 19:40:27,540 - INFO - FOLLOWING SCRAPER: ✓ ngr.ev: Good candidate with 0 followers, 0 following
2025-03-29 19:40:27,540 - INFO - FOLLOWING SCRAPER: ✓ cinema_nighttt: Good candidate with 0 followers, 0 following
2025-03-29 19:40:27,540 - INFO - FOLLOWING SCRAPER: ✓ thedizzyviper: Good candidate with 0 followers, 0 following
2025-03-29 19:40:27,540 - INFO - FOLLOWING SCRAPER: ✓ laclefrevival: Good candidate with 0 followers, 0 following
2025-03-29 19:40:27,540 - INFO - FOLLOWING SCRAPER: ✓ byboyfantasy: Good candidate with 0 followers, 0 following
2025-03-29 19:40:27,540 - INFO - FOLLOWING SCRAPER: ✓ manofdutch: Good candidate with 0 followers, 0 following
2025-03-29 19:40:27,540 - INFO - FOLLOWING SCRAPER: ✓ thefineartcollective: Good candidate with 0 followers, 0 following
2025-03-29 19:40:27,540 - INFO - FOLLOWING SCRAPER: Found 14 accounts with reasonable follower/following counts
2025-03-29 19:40:27,540 - INFO - FOLLOWING SCRAPER: DEBUG: Sanitizing and saving 1862 links
2025-03-29 19:40:27,540 - INFO - FOLLOWING SCRAPER: DEBUG: After sanitization: 1862 links (removed 0)
2025-03-29 19:40:27,540 - INFO - FOLLOWING SCRAPER: DEBUG: Successfully saved 1862 links to instagram_data/followingLinks.txt
2025-03-29 19:40:27,540 - INFO - FOLLOWING SCRAPER: Links reordered to prioritize accounts with reasonable follower/following counts
2025-03-29 19:40:27,540 - INFO - FOLLOWING SCRAPER: Randomly selecting 44 accounts from 1862 available accounts
2025-03-29 19:40:27,540 - INFO - FOLLOWING SCRAPER: DEBUG: Processing randomly selected link #1598/1862: https://www.instagram.com/nishikino_d/
2025-03-29 19:40:27,540 - INFO - FOLLOWING SCRAPER: DEBUG: Before processing - 1862 links in queue
2025-03-29 19:40:27,540 - INFO - FOLLOWING SCRAPER: DEBUG: Account nishikino_d in progress data with rate_limited=False
2025-03-29 19:40:27,540 - INFO - FOLLOWING SCRAPER: DEBUG: Skipping already processed account: nishikino_d
2025-03-29 19:40:27,540 - INFO - FOLLOWING SCRAPER: Error during batch processing: list.remove(x): x not in list
2025-03-29 19:40:27,541 - INFO - FOLLOWING SCRAPER: Browser closed. Script complete.
2025-03-29 19:40:27,599 - ERROR - DEBUG: ISSUE DETECTED - Queue size didn't decrease. Before: 1862, After: 1862, Diff: 0
2025-03-29 19:40:27,599 - INFO - DEBUG: Checking for duplicates after processing
2025-03-29 19:40:27,599 - INFO - No duplicate links found in instagram_data/followingLinks.txt
2025-03-29 19:40:27,599 - INFO - remove_processed_links function is disabled to allow re-scraping of potential rate-limited accounts
2025-03-29 19:40:27,600 - INFO - Following accounts scraping session completed with result: True
2025-03-29 19:40:27,600 - INFO - Sessions completed. Waiting 0 hours and 25 minutes before next sessions...
2025-03-29 20:05:31,615 - INFO - Current counts in status file - Followers: 879, Following: 1862
2025-03-29 20:05:31,617 - INFO - Current counts in status file - Followers: 879, Following: 1862
2025-03-29 20:05:31,617 - INFO - Set today's natural break window to 14:00-16:00
2025-03-29 20:05:31,619 - INFO - Saved data to instagram_data/auto_scrape_status.json
2025-03-29 20:05:31,619 - INFO - Saved data to instagram_data/auto_scrape_status.json
2025-03-29 20:05:31,619 - INFO - Starting new scraping session
2025-03-29 20:05:31,619 - INFO - Current counts in status file - Followers: 879, Following: 1862
2025-03-29 20:05:31,619 - INFO - Already collected all following accounts (1862/1862) and followers (879/879). Skipping main scraping session.
2025-03-29 20:05:31,619 - INFO - Now running a session to scrape following accounts network data...
2025-03-29 20:05:31,619 - INFO - Starting following accounts scraping session
2025-03-29 20:05:31,619 - INFO - remove_processed_links function is disabled to allow re-scraping of potential rate-limited accounts
2025-03-29 20:05:31,619 - INFO - DEBUG: Checking for duplicates before processing
2025-03-29 20:05:31,621 - INFO - No duplicate links found in instagram_data/followingLinks.txt
2025-03-29 20:05:31,622 - INFO - DEBUG: Before processing - 1862 accounts in queue
2025-03-29 20:05:31,633 - INFO - Using random batch size of 43 accounts for this session
2025-03-29 20:06:53,271 - INFO - FOLLOWING SCRAPER: DEBUG MODE ENABLED
2025-03-29 20:06:53,272 - INFO - FOLLOWING SCRAPER: Loaded scraping progress: 1474 accounts processed
2025-03-29 20:06:53,274 - INFO - FOLLOWING SCRAPER: Will process 43 accounts in this session
2025-03-29 20:06:53,274 - INFO - FOLLOWING SCRAPER: Logged in using button: //button[contains(.,'Log in')]
2025-03-29 20:06:53,274 - INFO - FOLLOWING SCRAPER: Login might have failed. Current URL still shows login page.
2025-03-29 20:06:53,274 - INFO - FOLLOWING SCRAPER: Rate limit statistics: 1 accounts marked as rate-limited
2025-03-29 20:06:53,274 - INFO - FOLLOWING SCRAPER: Examples of rate-limited accounts: ['benton.down']
2025-03-29 20:06:53,274 - INFO - FOLLOWING SCRAPER: Loaded 1862 links from instagram_data/followingLinks.txt
2025-03-29 20:06:53,274 - INFO - FOLLOWING SCRAPER: Loaded adjacency list from instagram_data/adjList.txt
2025-03-29 20:06:53,274 - INFO - FOLLOWING SCRAPER: Deduplicating adjacency list...
2025-03-29 20:06:53,274 - INFO - FOLLOWING SCRAPER: No duplicates found in adjList.txt
2025-03-29 20:06:53,274 - INFO - FOLLOWING SCRAPER: DEBUG: Found 6161 already processed accounts in adjList.txt
2025-03-29 20:06:53,274 - INFO - FOLLOWING SCRAPER: Found 6161 accounts that have already been processed
2025-03-29 20:06:53,274 - INFO - FOLLOWING SCRAPER: Starting batch processing of 43 accounts
2025-03-29 20:06:53,274 - INFO - FOLLOWING SCRAPER: Pre-checking accounts to prioritize ones with reasonable follower/following counts...
2025-03-29 20:06:53,274 - INFO - FOLLOWING SCRAPER: ✓ shuheisakaue: Good candidate with 0 followers, 0 following
2025-03-29 20:06:53,274 - INFO - FOLLOWING SCRAPER: ✓ catsoupai: Good candidate with 0 followers, 0 following
2025-03-29 20:06:53,274 - INFO - FOLLOWING SCRAPER: ✓ soloslop.memes: Good candidate with 0 followers, 0 following
2025-03-29 20:06:53,274 - INFO - FOLLOWING SCRAPER: ✓ phillipsauction: Good candidate with 0 followers, 0 following
2025-03-29 20:06:53,274 - INFO - FOLLOWING SCRAPER: ✓ filmmovement: Good candidate with 0 followers, 0 following
2025-03-29 20:06:53,274 - INFO - FOLLOWING SCRAPER: ✓ asian_redbozicowboy: Good candidate with 0 followers, 0 following
2025-03-29 20:06:53,274 - INFO - FOLLOWING SCRAPER: ✓ ccpxi_8964: Good candidate with 0 followers, 0 following
2025-03-29 20:06:53,274 - INFO - FOLLOWING SCRAPER: ✓ ngr.ev: Good candidate with 0 followers, 0 following
2025-03-29 20:06:53,274 - INFO - FOLLOWING SCRAPER: ✓ cinema_nighttt: Good candidate with 0 followers, 0 following
2025-03-29 20:06:53,274 - INFO - FOLLOWING SCRAPER: ✓ thedizzyviper: Good candidate with 0 followers, 0 following
2025-03-29 20:06:53,274 - INFO - FOLLOWING SCRAPER: ✓ laclefrevival: Good candidate with 0 followers, 0 following
2025-03-29 20:06:53,274 - INFO - FOLLOWING SCRAPER: ✓ byboyfantasy: Good candidate with 0 followers, 0 following
2025-03-29 20:06:53,274 - INFO - FOLLOWING SCRAPER: ✓ manofdutch: Good candidate with 0 followers, 0 following
2025-03-29 20:06:53,274 - INFO - FOLLOWING SCRAPER: ✓ thefineartcollective: Good candidate with 0 followers, 0 following
2025-03-29 20:06:53,274 - INFO - FOLLOWING SCRAPER: Found 14 accounts with reasonable follower/following counts
2025-03-29 20:06:53,274 - INFO - FOLLOWING SCRAPER: DEBUG: Sanitizing and saving 1862 links
2025-03-29 20:06:53,274 - INFO - FOLLOWING SCRAPER: DEBUG: After sanitization: 1862 links (removed 0)
2025-03-29 20:06:53,274 - INFO - FOLLOWING SCRAPER: DEBUG: Successfully saved 1862 links to instagram_data/followingLinks.txt
2025-03-29 20:06:53,274 - INFO - FOLLOWING SCRAPER: Links reordered to prioritize accounts with reasonable follower/following counts
2025-03-29 20:06:53,274 - INFO - FOLLOWING SCRAPER: Randomly selecting 43 accounts from 1862 available accounts
2025-03-29 20:06:53,274 - INFO - FOLLOWING SCRAPER: DEBUG: Processing randomly selected link #393/1862: https://www.instagram.com/rachelyishuliu/
2025-03-29 20:06:53,274 - INFO - FOLLOWING SCRAPER: DEBUG: Before processing - 1862 links in queue
2025-03-29 20:06:53,274 - INFO - FOLLOWING SCRAPER: DEBUG: Skipping already processed account: rachelyishuliu
2025-03-29 20:06:53,274 - INFO - FOLLOWING SCRAPER: Error during batch processing: list.remove(x): x not in list
2025-03-29 20:06:53,274 - INFO - FOLLOWING SCRAPER: Browser closed. Script complete.
2025-03-29 20:06:53,376 - ERROR - DEBUG: ISSUE DETECTED - Queue size didn't decrease. Before: 1862, After: 1862, Diff: 0
2025-03-29 20:06:53,376 - INFO - DEBUG: Checking for duplicates after processing
2025-03-29 20:06:53,377 - INFO - No duplicate links found in instagram_data/followingLinks.txt
2025-03-29 20:06:53,377 - INFO - remove_processed_links function is disabled to allow re-scraping of potential rate-limited accounts
2025-03-29 20:06:53,377 - INFO - Following accounts scraping session completed with result: True
2025-03-29 20:06:53,377 - INFO - Sessions completed. Waiting 0 hours and 34 minutes before next sessions...
2025-03-29 20:41:32,385 - INFO - Current counts in status file - Followers: 879, Following: 1862
2025-03-29 20:41:32,387 - INFO - Current counts in status file - Followers: 879, Following: 1862
2025-03-29 20:41:32,389 - INFO - Set today's natural break window to 11:00-13:00
2025-03-29 20:41:32,390 - INFO - Saved data to instagram_data/auto_scrape_status.json
2025-03-29 20:41:32,390 - INFO - Saved data to instagram_data/auto_scrape_status.json
2025-03-29 20:41:32,390 - INFO - Starting new scraping session
2025-03-29 20:41:32,391 - INFO - Current counts in status file - Followers: 879, Following: 1862
2025-03-29 20:41:32,391 - INFO - Already collected all following accounts (1862/1862) and followers (879/879). Skipping main scraping session.
2025-03-29 20:41:32,391 - INFO - Now running a session to scrape following accounts network data...
2025-03-29 20:41:32,391 - INFO - Starting following accounts scraping session
2025-03-29 20:41:32,391 - INFO - remove_processed_links function is disabled to allow re-scraping of potential rate-limited accounts
2025-03-29 20:41:32,391 - INFO - DEBUG: Checking for duplicates before processing
2025-03-29 20:41:32,394 - INFO - No duplicate links found in instagram_data/followingLinks.txt
2025-03-29 20:41:32,395 - INFO - DEBUG: Before processing - 1862 accounts in queue
2025-03-29 20:41:32,400 - INFO - Using random batch size of 41 accounts for this session
2025-03-29 20:42:39,080 - INFO - FOLLOWING SCRAPER: DEBUG MODE ENABLED
2025-03-29 20:42:39,083 - INFO - FOLLOWING SCRAPER: Loaded scraping progress: 1474 accounts processed
2025-03-29 20:42:39,083 - INFO - FOLLOWING SCRAPER: Will process 41 accounts in this session
2025-03-29 20:42:39,083 - INFO - FOLLOWING SCRAPER: Logged in using button: //button[contains(.,'Log in')]
2025-03-29 20:42:39,083 - INFO - FOLLOWING SCRAPER: Login might have failed. Current URL still shows login page.
2025-03-29 20:42:39,083 - INFO - FOLLOWING SCRAPER: Rate limit statistics: 1 accounts marked as rate-limited
2025-03-29 20:42:39,083 - INFO - FOLLOWING SCRAPER: Examples of rate-limited accounts: ['benton.down']
2025-03-29 20:42:39,084 - INFO - FOLLOWING SCRAPER: Loaded 1862 links from instagram_data/followingLinks.txt
2025-03-29 20:42:39,084 - INFO - FOLLOWING SCRAPER: Loaded adjacency list from instagram_data/adjList.txt
2025-03-29 20:42:39,084 - INFO - FOLLOWING SCRAPER: Deduplicating adjacency list...
2025-03-29 20:42:39,084 - INFO - FOLLOWING SCRAPER: No duplicates found in adjList.txt
2025-03-29 20:42:39,084 - INFO - FOLLOWING SCRAPER: DEBUG: Found 6161 already processed accounts in adjList.txt
2025-03-29 20:42:39,084 - INFO - FOLLOWING SCRAPER: Found 6161 accounts that have already been processed
2025-03-29 20:42:39,084 - INFO - FOLLOWING SCRAPER: Starting batch processing of 41 accounts
2025-03-29 20:42:39,084 - INFO - FOLLOWING SCRAPER: Pre-checking accounts to prioritize ones with reasonable follower/following counts...
2025-03-29 20:42:39,084 - INFO - FOLLOWING SCRAPER: ✓ shuheisakaue: Good candidate with 0 followers, 0 following
2025-03-29 20:42:39,084 - INFO - FOLLOWING SCRAPER: ✓ catsoupai: Good candidate with 0 followers, 0 following
2025-03-29 20:42:39,084 - INFO - FOLLOWING SCRAPER: ✓ soloslop.memes: Good candidate with 0 followers, 0 following
2025-03-29 20:42:39,084 - INFO - FOLLOWING SCRAPER: ✓ phillipsauction: Good candidate with 0 followers, 0 following
2025-03-29 20:42:39,084 - INFO - FOLLOWING SCRAPER: ✓ filmmovement: Good candidate with 0 followers, 0 following
2025-03-29 20:42:39,084 - INFO - FOLLOWING SCRAPER: ✓ asian_redbozicowboy: Good candidate with 0 followers, 0 following
2025-03-29 20:42:39,084 - INFO - FOLLOWING SCRAPER: ✓ ccpxi_8964: Good candidate with 0 followers, 0 following
2025-03-29 20:42:39,084 - INFO - FOLLOWING SCRAPER: ✓ ngr.ev: Good candidate with 0 followers, 0 following
2025-03-29 20:42:39,084 - INFO - FOLLOWING SCRAPER: ✓ cinema_nighttt: Good candidate with 0 followers, 0 following
2025-03-29 20:42:39,084 - INFO - FOLLOWING SCRAPER: ✓ thedizzyviper: Good candidate with 0 followers, 0 following
2025-03-29 20:42:39,084 - INFO - FOLLOWING SCRAPER: ✓ laclefrevival: Good candidate with 0 followers, 0 following
2025-03-29 20:42:39,084 - INFO - FOLLOWING SCRAPER: ✓ byboyfantasy: Good candidate with 0 followers, 0 following
2025-03-29 20:42:39,084 - INFO - FOLLOWING SCRAPER: ✓ manofdutch: Good candidate with 0 followers, 0 following
2025-03-29 20:42:39,084 - INFO - FOLLOWING SCRAPER: ✓ thefineartcollective: Good candidate with 0 followers, 0 following
2025-03-29 20:42:39,084 - INFO - FOLLOWING SCRAPER: Found 14 accounts with reasonable follower/following counts
2025-03-29 20:42:39,084 - INFO - FOLLOWING SCRAPER: DEBUG: Sanitizing and saving 1862 links
2025-03-29 20:42:39,084 - INFO - FOLLOWING SCRAPER: DEBUG: After sanitization: 1862 links (removed 0)
2025-03-29 20:42:39,084 - INFO - FOLLOWING SCRAPER: DEBUG: Successfully saved 1862 links to instagram_data/followingLinks.txt
2025-03-29 20:42:39,084 - INFO - FOLLOWING SCRAPER: Links reordered to prioritize accounts with reasonable follower/following counts
2025-03-29 20:42:39,084 - INFO - FOLLOWING SCRAPER: Randomly selecting 41 accounts from 1862 available accounts
2025-03-29 20:42:39,084 - INFO - FOLLOWING SCRAPER: DEBUG: Processing randomly selected link #409/1862: https://www.instagram.com/yuhanmo7s/
2025-03-29 20:42:39,084 - INFO - FOLLOWING SCRAPER: DEBUG: Before processing - 1862 links in queue
2025-03-29 20:42:39,084 - INFO - FOLLOWING SCRAPER: DEBUG: Account yuhanmo7s in progress data with rate_limited=False
2025-03-29 20:42:39,084 - INFO - FOLLOWING SCRAPER: DEBUG: Skipping already processed account: yuhanmo7s
2025-03-29 20:42:39,084 - INFO - FOLLOWING SCRAPER: Error during batch processing: list.remove(x): x not in list
2025-03-29 20:42:39,084 - INFO - FOLLOWING SCRAPER: Browser closed. Script complete.
2025-03-29 20:42:39,170 - ERROR - DEBUG: ISSUE DETECTED - Queue size didn't decrease. Before: 1862, After: 1862, Diff: 0
2025-03-29 20:42:39,170 - INFO - DEBUG: Checking for duplicates after processing
2025-03-29 20:42:39,173 - INFO - No duplicate links found in instagram_data/followingLinks.txt
2025-03-29 20:42:39,174 - INFO - remove_processed_links function is disabled to allow re-scraping of potential rate-limited accounts
2025-03-29 20:42:39,174 - INFO - Following accounts scraping session completed with result: True
2025-03-29 20:42:39,174 - INFO - Sessions completed. Waiting 0 hours and 24 minutes before next sessions...
2025-03-29 21:07:27,182 - INFO - Current counts in status file - Followers: 879, Following: 1862
2025-03-29 21:07:27,183 - INFO - Current counts in status file - Followers: 879, Following: 1862
2025-03-29 21:07:27,184 - INFO - Set today's natural break window to 11:00-13:00
2025-03-29 21:07:27,186 - INFO - Saved data to instagram_data/auto_scrape_status.json
2025-03-29 21:07:27,186 - INFO - Saved data to instagram_data/auto_scrape_status.json
2025-03-29 21:07:27,186 - INFO - Starting new scraping session
2025-03-29 21:07:27,186 - INFO - Current counts in status file - Followers: 879, Following: 1862
2025-03-29 21:07:27,186 - INFO - Already collected all following accounts (1862/1862) and followers (879/879). Skipping main scraping session.
2025-03-29 21:07:27,186 - INFO - Now running a session to scrape following accounts network data...
2025-03-29 21:07:27,187 - INFO - Starting following accounts scraping session
2025-03-29 21:07:27,187 - INFO - remove_processed_links function is disabled to allow re-scraping of potential rate-limited accounts
2025-03-29 21:07:27,187 - INFO - DEBUG: Checking for duplicates before processing
2025-03-29 21:07:27,192 - INFO - No duplicate links found in instagram_data/followingLinks.txt
2025-03-29 21:07:27,192 - INFO - DEBUG: Before processing - 1862 accounts in queue
2025-03-29 21:07:27,196 - INFO - Using random batch size of 47 accounts for this session
2025-03-29 21:08:28,849 - INFO - FOLLOWING SCRAPER: DEBUG MODE ENABLED
2025-03-29 21:08:28,850 - INFO - FOLLOWING SCRAPER: Loaded scraping progress: 1474 accounts processed
2025-03-29 21:08:28,850 - INFO - FOLLOWING SCRAPER: Will process 47 accounts in this session
2025-03-29 21:08:28,851 - INFO - FOLLOWING SCRAPER: Logged in using button: //button[contains(.,'Log in')]
2025-03-29 21:08:28,851 - INFO - FOLLOWING SCRAPER: Login might have failed. Current URL still shows login page.
2025-03-29 21:08:28,851 - INFO - FOLLOWING SCRAPER: Rate limit statistics: 1 accounts marked as rate-limited
2025-03-29 21:08:28,851 - INFO - FOLLOWING SCRAPER: Examples of rate-limited accounts: ['benton.down']
2025-03-29 21:08:28,851 - INFO - FOLLOWING SCRAPER: Loaded 1862 links from instagram_data/followingLinks.txt
2025-03-29 21:08:28,851 - INFO - FOLLOWING SCRAPER: Loaded adjacency list from instagram_data/adjList.txt
2025-03-29 21:08:28,851 - INFO - FOLLOWING SCRAPER: Deduplicating adjacency list...
2025-03-29 21:08:28,851 - INFO - FOLLOWING SCRAPER: No duplicates found in adjList.txt
2025-03-29 21:08:28,851 - INFO - FOLLOWING SCRAPER: DEBUG: Found 6161 already processed accounts in adjList.txt
2025-03-29 21:08:28,851 - INFO - FOLLOWING SCRAPER: Found 6161 accounts that have already been processed
2025-03-29 21:08:28,851 - INFO - FOLLOWING SCRAPER: Starting batch processing of 47 accounts
2025-03-29 21:08:28,851 - INFO - FOLLOWING SCRAPER: Pre-checking accounts to prioritize ones with reasonable follower/following counts...
2025-03-29 21:08:28,851 - INFO - FOLLOWING SCRAPER: ✓ shuheisakaue: Good candidate with 0 followers, 0 following
2025-03-29 21:08:28,851 - INFO - FOLLOWING SCRAPER: ✓ catsoupai: Good candidate with 0 followers, 0 following
2025-03-29 21:08:28,851 - INFO - FOLLOWING SCRAPER: ✓ soloslop.memes: Good candidate with 0 followers, 0 following
2025-03-29 21:08:28,851 - INFO - FOLLOWING SCRAPER: ✓ phillipsauction: Good candidate with 0 followers, 0 following
2025-03-29 21:08:28,851 - INFO - FOLLOWING SCRAPER: ✓ filmmovement: Good candidate with 0 followers, 0 following
2025-03-29 21:08:28,851 - INFO - FOLLOWING SCRAPER: ✓ asian_redbozicowboy: Good candidate with 0 followers, 0 following
2025-03-29 21:08:28,852 - INFO - FOLLOWING SCRAPER: ✓ ccpxi_8964: Good candidate with 0 followers, 0 following
2025-03-29 21:08:28,852 - INFO - FOLLOWING SCRAPER: ✓ ngr.ev: Good candidate with 0 followers, 0 following
2025-03-29 21:08:28,852 - INFO - FOLLOWING SCRAPER: ✓ cinema_nighttt: Good candidate with 0 followers, 0 following
2025-03-29 21:08:28,852 - INFO - FOLLOWING SCRAPER: ✓ thedizzyviper: Good candidate with 0 followers, 0 following
2025-03-29 21:08:28,852 - INFO - FOLLOWING SCRAPER: ✓ laclefrevival: Good candidate with 0 followers, 0 following
2025-03-29 21:08:28,852 - INFO - FOLLOWING SCRAPER: ✓ byboyfantasy: Good candidate with 0 followers, 0 following
2025-03-29 21:08:28,852 - INFO - FOLLOWING SCRAPER: ✓ manofdutch: Good candidate with 0 followers, 0 following
2025-03-29 21:08:28,852 - INFO - FOLLOWING SCRAPER: ✓ thefineartcollective: Good candidate with 0 followers, 0 following
2025-03-29 21:08:28,852 - INFO - FOLLOWING SCRAPER: Found 14 accounts with reasonable follower/following counts
2025-03-29 21:08:28,852 - INFO - FOLLOWING SCRAPER: DEBUG: Sanitizing and saving 1862 links
2025-03-29 21:08:28,852 - INFO - FOLLOWING SCRAPER: DEBUG: After sanitization: 1862 links (removed 0)
2025-03-29 21:08:28,852 - INFO - FOLLOWING SCRAPER: DEBUG: Successfully saved 1862 links to instagram_data/followingLinks.txt
2025-03-29 21:08:28,852 - INFO - FOLLOWING SCRAPER: Links reordered to prioritize accounts with reasonable follower/following counts
2025-03-29 21:08:28,852 - INFO - FOLLOWING SCRAPER: Randomly selecting 47 accounts from 1862 available accounts
2025-03-29 21:08:28,852 - INFO - FOLLOWING SCRAPER: DEBUG: Processing randomly selected link #1430/1862: https://www.instagram.com/jiao.yang.zzz/
2025-03-29 21:08:28,852 - INFO - FOLLOWING SCRAPER: DEBUG: Before processing - 1862 links in queue
2025-03-29 21:08:28,852 - INFO - FOLLOWING SCRAPER: DEBUG: Account jiao.yang.zzz in progress data with rate_limited=False
2025-03-29 21:08:28,852 - INFO - FOLLOWING SCRAPER: DEBUG: Skipping already processed account: jiao.yang.zzz
2025-03-29 21:08:28,852 - INFO - FOLLOWING SCRAPER: Error during batch processing: list.remove(x): x not in list
2025-03-29 21:08:28,852 - INFO - FOLLOWING SCRAPER: Browser closed. Script complete.
2025-03-29 21:08:28,895 - ERROR - DEBUG: ISSUE DETECTED - Queue size didn't decrease. Before: 1862, After: 1862, Diff: 0
2025-03-29 21:08:28,895 - INFO - DEBUG: Checking for duplicates after processing
2025-03-29 21:08:28,896 - INFO - No duplicate links found in instagram_data/followingLinks.txt
2025-03-29 21:08:28,896 - INFO - remove_processed_links function is disabled to allow re-scraping of potential rate-limited accounts
2025-03-29 21:08:28,896 - INFO - Following accounts scraping session completed with result: True
2025-03-29 21:08:28,896 - INFO - Sessions completed. Waiting 0 hours and 23 minutes before next sessions...
2025-03-29 21:32:05,902 - INFO - Current counts in status file - Followers: 879, Following: 1862
2025-03-29 21:32:05,904 - INFO - Current counts in status file - Followers: 879, Following: 1862
2025-03-29 21:32:05,906 - INFO - Set today's natural break window to 11:00-13:00
2025-03-29 21:32:05,907 - INFO - Saved data to instagram_data/auto_scrape_status.json
2025-03-29 21:32:05,907 - INFO - Saved data to instagram_data/auto_scrape_status.json
2025-03-29 21:32:05,907 - INFO - Starting new scraping session
2025-03-29 21:32:05,908 - INFO - Current counts in status file - Followers: 879, Following: 1862
2025-03-29 21:32:05,908 - INFO - Already collected all following accounts (1862/1862) and followers (879/879). Skipping main scraping session.
2025-03-29 21:32:05,908 - INFO - Now running a session to scrape following accounts network data...
2025-03-29 21:32:05,908 - INFO - Starting following accounts scraping session
2025-03-29 21:32:05,908 - INFO - remove_processed_links function is disabled to allow re-scraping of potential rate-limited accounts
2025-03-29 21:32:05,908 - INFO - DEBUG: Checking for duplicates before processing
2025-03-29 21:32:05,912 - INFO - No duplicate links found in instagram_data/followingLinks.txt
2025-03-29 21:32:05,912 - INFO - DEBUG: Before processing - 1862 accounts in queue
2025-03-29 21:32:05,918 - INFO - Using random batch size of 43 accounts for this session
2025-03-29 21:33:07,838 - INFO - FOLLOWING SCRAPER: DEBUG MODE ENABLED
2025-03-29 21:33:07,839 - INFO - FOLLOWING SCRAPER: Loaded scraping progress: 1474 accounts processed
2025-03-29 21:33:07,839 - INFO - FOLLOWING SCRAPER: Will process 43 accounts in this session
2025-03-29 21:33:07,839 - INFO - FOLLOWING SCRAPER: Logged in using button: //button[contains(.,'Log in')]
2025-03-29 21:33:07,839 - INFO - FOLLOWING SCRAPER: Login might have failed. Current URL still shows login page.
2025-03-29 21:33:07,839 - INFO - FOLLOWING SCRAPER: Rate limit statistics: 1 accounts marked as rate-limited
2025-03-29 21:33:07,839 - INFO - FOLLOWING SCRAPER: Examples of rate-limited accounts: ['benton.down']
2025-03-29 21:33:07,839 - INFO - FOLLOWING SCRAPER: Loaded 1862 links from instagram_data/followingLinks.txt
2025-03-29 21:33:07,839 - INFO - FOLLOWING SCRAPER: Loaded adjacency list from instagram_data/adjList.txt
2025-03-29 21:33:07,839 - INFO - FOLLOWING SCRAPER: Deduplicating adjacency list...
2025-03-29 21:33:07,839 - INFO - FOLLOWING SCRAPER: No duplicates found in adjList.txt
2025-03-29 21:33:07,839 - INFO - FOLLOWING SCRAPER: DEBUG: Found 6161 already processed accounts in adjList.txt
2025-03-29 21:33:07,839 - INFO - FOLLOWING SCRAPER: Found 6161 accounts that have already been processed
2025-03-29 21:33:07,839 - INFO - FOLLOWING SCRAPER: Starting batch processing of 43 accounts
2025-03-29 21:33:07,839 - INFO - FOLLOWING SCRAPER: Pre-checking accounts to prioritize ones with reasonable follower/following counts...
2025-03-29 21:33:07,840 - INFO - FOLLOWING SCRAPER: ✓ shuheisakaue: Good candidate with 0 followers, 0 following
2025-03-29 21:33:07,840 - INFO - FOLLOWING SCRAPER: ✓ catsoupai: Good candidate with 0 followers, 0 following
2025-03-29 21:33:07,840 - INFO - FOLLOWING SCRAPER: ✓ soloslop.memes: Good candidate with 0 followers, 0 following
2025-03-29 21:33:07,840 - INFO - FOLLOWING SCRAPER: ✓ phillipsauction: Good candidate with 0 followers, 0 following
2025-03-29 21:33:07,840 - INFO - FOLLOWING SCRAPER: ✓ filmmovement: Good candidate with 0 followers, 0 following
2025-03-29 21:33:07,840 - INFO - FOLLOWING SCRAPER: ✓ asian_redbozicowboy: Good candidate with 0 followers, 0 following
2025-03-29 21:33:07,840 - INFO - FOLLOWING SCRAPER: ✓ ccpxi_8964: Good candidate with 0 followers, 0 following
2025-03-29 21:33:07,840 - INFO - FOLLOWING SCRAPER: ✓ ngr.ev: Good candidate with 0 followers, 0 following
2025-03-29 21:33:07,840 - INFO - FOLLOWING SCRAPER: ✓ cinema_nighttt: Good candidate with 0 followers, 0 following
2025-03-29 21:33:07,840 - INFO - FOLLOWING SCRAPER: ✓ thedizzyviper: Good candidate with 0 followers, 0 following
2025-03-29 21:33:07,840 - INFO - FOLLOWING SCRAPER: ✓ laclefrevival: Good candidate with 0 followers, 0 following
2025-03-29 21:33:07,840 - INFO - FOLLOWING SCRAPER: ✓ byboyfantasy: Good candidate with 0 followers, 0 following
2025-03-29 21:33:07,840 - INFO - FOLLOWING SCRAPER: ✓ manofdutch: Good candidate with 0 followers, 0 following
2025-03-29 21:33:07,840 - INFO - FOLLOWING SCRAPER: ✓ thefineartcollective: Good candidate with 0 followers, 0 following
2025-03-29 21:33:07,840 - INFO - FOLLOWING SCRAPER: Found 14 accounts with reasonable follower/following counts
2025-03-29 21:33:07,840 - INFO - FOLLOWING SCRAPER: DEBUG: Sanitizing and saving 1862 links
2025-03-29 21:33:07,840 - INFO - FOLLOWING SCRAPER: DEBUG: After sanitization: 1862 links (removed 0)
2025-03-29 21:33:07,840 - INFO - FOLLOWING SCRAPER: DEBUG: Successfully saved 1862 links to instagram_data/followingLinks.txt
2025-03-29 21:33:07,840 - INFO - FOLLOWING SCRAPER: Links reordered to prioritize accounts with reasonable follower/following counts
2025-03-29 21:33:07,840 - INFO - FOLLOWING SCRAPER: Randomly selecting 43 accounts from 1862 available accounts
2025-03-29 21:33:07,840 - INFO - FOLLOWING SCRAPER: DEBUG: Processing randomly selected link #1228/1862: https://www.instagram.com/yuchen_ge0331/
2025-03-29 21:33:07,840 - INFO - FOLLOWING SCRAPER: DEBUG: Before processing - 1862 links in queue
2025-03-29 21:33:07,840 - INFO - FOLLOWING SCRAPER: DEBUG: Skipping already processed account: yuchen_ge0331
2025-03-29 21:33:07,840 - INFO - FOLLOWING SCRAPER: Error during batch processing: list.remove(x): x not in list
2025-03-29 21:33:07,840 - INFO - FOLLOWING SCRAPER: Browser closed. Script complete.
2025-03-29 21:33:07,894 - ERROR - DEBUG: ISSUE DETECTED - Queue size didn't decrease. Before: 1862, After: 1862, Diff: 0
2025-03-29 21:33:07,895 - INFO - DEBUG: Checking for duplicates after processing
2025-03-29 21:33:07,895 - INFO - No duplicate links found in instagram_data/followingLinks.txt
2025-03-29 21:33:07,895 - INFO - remove_processed_links function is disabled to allow re-scraping of potential rate-limited accounts
2025-03-29 21:33:07,896 - INFO - Following accounts scraping session completed with result: True
2025-03-29 21:33:07,896 - INFO - Sessions completed. Waiting 0 hours and 32 minutes before next sessions...
2025-03-29 22:05:33,874 - INFO - Current counts in status file - Followers: 879, Following: 1862
2025-03-29 22:05:33,876 - INFO - Current counts in status file - Followers: 879, Following: 1862
2025-03-29 22:05:33,877 - INFO - Set today's natural break window to 11:00-13:00
2025-03-29 22:05:33,878 - INFO - Saved data to instagram_data/auto_scrape_status.json
2025-03-29 22:05:33,878 - INFO - Saved data to instagram_data/auto_scrape_status.json
2025-03-29 22:05:33,878 - INFO - Starting new scraping session
2025-03-29 22:05:33,878 - INFO - Current counts in status file - Followers: 879, Following: 1862
2025-03-29 22:05:33,878 - INFO - Already collected all following accounts (1862/1862) and followers (879/879). Skipping main scraping session.
2025-03-29 22:05:33,878 - INFO - Now running a session to scrape following accounts network data...
2025-03-29 22:05:33,878 - INFO - Starting following accounts scraping session
2025-03-29 22:05:33,878 - INFO - remove_processed_links function is disabled to allow re-scraping of potential rate-limited accounts
2025-03-29 22:05:33,878 - INFO - DEBUG: Checking for duplicates before processing
2025-03-29 22:05:33,879 - INFO - No duplicate links found in instagram_data/followingLinks.txt
2025-03-29 22:05:33,880 - INFO - DEBUG: Before processing - 1862 accounts in queue
2025-03-29 22:05:33,886 - INFO - Using random batch size of 58 accounts for this session
2025-03-29 22:06:42,221 - INFO - FOLLOWING SCRAPER: DEBUG MODE ENABLED
2025-03-29 22:06:42,222 - INFO - FOLLOWING SCRAPER: Loaded scraping progress: 1474 accounts processed
2025-03-29 22:06:42,223 - INFO - FOLLOWING SCRAPER: Will process 58 accounts in this session
2025-03-29 22:06:42,223 - INFO - FOLLOWING SCRAPER: Logged in using button: //button[contains(.,'Log in')]
2025-03-29 22:06:42,223 - INFO - FOLLOWING SCRAPER: Login might have failed. Current URL still shows login page.
2025-03-29 22:06:42,223 - INFO - FOLLOWING SCRAPER: Rate limit statistics: 1 accounts marked as rate-limited
2025-03-29 22:06:42,223 - INFO - FOLLOWING SCRAPER: Examples of rate-limited accounts: ['benton.down']
2025-03-29 22:06:42,223 - INFO - FOLLOWING SCRAPER: Loaded 1862 links from instagram_data/followingLinks.txt
2025-03-29 22:06:42,223 - INFO - FOLLOWING SCRAPER: Loaded adjacency list from instagram_data/adjList.txt
2025-03-29 22:06:42,223 - INFO - FOLLOWING SCRAPER: Deduplicating adjacency list...
2025-03-29 22:06:42,223 - INFO - FOLLOWING SCRAPER: No duplicates found in adjList.txt
2025-03-29 22:06:42,223 - INFO - FOLLOWING SCRAPER: DEBUG: Found 6161 already processed accounts in adjList.txt
2025-03-29 22:06:42,223 - INFO - FOLLOWING SCRAPER: Found 6161 accounts that have already been processed
2025-03-29 22:06:42,223 - INFO - FOLLOWING SCRAPER: Starting batch processing of 58 accounts
2025-03-29 22:06:42,223 - INFO - FOLLOWING SCRAPER: Pre-checking accounts to prioritize ones with reasonable follower/following counts...
2025-03-29 22:06:42,224 - INFO - FOLLOWING SCRAPER: ✓ shuheisakaue: Good candidate with 0 followers, 0 following
2025-03-29 22:06:42,224 - INFO - FOLLOWING SCRAPER: ✓ catsoupai: Good candidate with 0 followers, 0 following
2025-03-29 22:06:42,224 - INFO - FOLLOWING SCRAPER: ✓ soloslop.memes: Good candidate with 0 followers, 0 following
2025-03-29 22:06:42,224 - INFO - FOLLOWING SCRAPER: ✓ phillipsauction: Good candidate with 0 followers, 0 following
2025-03-29 22:06:42,224 - INFO - FOLLOWING SCRAPER: ✓ filmmovement: Good candidate with 0 followers, 0 following
2025-03-29 22:06:42,224 - INFO - FOLLOWING SCRAPER: ✓ asian_redbozicowboy: Good candidate with 0 followers, 0 following
2025-03-29 22:06:42,224 - INFO - FOLLOWING SCRAPER: ✓ ccpxi_8964: Good candidate with 0 followers, 0 following
2025-03-29 22:06:42,224 - INFO - FOLLOWING SCRAPER: ✓ ngr.ev: Good candidate with 0 followers, 0 following
2025-03-29 22:06:42,224 - INFO - FOLLOWING SCRAPER: ✓ cinema_nighttt: Good candidate with 0 followers, 0 following
2025-03-29 22:06:42,224 - INFO - FOLLOWING SCRAPER: ✓ thedizzyviper: Good candidate with 0 followers, 0 following
2025-03-29 22:06:42,224 - INFO - FOLLOWING SCRAPER: ✓ laclefrevival: Good candidate with 0 followers, 0 following
2025-03-29 22:06:42,224 - INFO - FOLLOWING SCRAPER: ✓ byboyfantasy: Good candidate with 0 followers, 0 following
2025-03-29 22:06:42,225 - INFO - FOLLOWING SCRAPER: ✓ manofdutch: Good candidate with 0 followers, 0 following
2025-03-29 22:06:42,225 - INFO - FOLLOWING SCRAPER: ✓ thefineartcollective: Good candidate with 0 followers, 0 following
2025-03-29 22:06:42,225 - INFO - FOLLOWING SCRAPER: Found 14 accounts with reasonable follower/following counts
2025-03-29 22:06:42,225 - INFO - FOLLOWING SCRAPER: DEBUG: Sanitizing and saving 1862 links
2025-03-29 22:06:42,225 - INFO - FOLLOWING SCRAPER: DEBUG: After sanitization: 1862 links (removed 0)
2025-03-29 22:06:42,225 - INFO - FOLLOWING SCRAPER: DEBUG: Successfully saved 1862 links to instagram_data/followingLinks.txt
2025-03-29 22:06:42,225 - INFO - FOLLOWING SCRAPER: Links reordered to prioritize accounts with reasonable follower/following counts
2025-03-29 22:06:42,225 - INFO - FOLLOWING SCRAPER: Randomly selecting 58 accounts from 1862 available accounts
2025-03-29 22:06:42,225 - INFO - FOLLOWING SCRAPER: DEBUG: Processing randomly selected link #63/1862: https://www.instagram.com/yucheee/
2025-03-29 22:06:42,225 - INFO - FOLLOWING SCRAPER: DEBUG: Before processing - 1862 links in queue
2025-03-29 22:06:42,225 - INFO - FOLLOWING SCRAPER: Processing: https://www.instagram.com/yucheee/
2025-03-29 22:06:42,225 - INFO - FOLLOWING SCRAPER: Scraping accounts
2025-03-29 22:06:42,225 - INFO - FOLLOWING SCRAPER: accounts: Followers: 0, Following: 0
2025-03-29 22:06:42,225 - INFO - FOLLOWING SCRAPER: Saved data to instagram_data/scraping_progress.json
2025-03-29 22:06:42,225 - INFO - FOLLOWING SCRAPER: DEBUG: Removing link from queue: https://www.instagram.com/yucheee/
2025-03-29 22:06:42,225 - INFO - FOLLOWING SCRAPER: Error processing https://www.instagram.com/yucheee/: list.remove(x): x not in list
2025-03-29 22:06:42,226 - INFO - FOLLOWING SCRAPER: DEBUG: Moving failed link to end of queue: https://www.instagram.com/yucheee/
2025-03-29 22:06:42,226 - INFO - FOLLOWING SCRAPER: Error during batch processing: list.remove(x): x not in list
2025-03-29 22:06:42,226 - INFO - FOLLOWING SCRAPER: Browser closed. Script complete.
2025-03-29 22:06:42,265 - ERROR - DEBUG: ISSUE DETECTED - Queue size didn't decrease. Before: 1862, After: 1862, Diff: 0
2025-03-29 22:06:42,265 - INFO - DEBUG: Checking for duplicates after processing
2025-03-29 22:06:42,266 - INFO - No duplicate links found in instagram_data/followingLinks.txt
2025-03-29 22:06:42,266 - INFO - remove_processed_links function is disabled to allow re-scraping of potential rate-limited accounts
2025-03-29 22:06:42,266 - INFO - Following accounts scraping session completed with result: True
2025-03-29 22:06:42,266 - INFO - Sessions completed. Waiting 0 hours and 26 minutes before next sessions...
2025-03-29 22:33:31,259 - INFO - Current counts in status file - Followers: 879, Following: 1862
2025-03-29 22:33:31,261 - INFO - Current counts in status file - Followers: 879, Following: 1862
2025-03-29 22:33:31,264 - INFO - Set today's natural break window to 13:00-15:00
2025-03-29 22:33:31,265 - INFO - Saved data to instagram_data/auto_scrape_status.json
2025-03-29 22:33:31,266 - INFO - Saved data to instagram_data/auto_scrape_status.json
2025-03-29 22:33:31,266 - INFO - Starting new scraping session
2025-03-29 22:33:31,268 - INFO - Current counts in status file - Followers: 879, Following: 1862
2025-03-29 22:33:31,268 - INFO - Already collected all following accounts (1862/1862) and followers (879/879). Skipping main scraping session.
2025-03-29 22:33:31,268 - INFO - Now running a session to scrape following accounts network data...
2025-03-29 22:33:31,268 - INFO - Starting following accounts scraping session
2025-03-29 22:33:31,269 - INFO - remove_processed_links function is disabled to allow re-scraping of potential rate-limited accounts
2025-03-29 22:33:31,269 - INFO - DEBUG: Checking for duplicates before processing
2025-03-29 22:33:31,282 - INFO - No duplicate links found in instagram_data/followingLinks.txt
2025-03-29 22:33:31,286 - INFO - DEBUG: Before processing - 1862 accounts in queue
2025-03-29 22:33:31,315 - INFO - Using random batch size of 49 accounts for this session
2025-03-29 22:34:33,789 - INFO - FOLLOWING SCRAPER: DEBUG MODE ENABLED
2025-03-29 22:34:33,790 - INFO - FOLLOWING SCRAPER: Loaded scraping progress: 1474 accounts processed
2025-03-29 22:34:33,790 - INFO - FOLLOWING SCRAPER: Will process 49 accounts in this session
2025-03-29 22:34:33,790 - INFO - FOLLOWING SCRAPER: Logged in using button: //button[contains(.,'Log in')]
2025-03-29 22:34:33,790 - INFO - FOLLOWING SCRAPER: Login might have failed. Current URL still shows login page.
2025-03-29 22:34:33,790 - INFO - FOLLOWING SCRAPER: Rate limit statistics: 1 accounts marked as rate-limited
2025-03-29 22:34:33,790 - INFO - FOLLOWING SCRAPER: Examples of rate-limited accounts: ['benton.down']
2025-03-29 22:34:33,790 - INFO - FOLLOWING SCRAPER: Loaded 1862 links from instagram_data/followingLinks.txt
2025-03-29 22:34:33,790 - INFO - FOLLOWING SCRAPER: Loaded adjacency list from instagram_data/adjList.txt
2025-03-29 22:34:33,790 - INFO - FOLLOWING SCRAPER: Deduplicating adjacency list...
2025-03-29 22:34:33,790 - INFO - FOLLOWING SCRAPER: No duplicates found in adjList.txt
2025-03-29 22:34:33,790 - INFO - FOLLOWING SCRAPER: DEBUG: Found 6161 already processed accounts in adjList.txt
2025-03-29 22:34:33,790 - INFO - FOLLOWING SCRAPER: Found 6161 accounts that have already been processed
2025-03-29 22:34:33,790 - INFO - FOLLOWING SCRAPER: Starting batch processing of 49 accounts
2025-03-29 22:34:33,791 - INFO - FOLLOWING SCRAPER: Pre-checking accounts to prioritize ones with reasonable follower/following counts...
2025-03-29 22:34:33,791 - INFO - FOLLOWING SCRAPER: ✓ shuheisakaue: Good candidate with 0 followers, 0 following
2025-03-29 22:34:33,791 - INFO - FOLLOWING SCRAPER: ✓ catsoupai: Good candidate with 0 followers, 0 following
2025-03-29 22:34:33,791 - INFO - FOLLOWING SCRAPER: ✓ soloslop.memes: Good candidate with 0 followers, 0 following
2025-03-29 22:34:33,791 - INFO - FOLLOWING SCRAPER: ✓ phillipsauction: Good candidate with 0 followers, 0 following
2025-03-29 22:34:33,791 - INFO - FOLLOWING SCRAPER: ✓ filmmovement: Good candidate with 0 followers, 0 following
2025-03-29 22:34:33,791 - INFO - FOLLOWING SCRAPER: ✓ asian_redbozicowboy: Good candidate with 0 followers, 0 following
2025-03-29 22:34:33,791 - INFO - FOLLOWING SCRAPER: ✓ ccpxi_8964: Good candidate with 0 followers, 0 following
2025-03-29 22:34:33,791 - INFO - FOLLOWING SCRAPER: ✓ ngr.ev: Good candidate with 0 followers, 0 following
2025-03-29 22:34:33,791 - INFO - FOLLOWING SCRAPER: ✓ cinema_nighttt: Good candidate with 0 followers, 0 following
2025-03-29 22:34:33,791 - INFO - FOLLOWING SCRAPER: ✓ thedizzyviper: Good candidate with 0 followers, 0 following
2025-03-29 22:34:33,791 - INFO - FOLLOWING SCRAPER: ✓ laclefrevival: Good candidate with 0 followers, 0 following
2025-03-29 22:34:33,791 - INFO - FOLLOWING SCRAPER: ✓ byboyfantasy: Good candidate with 0 followers, 0 following
2025-03-29 22:34:33,791 - INFO - FOLLOWING SCRAPER: ✓ manofdutch: Good candidate with 0 followers, 0 following
2025-03-29 22:34:33,791 - INFO - FOLLOWING SCRAPER: ✓ thefineartcollective: Good candidate with 0 followers, 0 following
2025-03-29 22:34:33,791 - INFO - FOLLOWING SCRAPER: Found 14 accounts with reasonable follower/following counts
2025-03-29 22:34:33,791 - INFO - FOLLOWING SCRAPER: DEBUG: Sanitizing and saving 1862 links
2025-03-29 22:34:33,791 - INFO - FOLLOWING SCRAPER: DEBUG: After sanitization: 1862 links (removed 0)
2025-03-29 22:34:33,791 - INFO - FOLLOWING SCRAPER: DEBUG: Successfully saved 1862 links to instagram_data/followingLinks.txt
2025-03-29 22:34:33,791 - INFO - FOLLOWING SCRAPER: Links reordered to prioritize accounts with reasonable follower/following counts
2025-03-29 22:34:33,791 - INFO - FOLLOWING SCRAPER: Randomly selecting 49 accounts from 1862 available accounts
2025-03-29 22:34:33,791 - INFO - FOLLOWING SCRAPER: DEBUG: Processing randomly selected link #1079/1862: https://www.instagram.com/iiiiirisjxy/
2025-03-29 22:34:33,791 - INFO - FOLLOWING SCRAPER: DEBUG: Before processing - 1862 links in queue
2025-03-29 22:34:33,791 - INFO - FOLLOWING SCRAPER: DEBUG: Account iiiiirisjxy in progress data with rate_limited=False
2025-03-29 22:34:33,791 - INFO - FOLLOWING SCRAPER: DEBUG: Skipping already processed account: iiiiirisjxy
2025-03-29 22:34:33,791 - INFO - FOLLOWING SCRAPER: Error during batch processing: list.remove(x): x not in list
2025-03-29 22:34:33,791 - INFO - FOLLOWING SCRAPER: Browser closed. Script complete.
2025-03-29 22:34:33,831 - ERROR - DEBUG: ISSUE DETECTED - Queue size didn't decrease. Before: 1862, After: 1862, Diff: 0
2025-03-29 22:34:33,831 - INFO - DEBUG: Checking for duplicates after processing
2025-03-29 22:34:33,834 - INFO - No duplicate links found in instagram_data/followingLinks.txt
2025-03-29 22:34:33,834 - INFO - remove_processed_links function is disabled to allow re-scraping of potential rate-limited accounts
2025-03-29 22:34:33,834 - INFO - Following accounts scraping session completed with result: True
2025-03-29 22:34:33,834 - INFO - Sessions completed. Waiting 0 hours and 31 minutes before next sessions...
2025-03-30 09:17:08,743 - INFO - Current counts in status file - Followers: 879, Following: 1862
2025-03-30 09:17:08,746 - INFO - Current counts in status file - Followers: 879, Following: 1862
2025-03-30 09:17:08,749 - INFO - Set today's natural break window to 13:00-15:00
2025-03-30 09:17:08,750 - INFO - Saved data to instagram_data/auto_scrape_status.json
2025-03-30 09:17:08,750 - INFO - Saved data to instagram_data/auto_scrape_status.json
2025-03-30 09:17:08,751 - INFO - Starting new scraping session
2025-03-30 09:17:08,751 - INFO - Current counts in status file - Followers: 879, Following: 1862
2025-03-30 09:17:08,752 - INFO - Already collected all following accounts (1862/1862) and followers (879/879). Skipping main scraping session.
2025-03-30 09:17:08,752 - INFO - Now running a session to scrape following accounts network data...
2025-03-30 09:17:08,752 - INFO - Starting following accounts scraping session
2025-03-30 09:17:08,752 - INFO - remove_processed_links function is disabled to allow re-scraping of potential rate-limited accounts
2025-03-30 09:17:08,752 - INFO - DEBUG: Checking for duplicates before processing
2025-03-30 09:17:08,754 - INFO - No duplicate links found in instagram_data/followingLinks.txt
2025-03-30 09:17:08,755 - INFO - DEBUG: Before processing - 1862 accounts in queue
2025-03-30 09:17:08,759 - INFO - Using random batch size of 50 accounts for this session
2025-03-30 09:18:34,395 - INFO - FOLLOWING SCRAPER: DEBUG MODE ENABLED
2025-03-30 09:18:34,397 - INFO - FOLLOWING SCRAPER: Loaded scraping progress: 1474 accounts processed
2025-03-30 09:18:34,397 - INFO - FOLLOWING SCRAPER: Will process 50 accounts in this session
2025-03-30 09:18:34,397 - INFO - FOLLOWING SCRAPER: Logged in using button: //button[contains(.,'Log in')]
2025-03-30 09:18:34,397 - INFO - FOLLOWING SCRAPER: Login might have failed. Current URL still shows login page.
2025-03-30 09:18:34,397 - INFO - FOLLOWING SCRAPER: Rate limit statistics: 1 accounts marked as rate-limited
2025-03-30 09:18:34,397 - INFO - FOLLOWING SCRAPER: Examples of rate-limited accounts: ['benton.down']
2025-03-30 09:18:34,397 - INFO - FOLLOWING SCRAPER: Loaded 1862 links from instagram_data/followingLinks.txt
2025-03-30 09:18:34,397 - INFO - FOLLOWING SCRAPER: Loaded adjacency list from instagram_data/adjList.txt
2025-03-30 09:18:34,397 - INFO - FOLLOWING SCRAPER: Deduplicating adjacency list...
2025-03-30 09:18:34,397 - INFO - FOLLOWING SCRAPER: No duplicates found in adjList.txt
2025-03-30 09:18:34,397 - INFO - FOLLOWING SCRAPER: DEBUG: Found 6161 already processed accounts in adjList.txt
2025-03-30 09:18:34,397 - INFO - FOLLOWING SCRAPER: Found 6161 accounts that have already been processed
2025-03-30 09:18:34,397 - INFO - FOLLOWING SCRAPER: Starting batch processing of 50 accounts
2025-03-30 09:18:34,398 - INFO - FOLLOWING SCRAPER: Pre-checking accounts to prioritize ones with reasonable follower/following counts...
2025-03-30 09:18:34,398 - INFO - FOLLOWING SCRAPER: ✓ shuheisakaue: Good candidate with 0 followers, 0 following
2025-03-30 09:18:34,398 - INFO - FOLLOWING SCRAPER: ✓ catsoupai: Good candidate with 0 followers, 0 following
2025-03-30 09:18:34,398 - INFO - FOLLOWING SCRAPER: ✓ soloslop.memes: Good candidate with 0 followers, 0 following
2025-03-30 09:18:34,398 - INFO - FOLLOWING SCRAPER: ✓ phillipsauction: Good candidate with 0 followers, 0 following
2025-03-30 09:18:34,398 - INFO - FOLLOWING SCRAPER: ✓ filmmovement: Good candidate with 0 followers, 0 following
2025-03-30 09:18:34,398 - INFO - FOLLOWING SCRAPER: ✓ asian_redbozicowboy: Good candidate with 0 followers, 0 following
2025-03-30 09:18:34,398 - INFO - FOLLOWING SCRAPER: ✓ ccpxi_8964: Good candidate with 0 followers, 0 following
2025-03-30 09:18:34,398 - INFO - FOLLOWING SCRAPER: ✓ ngr.ev: Good candidate with 0 followers, 0 following
2025-03-30 09:18:34,398 - INFO - FOLLOWING SCRAPER: ✓ cinema_nighttt: Good candidate with 0 followers, 0 following
2025-03-30 09:18:34,398 - INFO - FOLLOWING SCRAPER: ✓ thedizzyviper: Good candidate with 0 followers, 0 following
2025-03-30 09:18:34,398 - INFO - FOLLOWING SCRAPER: ✓ laclefrevival: Good candidate with 0 followers, 0 following
2025-03-30 09:18:34,398 - INFO - FOLLOWING SCRAPER: ✓ byboyfantasy: Good candidate with 0 followers, 0 following
2025-03-30 09:18:34,398 - INFO - FOLLOWING SCRAPER: ✓ manofdutch: Good candidate with 0 followers, 0 following
2025-03-30 09:18:34,398 - INFO - FOLLOWING SCRAPER: ✓ thefineartcollective: Good candidate with 0 followers, 0 following
2025-03-30 09:18:34,398 - INFO - FOLLOWING SCRAPER: Found 14 accounts with reasonable follower/following counts
2025-03-30 09:18:34,398 - INFO - FOLLOWING SCRAPER: DEBUG: Sanitizing and saving 1862 links
2025-03-30 09:18:34,398 - INFO - FOLLOWING SCRAPER: DEBUG: After sanitization: 1862 links (removed 0)
2025-03-30 09:18:34,398 - INFO - FOLLOWING SCRAPER: DEBUG: Successfully saved 1862 links to instagram_data/followingLinks.txt
2025-03-30 09:18:34,398 - INFO - FOLLOWING SCRAPER: Links reordered to prioritize accounts with reasonable follower/following counts
2025-03-30 09:18:34,398 - INFO - FOLLOWING SCRAPER: Randomly selecting 50 accounts from 1862 available accounts
2025-03-30 09:18:34,398 - INFO - FOLLOWING SCRAPER: DEBUG: Processing randomly selected link #475/1862: https://www.instagram.com/chrizhuu/
2025-03-30 09:18:34,398 - INFO - FOLLOWING SCRAPER: DEBUG: Before processing - 1862 links in queue
2025-03-30 09:18:34,398 - INFO - FOLLOWING SCRAPER: DEBUG: Skipping already processed account: chrizhuu
2025-03-30 09:18:34,398 - INFO - FOLLOWING SCRAPER: Error during batch processing: list.remove(x): x not in list
2025-03-30 09:18:34,398 - INFO - FOLLOWING SCRAPER: Browser closed. Script complete.
2025-03-30 09:18:34,533 - ERROR - DEBUG: ISSUE DETECTED - Queue size didn't decrease. Before: 1862, After: 1862, Diff: 0
2025-03-30 09:18:34,533 - INFO - DEBUG: Checking for duplicates after processing
2025-03-30 09:18:34,533 - INFO - No duplicate links found in instagram_data/followingLinks.txt
2025-03-30 09:18:34,534 - INFO - remove_processed_links function is disabled to allow re-scraping of potential rate-limited accounts
2025-03-30 09:18:34,534 - INFO - Following accounts scraping session completed with result: True
2025-03-30 09:18:34,534 - INFO - Sessions completed. Waiting 0 hours and 24 minutes before next sessions...
2025-03-30 09:54:12,498 - INFO - Current counts in status file - Followers: 879, Following: 1862
2025-03-30 09:54:12,501 - INFO - Current counts in status file - Followers: 879, Following: 1862
2025-03-30 09:54:12,502 - INFO - Set today's natural break window to 13:00-15:00
2025-03-30 09:54:12,504 - INFO - Saved data to instagram_data/auto_scrape_status.json
2025-03-30 09:54:12,505 - INFO - Saved data to instagram_data/auto_scrape_status.json
2025-03-30 09:54:12,505 - INFO - Starting new scraping session
2025-03-30 09:54:12,505 - INFO - Current counts in status file - Followers: 879, Following: 1862
2025-03-30 09:54:12,506 - INFO - Already collected all following accounts (1862/1862) and followers (879/879). Skipping main scraping session.
2025-03-30 09:54:12,506 - INFO - Now running a session to scrape following accounts network data...
2025-03-30 09:54:12,506 - INFO - Starting following accounts scraping session
2025-03-30 09:54:12,506 - INFO - remove_processed_links function is disabled to allow re-scraping of potential rate-limited accounts
2025-03-30 09:54:12,506 - INFO - DEBUG: Checking for duplicates before processing
2025-03-30 09:54:12,509 - INFO - No duplicate links found in instagram_data/followingLinks.txt
2025-03-30 09:54:12,509 - INFO - DEBUG: Before processing - 1862 accounts in queue
2025-03-30 09:54:12,514 - INFO - Using random batch size of 49 accounts for this session
2025-03-30 09:55:15,912 - INFO - FOLLOWING SCRAPER: DEBUG MODE ENABLED
2025-03-30 09:55:15,913 - INFO - FOLLOWING SCRAPER: Loaded scraping progress: 1474 accounts processed
2025-03-30 09:55:15,913 - INFO - FOLLOWING SCRAPER: Will process 49 accounts in this session
2025-03-30 09:55:15,913 - INFO - FOLLOWING SCRAPER: Logged in using button: //button[contains(.,'Log in')]
2025-03-30 09:55:15,913 - INFO - FOLLOWING SCRAPER: Login might have failed. Current URL still shows login page.
2025-03-30 09:55:15,913 - INFO - FOLLOWING SCRAPER: Rate limit statistics: 1 accounts marked as rate-limited
2025-03-30 09:55:15,913 - INFO - FOLLOWING SCRAPER: Examples of rate-limited accounts: ['benton.down']
2025-03-30 09:55:15,913 - INFO - FOLLOWING SCRAPER: Loaded 1862 links from instagram_data/followingLinks.txt
2025-03-30 09:55:15,913 - INFO - FOLLOWING SCRAPER: Loaded adjacency list from instagram_data/adjList.txt
2025-03-30 09:55:15,913 - INFO - FOLLOWING SCRAPER: Deduplicating adjacency list...
2025-03-30 09:55:15,913 - INFO - FOLLOWING SCRAPER: No duplicates found in adjList.txt
2025-03-30 09:55:15,913 - INFO - FOLLOWING SCRAPER: DEBUG: Found 6161 already processed accounts in adjList.txt
2025-03-30 09:55:15,914 - INFO - FOLLOWING SCRAPER: Found 6161 accounts that have already been processed
2025-03-30 09:55:15,914 - INFO - FOLLOWING SCRAPER: Starting batch processing of 49 accounts
2025-03-30 09:55:15,914 - INFO - FOLLOWING SCRAPER: Pre-checking accounts to prioritize ones with reasonable follower/following counts...
2025-03-30 09:55:15,914 - INFO - FOLLOWING SCRAPER: ✓ shuheisakaue: Good candidate with 0 followers, 0 following
2025-03-30 09:55:15,914 - INFO - FOLLOWING SCRAPER: ✓ catsoupai: Good candidate with 0 followers, 0 following
2025-03-30 09:55:15,914 - INFO - FOLLOWING SCRAPER: ✓ soloslop.memes: Good candidate with 0 followers, 0 following
2025-03-30 09:55:15,914 - INFO - FOLLOWING SCRAPER: ✓ phillipsauction: Good candidate with 0 followers, 0 following
2025-03-30 09:55:15,914 - INFO - FOLLOWING SCRAPER: ✓ filmmovement: Good candidate with 0 followers, 0 following
2025-03-30 09:55:15,914 - INFO - FOLLOWING SCRAPER: ✓ asian_redbozicowboy: Good candidate with 0 followers, 0 following
2025-03-30 09:55:15,914 - INFO - FOLLOWING SCRAPER: ✓ ccpxi_8964: Good candidate with 0 followers, 0 following
2025-03-30 09:55:15,914 - INFO - FOLLOWING SCRAPER: ✓ ngr.ev: Good candidate with 0 followers, 0 following
2025-03-30 09:55:15,914 - INFO - FOLLOWING SCRAPER: ✓ cinema_nighttt: Good candidate with 0 followers, 0 following
2025-03-30 09:55:15,914 - INFO - FOLLOWING SCRAPER: ✓ thedizzyviper: Good candidate with 0 followers, 0 following
2025-03-30 09:55:15,914 - INFO - FOLLOWING SCRAPER: ✓ laclefrevival: Good candidate with 0 followers, 0 following
2025-03-30 09:55:15,914 - INFO - FOLLOWING SCRAPER: ✓ byboyfantasy: Good candidate with 0 followers, 0 following
2025-03-30 09:55:15,915 - INFO - FOLLOWING SCRAPER: ✓ manofdutch: Good candidate with 0 followers, 0 following
2025-03-30 09:55:15,915 - INFO - FOLLOWING SCRAPER: ✓ thefineartcollective: Good candidate with 0 followers, 0 following
2025-03-30 09:55:15,915 - INFO - FOLLOWING SCRAPER: Found 14 accounts with reasonable follower/following counts
2025-03-30 09:55:15,915 - INFO - FOLLOWING SCRAPER: DEBUG: Sanitizing and saving 1862 links
2025-03-30 09:55:15,915 - INFO - FOLLOWING SCRAPER: DEBUG: After sanitization: 1862 links (removed 0)
2025-03-30 09:55:15,915 - INFO - FOLLOWING SCRAPER: DEBUG: Successfully saved 1862 links to instagram_data/followingLinks.txt
2025-03-30 09:55:15,915 - INFO - FOLLOWING SCRAPER: Links reordered to prioritize accounts with reasonable follower/following counts
2025-03-30 09:55:15,915 - INFO - FOLLOWING SCRAPER: Randomly selecting 49 accounts from 1862 available accounts
2025-03-30 09:55:15,915 - INFO - FOLLOWING SCRAPER: DEBUG: Processing randomly selected link #1247/1862: https://www.instagram.com/adelinedailyphoto/
2025-03-30 09:55:15,915 - INFO - FOLLOWING SCRAPER: DEBUG: Before processing - 1862 links in queue
2025-03-30 09:55:15,915 - INFO - FOLLOWING SCRAPER: DEBUG: Account adelinedailyphoto in progress data with rate_limited=False
2025-03-30 09:55:15,915 - INFO - FOLLOWING SCRAPER: DEBUG: Skipping already processed account: adelinedailyphoto
2025-03-30 09:55:15,915 - INFO - FOLLOWING SCRAPER: Error during batch processing: list.remove(x): x not in list
2025-03-30 09:55:15,915 - INFO - FOLLOWING SCRAPER: Browser closed. Script complete.
2025-03-30 09:55:15,969 - ERROR - DEBUG: ISSUE DETECTED - Queue size didn't decrease. Before: 1862, After: 1862, Diff: 0
2025-03-30 09:55:15,969 - INFO - DEBUG: Checking for duplicates after processing
2025-03-30 09:55:15,970 - INFO - No duplicate links found in instagram_data/followingLinks.txt
2025-03-30 09:55:15,970 - INFO - remove_processed_links function is disabled to allow re-scraping of potential rate-limited accounts
2025-03-30 09:55:15,970 - INFO - Following accounts scraping session completed with result: True
2025-03-30 09:55:15,971 - INFO - Sessions completed. Waiting 0 hours and 26 minutes before next sessions...
2025-03-30 10:22:03,008 - INFO - Current counts in status file - Followers: 879, Following: 1862
2025-03-30 10:22:03,010 - INFO - Current counts in status file - Followers: 879, Following: 1862
2025-03-30 10:22:03,011 - INFO - Set today's natural break window to 12:00-14:00
2025-03-30 10:22:03,013 - INFO - Saved data to instagram_data/auto_scrape_status.json
2025-03-30 10:22:03,013 - INFO - Saved data to instagram_data/auto_scrape_status.json
2025-03-30 10:22:03,013 - INFO - Starting new scraping session
2025-03-30 10:22:03,014 - INFO - Current counts in status file - Followers: 879, Following: 1862
2025-03-30 10:22:03,014 - INFO - Already collected all following accounts (1862/1862) and followers (879/879). Skipping main scraping session.
2025-03-30 10:22:03,014 - INFO - Now running a session to scrape following accounts network data...
2025-03-30 10:22:03,014 - INFO - Starting following accounts scraping session
2025-03-30 10:22:03,014 - INFO - remove_processed_links function is disabled to allow re-scraping of potential rate-limited accounts
2025-03-30 10:22:03,014 - INFO - DEBUG: Checking for duplicates before processing
2025-03-30 10:22:03,016 - INFO - No duplicate links found in instagram_data/followingLinks.txt
2025-03-30 10:22:03,017 - INFO - DEBUG: Before processing - 1862 accounts in queue
2025-03-30 10:22:03,023 - INFO - Using random batch size of 55 accounts for this session
2025-03-30 10:23:05,883 - INFO - FOLLOWING SCRAPER: DEBUG MODE ENABLED
2025-03-30 10:23:05,883 - INFO - FOLLOWING SCRAPER: Loaded scraping progress: 1474 accounts processed
2025-03-30 10:23:05,883 - INFO - FOLLOWING SCRAPER: Will process 55 accounts in this session
2025-03-30 10:23:05,883 - INFO - FOLLOWING SCRAPER: Logged in using button: //button[contains(.,'Log in')]
2025-03-30 10:23:05,883 - INFO - FOLLOWING SCRAPER: Login might have failed. Current URL still shows login page.
2025-03-30 10:23:05,883 - INFO - FOLLOWING SCRAPER: Rate limit statistics: 1 accounts marked as rate-limited
2025-03-30 10:23:05,884 - INFO - FOLLOWING SCRAPER: Examples of rate-limited accounts: ['benton.down']
2025-03-30 10:23:05,884 - INFO - FOLLOWING SCRAPER: Loaded 1862 links from instagram_data/followingLinks.txt
2025-03-30 10:23:05,884 - INFO - FOLLOWING SCRAPER: Loaded adjacency list from instagram_data/adjList.txt
2025-03-30 10:23:05,884 - INFO - FOLLOWING SCRAPER: Deduplicating adjacency list...
2025-03-30 10:23:05,884 - INFO - FOLLOWING SCRAPER: No duplicates found in adjList.txt
2025-03-30 10:23:05,884 - INFO - FOLLOWING SCRAPER: DEBUG: Found 6161 already processed accounts in adjList.txt
2025-03-30 10:23:05,884 - INFO - FOLLOWING SCRAPER: Found 6161 accounts that have already been processed
2025-03-30 10:23:05,884 - INFO - FOLLOWING SCRAPER: Starting batch processing of 55 accounts
2025-03-30 10:23:05,884 - INFO - FOLLOWING SCRAPER: Pre-checking accounts to prioritize ones with reasonable follower/following counts...
2025-03-30 10:23:05,884 - INFO - FOLLOWING SCRAPER: ✓ shuheisakaue: Good candidate with 0 followers, 0 following
2025-03-30 10:23:05,884 - INFO - FOLLOWING SCRAPER: ✓ catsoupai: Good candidate with 0 followers, 0 following
2025-03-30 10:23:05,884 - INFO - FOLLOWING SCRAPER: ✓ soloslop.memes: Good candidate with 0 followers, 0 following
2025-03-30 10:23:05,884 - INFO - FOLLOWING SCRAPER: ✓ phillipsauction: Good candidate with 0 followers, 0 following
2025-03-30 10:23:05,884 - INFO - FOLLOWING SCRAPER: ✓ filmmovement: Good candidate with 0 followers, 0 following
2025-03-30 10:23:05,884 - INFO - FOLLOWING SCRAPER: ✓ asian_redbozicowboy: Good candidate with 0 followers, 0 following
2025-03-30 10:23:05,884 - INFO - FOLLOWING SCRAPER: ✓ ccpxi_8964: Good candidate with 0 followers, 0 following
2025-03-30 10:23:05,884 - INFO - FOLLOWING SCRAPER: ✓ ngr.ev: Good candidate with 0 followers, 0 following
2025-03-30 10:23:05,885 - INFO - FOLLOWING SCRAPER: ✓ cinema_nighttt: Good candidate with 0 followers, 0 following
2025-03-30 10:23:05,885 - INFO - FOLLOWING SCRAPER: ✓ thedizzyviper: Good candidate with 0 followers, 0 following
2025-03-30 10:23:05,885 - INFO - FOLLOWING SCRAPER: ✓ laclefrevival: Good candidate with 0 followers, 0 following
2025-03-30 10:23:05,885 - INFO - FOLLOWING SCRAPER: ✓ byboyfantasy: Good candidate with 0 followers, 0 following
2025-03-30 10:23:05,885 - INFO - FOLLOWING SCRAPER: ✓ manofdutch: Good candidate with 0 followers, 0 following
2025-03-30 10:23:05,885 - INFO - FOLLOWING SCRAPER: ✓ thefineartcollective: Good candidate with 0 followers, 0 following
2025-03-30 10:23:05,885 - INFO - FOLLOWING SCRAPER: Found 14 accounts with reasonable follower/following counts
2025-03-30 10:23:05,885 - INFO - FOLLOWING SCRAPER: DEBUG: Sanitizing and saving 1862 links
2025-03-30 10:23:05,885 - INFO - FOLLOWING SCRAPER: DEBUG: After sanitization: 1862 links (removed 0)
2025-03-30 10:23:05,885 - INFO - FOLLOWING SCRAPER: DEBUG: Successfully saved 1862 links to instagram_data/followingLinks.txt
2025-03-30 10:23:05,885 - INFO - FOLLOWING SCRAPER: Links reordered to prioritize accounts with reasonable follower/following counts
2025-03-30 10:23:05,885 - INFO - FOLLOWING SCRAPER: Randomly selecting 55 accounts from 1862 available accounts
2025-03-30 10:23:05,885 - INFO - FOLLOWING SCRAPER: DEBUG: Processing randomly selected link #364/1862: https://www.instagram.com/ruonan_li518/
2025-03-30 10:23:05,885 - INFO - FOLLOWING SCRAPER: DEBUG: Before processing - 1862 links in queue
2025-03-30 10:23:05,885 - INFO - FOLLOWING SCRAPER: DEBUG: Account ruonan_li518 in progress data with rate_limited=False
2025-03-30 10:23:05,885 - INFO - FOLLOWING SCRAPER: DEBUG: Skipping already processed account: ruonan_li518
2025-03-30 10:23:05,885 - INFO - FOLLOWING SCRAPER: Error during batch processing: list.remove(x): x not in list
2025-03-30 10:23:05,885 - INFO - FOLLOWING SCRAPER: Browser closed. Script complete.
2025-03-30 10:23:05,930 - ERROR - DEBUG: ISSUE DETECTED - Queue size didn't decrease. Before: 1862, After: 1862, Diff: 0
2025-03-30 10:23:05,930 - INFO - DEBUG: Checking for duplicates after processing
2025-03-30 10:23:05,931 - INFO - No duplicate links found in instagram_data/followingLinks.txt
2025-03-30 10:23:05,931 - INFO - remove_processed_links function is disabled to allow re-scraping of potential rate-limited accounts
2025-03-30 10:23:05,931 - INFO - Following accounts scraping session completed with result: True
2025-03-30 10:23:05,931 - INFO - Sessions completed. Waiting 0 hours and 34 minutes before next sessions...
2025-03-30 12:01:45,422 - INFO - Current counts in status file - Followers: 879, Following: 1862
2025-03-30 12:01:45,424 - INFO - Current counts in status file - Followers: 879, Following: 1862
2025-03-30 12:01:45,427 - INFO - Set today's natural break window to 12:00-14:00
2025-03-30 12:01:45,428 - INFO - Saved data to instagram_data/auto_scrape_status.json
2025-03-30 12:01:45,428 - INFO - It's 12:01, taking a natural break to appear more human-like.
2025-03-30 12:01:45,429 - INFO - Will take a 111 minute break and resume at approximately 13:52
2025-03-30 12:01:45,431 - INFO - Saved data to instagram_data/auto_scrape_status.json
2025-03-30 14:35:16,757 - INFO - Natural break complete, resuming operations
2025-03-30 14:35:16,764 - INFO - Starting new scraping session
2025-03-30 14:35:16,767 - INFO - Current counts in status file - Followers: 879, Following: 1862
2025-03-30 14:35:16,768 - INFO - Already collected all following accounts (1862/1862) and followers (879/879). Skipping main scraping session.
2025-03-30 14:35:16,768 - INFO - Now running a session to scrape following accounts network data...
2025-03-30 14:35:16,768 - INFO - Starting following accounts scraping session
2025-03-30 14:35:16,768 - INFO - remove_processed_links function is disabled to allow re-scraping of potential rate-limited accounts
2025-03-30 14:35:16,768 - INFO - DEBUG: Checking for duplicates before processing
2025-03-30 14:35:16,772 - INFO - No duplicate links found in instagram_data/followingLinks.txt
2025-03-30 14:35:16,773 - INFO - DEBUG: Before processing - 1862 accounts in queue
2025-03-30 14:35:16,781 - INFO - Using random batch size of 57 accounts for this session
2025-03-30 14:36:19,894 - INFO - FOLLOWING SCRAPER: DEBUG MODE ENABLED
2025-03-30 14:36:19,895 - INFO - FOLLOWING SCRAPER: Loaded scraping progress: 1474 accounts processed
2025-03-30 14:36:19,895 - INFO - FOLLOWING SCRAPER: Will process 57 accounts in this session
2025-03-30 14:36:19,895 - INFO - FOLLOWING SCRAPER: Logged in using button: //button[contains(.,'Log in')]
2025-03-30 14:36:19,895 - INFO - FOLLOWING SCRAPER: Login might have failed. Current URL still shows login page.
2025-03-30 14:36:19,895 - INFO - FOLLOWING SCRAPER: Rate limit statistics: 1 accounts marked as rate-limited
2025-03-30 14:36:19,895 - INFO - FOLLOWING SCRAPER: Examples of rate-limited accounts: ['benton.down']
2025-03-30 14:36:19,896 - INFO - FOLLOWING SCRAPER: Loaded 1862 links from instagram_data/followingLinks.txt
2025-03-30 14:36:19,896 - INFO - FOLLOWING SCRAPER: Loaded adjacency list from instagram_data/adjList.txt
2025-03-30 14:36:19,896 - INFO - FOLLOWING SCRAPER: Deduplicating adjacency list...
2025-03-30 14:36:19,896 - INFO - FOLLOWING SCRAPER: No duplicates found in adjList.txt
2025-03-30 14:36:19,896 - INFO - FOLLOWING SCRAPER: DEBUG: Found 6161 already processed accounts in adjList.txt
2025-03-30 14:36:19,896 - INFO - FOLLOWING SCRAPER: Found 6161 accounts that have already been processed
2025-03-30 14:36:19,896 - INFO - FOLLOWING SCRAPER: Starting batch processing of 57 accounts
2025-03-30 14:36:19,896 - INFO - FOLLOWING SCRAPER: Pre-checking accounts to prioritize ones with reasonable follower/following counts...
2025-03-30 14:36:19,896 - INFO - FOLLOWING SCRAPER: ✓ shuheisakaue: Good candidate with 18 followers, 892 following
2025-03-30 14:36:19,896 - INFO - FOLLOWING SCRAPER: ✓ catsoupai: Good candidate with 0 followers, 0 following
2025-03-30 14:36:19,896 - INFO - FOLLOWING SCRAPER: ✓ soloslop.memes: Good candidate with 70 followers, 67 following
2025-03-30 14:36:19,896 - INFO - FOLLOWING SCRAPER: ✓ phillipsauction: Good candidate with 0 followers, 0 following
2025-03-30 14:36:19,896 - INFO - FOLLOWING SCRAPER: ✓ filmmovement: Good candidate with 12 followers, 709 following
2025-03-30 14:36:19,896 - INFO - FOLLOWING SCRAPER: ✓ asian_redbozicowboy: Good candidate with 30 followers, 250 following
2025-03-30 14:36:19,896 - INFO - FOLLOWING SCRAPER: ✓ ccpxi_8964: Good candidate with 0 followers, 0 following
2025-03-30 14:36:19,896 - INFO - FOLLOWING SCRAPER: ✓ ngr.ev: Good candidate with 0 followers, 0 following
2025-03-30 14:36:19,896 - INFO - FOLLOWING SCRAPER: ✓ cinema_nighttt: Good candidate with 0 followers, 0 following
2025-03-30 14:36:19,896 - INFO - FOLLOWING SCRAPER: ✓ thedizzyviper: Good candidate with 0 followers, 0 following
2025-03-30 14:36:19,896 - INFO - FOLLOWING SCRAPER: ✓ laclefrevival: Good candidate with 0 followers, 0 following
2025-03-30 14:36:19,896 - INFO - FOLLOWING SCRAPER: ✓ byboyfantasy: Good candidate with 0 followers, 0 following
2025-03-30 14:36:19,896 - INFO - FOLLOWING SCRAPER: ✓ manofdutch: Good candidate with 0 followers, 0 following
2025-03-30 14:36:19,897 - INFO - FOLLOWING SCRAPER: ✓ thefineartcollective: Good candidate with 0 followers, 0 following
2025-03-30 14:36:19,897 - INFO - FOLLOWING SCRAPER: Found 14 accounts with reasonable follower/following counts
2025-03-30 14:36:19,897 - INFO - FOLLOWING SCRAPER: DEBUG: Sanitizing and saving 1862 links
2025-03-30 14:36:19,897 - INFO - FOLLOWING SCRAPER: DEBUG: After sanitization: 1862 links (removed 0)
2025-03-30 14:36:19,897 - INFO - FOLLOWING SCRAPER: DEBUG: Successfully saved 1862 links to instagram_data/followingLinks.txt
2025-03-30 14:36:19,897 - INFO - FOLLOWING SCRAPER: Links reordered to prioritize accounts with reasonable follower/following counts
2025-03-30 14:36:19,897 - INFO - FOLLOWING SCRAPER: Randomly selecting 57 accounts from 1862 available accounts
2025-03-30 14:36:19,897 - INFO - FOLLOWING SCRAPER: DEBUG: Processing randomly selected link #1303/1862: https://www.instagram.com/ziwei5848/
2025-03-30 14:36:19,897 - INFO - FOLLOWING SCRAPER: DEBUG: Before processing - 1862 links in queue
2025-03-30 14:36:19,897 - INFO - FOLLOWING SCRAPER: DEBUG: Account ziwei5848 in progress data with rate_limited=False
2025-03-30 14:36:19,897 - INFO - FOLLOWING SCRAPER: DEBUG: Skipping already processed account: ziwei5848
2025-03-30 14:36:19,897 - INFO - FOLLOWING SCRAPER: Error during batch processing: list.remove(x): x not in list
2025-03-30 14:36:19,897 - INFO - FOLLOWING SCRAPER: Browser closed. Script complete.
2025-03-30 14:36:19,958 - ERROR - DEBUG: ISSUE DETECTED - Queue size didn't decrease. Before: 1862, After: 1862, Diff: 0
2025-03-30 14:36:19,958 - INFO - DEBUG: Checking for duplicates after processing
2025-03-30 14:36:19,959 - INFO - No duplicate links found in instagram_data/followingLinks.txt
2025-03-30 14:36:19,959 - INFO - remove_processed_links function is disabled to allow re-scraping of potential rate-limited accounts
2025-03-30 14:36:19,959 - INFO - Following accounts scraping session completed with result: True
2025-03-30 14:36:19,959 - INFO - Sessions completed. Waiting 0 hours and 30 minutes before next sessions...
2025-03-30 15:06:54,955 - INFO - Current counts in status file - Followers: 879, Following: 1862
2025-03-30 15:06:54,959 - INFO - Current counts in status file - Followers: 879, Following: 1862
2025-03-30 15:06:54,961 - INFO - Set today's natural break window to 11:00-13:00
2025-03-30 15:06:54,966 - INFO - Saved data to instagram_data/auto_scrape_status.json
2025-03-30 15:06:54,967 - INFO - Saved data to instagram_data/auto_scrape_status.json
2025-03-30 15:06:54,967 - INFO - Starting new scraping session
2025-03-30 15:06:54,969 - INFO - Current counts in status file - Followers: 879, Following: 1862
2025-03-30 15:06:54,969 - INFO - Already collected all following accounts (1862/1862) and followers (879/879). Skipping main scraping session.
2025-03-30 15:06:54,969 - INFO - Now running a session to scrape following accounts network data...
2025-03-30 15:06:54,969 - INFO - Starting following accounts scraping session
2025-03-30 15:06:54,969 - INFO - remove_processed_links function is disabled to allow re-scraping of potential rate-limited accounts
2025-03-30 15:06:54,969 - INFO - DEBUG: Checking for duplicates before processing
2025-03-30 15:06:54,987 - INFO - No duplicate links found in instagram_data/followingLinks.txt
2025-03-30 15:06:54,993 - INFO - DEBUG: Before processing - 1862 accounts in queue
2025-03-30 15:06:55,036 - INFO - Using random batch size of 57 accounts for this session
2025-03-30 15:07:58,924 - INFO - FOLLOWING SCRAPER: DEBUG MODE ENABLED
2025-03-30 15:07:58,926 - INFO - FOLLOWING SCRAPER: Loaded scraping progress: 1474 accounts processed
2025-03-30 15:07:58,926 - INFO - FOLLOWING SCRAPER: Will process 57 accounts in this session
2025-03-30 15:07:58,926 - INFO - FOLLOWING SCRAPER: Logged in using button: //button[contains(.,'Log in')]
2025-03-30 15:07:58,926 - INFO - FOLLOWING SCRAPER: Login might have failed. Current URL still shows login page.
2025-03-30 15:07:58,926 - INFO - FOLLOWING SCRAPER: Rate limit statistics: 1 accounts marked as rate-limited
2025-03-30 15:07:58,926 - INFO - FOLLOWING SCRAPER: Examples of rate-limited accounts: ['benton.down']
2025-03-30 15:07:58,926 - INFO - FOLLOWING SCRAPER: Loaded 1862 links from instagram_data/followingLinks.txt
2025-03-30 15:07:58,926 - INFO - FOLLOWING SCRAPER: Loaded adjacency list from instagram_data/adjList.txt
2025-03-30 15:07:58,926 - INFO - FOLLOWING SCRAPER: Deduplicating adjacency list...
2025-03-30 15:07:58,926 - INFO - FOLLOWING SCRAPER: No duplicates found in adjList.txt
2025-03-30 15:07:58,926 - INFO - FOLLOWING SCRAPER: DEBUG: Found 6161 already processed accounts in adjList.txt
2025-03-30 15:07:58,926 - INFO - FOLLOWING SCRAPER: Found 6161 accounts that have already been processed
2025-03-30 15:07:58,927 - INFO - FOLLOWING SCRAPER: Starting batch processing of 57 accounts
2025-03-30 15:07:58,927 - INFO - FOLLOWING SCRAPER: Pre-checking accounts to prioritize ones with reasonable follower/following counts...
2025-03-30 15:07:58,927 - INFO - FOLLOWING SCRAPER: ✓ shuheisakaue: Good candidate with 18 followers, 892 following
2025-03-30 15:07:58,927 - INFO - FOLLOWING SCRAPER: ✓ catsoupai: Good candidate with 0 followers, 0 following
2025-03-30 15:07:58,927 - INFO - FOLLOWING SCRAPER: ✓ soloslop.memes: Good candidate with 70 followers, 67 following
2025-03-30 15:07:58,927 - INFO - FOLLOWING SCRAPER: ✓ phillipsauction: Good candidate with 430 followers, 433 following
2025-03-30 15:07:58,927 - INFO - FOLLOWING SCRAPER: ✓ filmmovement: Good candidate with 12 followers, 709 following
2025-03-30 15:07:58,927 - INFO - FOLLOWING SCRAPER: ✓ asian_redbozicowboy: Good candidate with 30 followers, 250 following
2025-03-30 15:07:58,927 - INFO - FOLLOWING SCRAPER: ✓ ccpxi_8964: Good candidate with 0 followers, 0 following
2025-03-30 15:07:58,927 - INFO - FOLLOWING SCRAPER: ✓ ngr.ev: Good candidate with 0 followers, 0 following
2025-03-30 15:07:58,927 - INFO - FOLLOWING SCRAPER: ✓ cinema_nighttt: Good candidate with 0 followers, 0 following
2025-03-30 15:07:58,927 - INFO - FOLLOWING SCRAPER: ✓ thedizzyviper: Good candidate with 0 followers, 0 following
2025-03-30 15:07:58,927 - INFO - FOLLOWING SCRAPER: ✓ laclefrevival: Good candidate with 0 followers, 0 following
2025-03-30 15:07:58,927 - INFO - FOLLOWING SCRAPER: ✓ byboyfantasy: Good candidate with 0 followers, 0 following
2025-03-30 15:07:58,927 - INFO - FOLLOWING SCRAPER: ✓ manofdutch: Good candidate with 0 followers, 0 following
2025-03-30 15:07:58,927 - INFO - FOLLOWING SCRAPER: ✓ thefineartcollective: Good candidate with 0 followers, 0 following
2025-03-30 15:07:58,928 - INFO - FOLLOWING SCRAPER: Found 14 accounts with reasonable follower/following counts
2025-03-30 15:07:58,928 - INFO - FOLLOWING SCRAPER: DEBUG: Sanitizing and saving 1862 links
2025-03-30 15:07:58,928 - INFO - FOLLOWING SCRAPER: DEBUG: After sanitization: 1862 links (removed 0)
2025-03-30 15:07:58,928 - INFO - FOLLOWING SCRAPER: DEBUG: Successfully saved 1862 links to instagram_data/followingLinks.txt
2025-03-30 15:07:58,928 - INFO - FOLLOWING SCRAPER: Links reordered to prioritize accounts with reasonable follower/following counts
2025-03-30 15:07:58,928 - INFO - FOLLOWING SCRAPER: Randomly selecting 57 accounts from 1862 available accounts
2025-03-30 15:07:58,928 - INFO - FOLLOWING SCRAPER: DEBUG: Processing randomly selected link #1665/1862: https://www.instagram.com/sebastienjiang/
2025-03-30 15:07:58,928 - INFO - FOLLOWING SCRAPER: DEBUG: Before processing - 1862 links in queue
2025-03-30 15:07:58,928 - INFO - FOLLOWING SCRAPER: DEBUG: Account sebastienjiang in progress data with rate_limited=False
2025-03-30 15:07:58,928 - INFO - FOLLOWING SCRAPER: DEBUG: Skipping already processed account: sebastienjiang
2025-03-30 15:07:58,928 - INFO - FOLLOWING SCRAPER: Error during batch processing: list.remove(x): x not in list
2025-03-30 15:07:58,928 - INFO - FOLLOWING SCRAPER: Browser closed. Script complete.
2025-03-30 15:07:59,048 - ERROR - DEBUG: ISSUE DETECTED - Queue size didn't decrease. Before: 1862, After: 1862, Diff: 0
2025-03-30 15:07:59,048 - INFO - DEBUG: Checking for duplicates after processing
2025-03-30 15:07:59,049 - INFO - No duplicate links found in instagram_data/followingLinks.txt
2025-03-30 15:07:59,052 - INFO - remove_processed_links function is disabled to allow re-scraping of potential rate-limited accounts
2025-03-30 15:07:59,053 - INFO - Following accounts scraping session completed with result: True
2025-03-30 15:07:59,053 - INFO - Sessions completed. Waiting 0 hours and 31 minutes before next sessions...
2025-03-30 15:39:33,062 - INFO - Current counts in status file - Followers: 879, Following: 1862
2025-03-30 15:39:33,066 - INFO - Current counts in status file - Followers: 879, Following: 1862
2025-03-30 15:39:33,068 - INFO - Randomly skipping this session to create a more human-like pattern
2025-03-30 15:39:33,068 - INFO - Will check again in 46 minutes
2025-03-30 16:25:33,031 - INFO - Not safe to run right now. Waiting 60 minutes before checking again
2025-03-30 16:45:33,036 - INFO - Current counts in status file - Followers: 879, Following: 1862
2025-03-30 16:45:33,039 - INFO - Current counts in status file - Followers: 879, Following: 1862
2025-03-30 16:45:33,043 - INFO - Set today's natural break window to 15:00-17:00
2025-03-30 16:45:33,047 - INFO - Saved data to instagram_data/auto_scrape_status.json
2025-03-30 16:45:33,047 - INFO - It's 16:45, taking a natural break to appear more human-like.
2025-03-30 16:45:33,047 - INFO - Will take a 109 minute break and resume at approximately 18:34
2025-03-30 16:45:33,047 - INFO - Saved data to instagram_data/auto_scrape_status.json
2025-03-30 18:34:33,063 - INFO - Natural break complete, resuming operations
2025-03-30 18:34:33,070 - INFO - Starting new scraping session
2025-03-30 18:34:33,077 - INFO - Current counts in status file - Followers: 879, Following: 1862
2025-03-30 18:34:33,077 - INFO - Already collected all following accounts (1862/1862) and followers (879/879). Skipping main scraping session.
2025-03-30 18:34:33,078 - INFO - Now running a session to scrape following accounts network data...
2025-03-30 18:34:33,078 - INFO - Starting following accounts scraping session
2025-03-30 18:34:33,078 - INFO - remove_processed_links function is disabled to allow re-scraping of potential rate-limited accounts
2025-03-30 18:34:33,078 - INFO - DEBUG: Checking for duplicates before processing
2025-03-30 18:34:33,082 - INFO - No duplicate links found in instagram_data/followingLinks.txt
2025-03-30 18:34:33,083 - INFO - DEBUG: Before processing - 1862 accounts in queue
2025-03-30 18:34:33,099 - INFO - Using random batch size of 54 accounts for this session
2025-03-30 18:35:34,480 - INFO - FOLLOWING SCRAPER: DEBUG MODE ENABLED
2025-03-30 18:35:34,481 - INFO - FOLLOWING SCRAPER: Loaded scraping progress: 1474 accounts processed
2025-03-30 18:35:34,481 - INFO - FOLLOWING SCRAPER: Will process 54 accounts in this session
2025-03-30 18:35:34,481 - INFO - FOLLOWING SCRAPER: Logged in using button: //button[contains(.,'Log in')]
2025-03-30 18:35:34,481 - INFO - FOLLOWING SCRAPER: Login might have failed. Current URL still shows login page.
2025-03-30 18:35:34,481 - INFO - FOLLOWING SCRAPER: Rate limit statistics: 1 accounts marked as rate-limited
2025-03-30 18:35:34,481 - INFO - FOLLOWING SCRAPER: Examples of rate-limited accounts: ['benton.down']
2025-03-30 18:35:34,481 - INFO - FOLLOWING SCRAPER: Loaded 1862 links from instagram_data/followingLinks.txt
2025-03-30 18:35:34,481 - INFO - FOLLOWING SCRAPER: Loaded adjacency list from instagram_data/adjList.txt
2025-03-30 18:35:34,481 - INFO - FOLLOWING SCRAPER: Deduplicating adjacency list...
2025-03-30 18:35:34,481 - INFO - FOLLOWING SCRAPER: No duplicates found in adjList.txt
2025-03-30 18:35:34,481 - INFO - FOLLOWING SCRAPER: DEBUG: Found 6161 already processed accounts in adjList.txt
2025-03-30 18:35:34,481 - INFO - FOLLOWING SCRAPER: Found 6161 accounts that have already been processed
2025-03-30 18:35:34,481 - INFO - FOLLOWING SCRAPER: Starting batch processing of 54 accounts
2025-03-30 18:35:34,481 - INFO - FOLLOWING SCRAPER: Pre-checking accounts to prioritize ones with reasonable follower/following counts...
2025-03-30 18:35:34,482 - INFO - FOLLOWING SCRAPER: ✓ shuheisakaue: Good candidate with 0 followers, 0 following
2025-03-30 18:35:34,482 - INFO - FOLLOWING SCRAPER: ✓ catsoupai: Good candidate with 0 followers, 0 following
2025-03-30 18:35:34,482 - INFO - FOLLOWING SCRAPER: ✓ soloslop.memes: Good candidate with 0 followers, 0 following
2025-03-30 18:35:34,482 - INFO - FOLLOWING SCRAPER: ✓ phillipsauction: Good candidate with 0 followers, 0 following
2025-03-30 18:35:34,482 - INFO - FOLLOWING SCRAPER: ✓ filmmovement: Good candidate with 0 followers, 0 following
2025-03-30 18:35:34,482 - INFO - FOLLOWING SCRAPER: ✓ asian_redbozicowboy: Good candidate with 0 followers, 0 following
2025-03-30 18:35:34,482 - INFO - FOLLOWING SCRAPER: ✓ ccpxi_8964: Good candidate with 0 followers, 0 following
2025-03-30 18:35:34,482 - INFO - FOLLOWING SCRAPER: ✓ ngr.ev: Good candidate with 0 followers, 0 following
2025-03-30 18:35:34,482 - INFO - FOLLOWING SCRAPER: ✓ cinema_nighttt: Good candidate with 0 followers, 0 following
2025-03-30 18:35:34,482 - INFO - FOLLOWING SCRAPER: ✓ thedizzyviper: Good candidate with 0 followers, 0 following
2025-03-30 18:35:34,482 - INFO - FOLLOWING SCRAPER: ✓ laclefrevival: Good candidate with 0 followers, 0 following
2025-03-30 18:35:34,482 - INFO - FOLLOWING SCRAPER: ✓ byboyfantasy: Good candidate with 0 followers, 0 following
2025-03-30 18:35:34,482 - INFO - FOLLOWING SCRAPER: ✓ manofdutch: Good candidate with 0 followers, 0 following
2025-03-30 18:35:34,482 - INFO - FOLLOWING SCRAPER: ✓ thefineartcollective: Good candidate with 0 followers, 0 following
2025-03-30 18:35:34,482 - INFO - FOLLOWING SCRAPER: Found 14 accounts with reasonable follower/following counts
2025-03-30 18:35:34,482 - INFO - FOLLOWING SCRAPER: DEBUG: Sanitizing and saving 1862 links
2025-03-30 18:35:34,482 - INFO - FOLLOWING SCRAPER: DEBUG: After sanitization: 1862 links (removed 0)
2025-03-30 18:35:34,482 - INFO - FOLLOWING SCRAPER: DEBUG: Successfully saved 1862 links to instagram_data/followingLinks.txt
2025-03-30 18:35:34,482 - INFO - FOLLOWING SCRAPER: Links reordered to prioritize accounts with reasonable follower/following counts
2025-03-30 18:35:34,482 - INFO - FOLLOWING SCRAPER: Randomly selecting 54 accounts from 1862 available accounts
2025-03-30 18:35:34,482 - INFO - FOLLOWING SCRAPER: DEBUG: Processing randomly selected link #995/1862: https://www.instagram.com/dusttodigital/
2025-03-30 18:35:34,482 - INFO - FOLLOWING SCRAPER: DEBUG: Before processing - 1862 links in queue
2025-03-30 18:35:34,482 - INFO - FOLLOWING SCRAPER: DEBUG: Account dusttodigital in progress data with rate_limited=False
2025-03-30 18:35:34,482 - INFO - FOLLOWING SCRAPER: Processing: https://www.instagram.com/dusttodigital/
2025-03-30 18:35:34,482 - INFO - FOLLOWING SCRAPER: Account dusttodigital already fully processed. Skipping.
2025-03-30 18:35:34,482 - INFO - FOLLOWING SCRAPER: DEBUG: Removing link from queue: https://www.instagram.com/dusttodigital/
2025-03-30 18:35:34,482 - INFO - FOLLOWING SCRAPER: Error processing https://www.instagram.com/dusttodigital/: list.remove(x): x not in list
2025-03-30 18:35:34,483 - INFO - FOLLOWING SCRAPER: DEBUG: Moving failed link to end of queue: https://www.instagram.com/dusttodigital/
2025-03-30 18:35:34,483 - INFO - FOLLOWING SCRAPER: Error during batch processing: list.remove(x): x not in list
2025-03-30 18:35:34,483 - INFO - FOLLOWING SCRAPER: Browser closed. Script complete.
2025-03-30 18:35:34,517 - ERROR - DEBUG: ISSUE DETECTED - Queue size didn't decrease. Before: 1862, After: 1862, Diff: 0
2025-03-30 18:35:34,518 - INFO - DEBUG: Checking for duplicates after processing
2025-03-30 18:35:34,518 - INFO - No duplicate links found in instagram_data/followingLinks.txt
2025-03-30 18:35:34,518 - INFO - remove_processed_links function is disabled to allow re-scraping of potential rate-limited accounts
2025-03-30 18:35:34,519 - INFO - Following accounts scraping session completed with result: True
2025-03-30 18:35:34,519 - INFO - Sessions completed. Waiting 0 hours and 37 minutes before next sessions...
2025-03-30 21:59:27,355 - INFO - Current counts in status file - Followers: 879, Following: 1862
2025-03-30 21:59:27,359 - INFO - Current counts in status file - Followers: 879, Following: 1862
2025-03-30 21:59:27,362 - INFO - Set today's natural break window to 12:00-14:00
2025-03-30 21:59:27,363 - INFO - Saved data to instagram_data/auto_scrape_status.json
2025-03-30 21:59:27,363 - INFO - Saved data to instagram_data/auto_scrape_status.json
2025-03-30 21:59:27,363 - INFO - Starting new scraping session
2025-03-30 21:59:27,364 - INFO - Current counts in status file - Followers: 879, Following: 1862
2025-03-30 21:59:27,365 - INFO - Already collected all following accounts (1862/1862) and followers (879/879). Skipping main scraping session.
2025-03-30 21:59:27,365 - INFO - Now running a session to scrape following accounts network data...
2025-03-30 21:59:27,365 - INFO - Starting following accounts scraping session
2025-03-30 21:59:27,365 - INFO - remove_processed_links function is disabled to allow re-scraping of potential rate-limited accounts
2025-03-30 21:59:27,365 - INFO - DEBUG: Checking for duplicates before processing
2025-03-30 21:59:27,367 - INFO - No duplicate links found in instagram_data/followingLinks.txt
2025-03-30 21:59:27,367 - INFO - DEBUG: Before processing - 1862 accounts in queue
2025-03-30 21:59:27,374 - INFO - Using random batch size of 51 accounts for this session
2025-03-30 21:59:28,427 - INFO - FOLLOWING SCRAPER: DEBUG MODE ENABLED
2025-03-30 21:59:28,428 - INFO - FOLLOWING SCRAPER: Loaded scraping progress: 1474 accounts processed
2025-03-30 21:59:28,428 - INFO - FOLLOWING SCRAPER: Will process 51 accounts in this session
2025-03-30 21:59:28,500 - ERROR - Following scraping failed with return code 1
2025-03-30 21:59:28,500 - ERROR - Error output: Traceback (most recent call last):
  File "/Users/chenyusu/Documents/GitHub/Instagram-Network_scraping_and_analysis/scrapingFollowing.py", line 151, in <module>
    essentialRoutines.login_insta(driver, username, password)
  File "/Users/chenyusu/Documents/GitHub/Instagram-Network_scraping_and_analysis/essentialRoutines.py", line 75, in login_insta
    driver.get("https://www.instagram.com/accounts/login")
  File "/Users/chenyusu/.pyenv/versions/3.11.8/lib/python3.11/site-packages/selenium/webdriver/remote/webdriver.py", line 454, in get
    self.execute(Command.GET, {"url": url})
  File "/Users/chenyusu/.pyenv/versions/3.11.8/lib/python3.11/site-packages/selenium/webdriver/remote/webdriver.py", line 429, in execute
    self.error_handler.check_response(response)
  File "/Users/chenyusu/.pyenv/versions/3.11.8/lib/python3.11/site-packages/selenium/webdriver/remote/errorhandler.py", line 232, in check_response
    raise exception_class(message, screen, stacktrace)
selenium.common.exceptions.WebDriverException: Message: unknown error: net::ERR_INTERNET_DISCONNECTED
  (Session info: chrome=134.0.6998.166)
Stacktrace:
0   chromedriver                        0x0000000104aeebac cxxbridge1$str$ptr + 2724820
1   chromedriver                        0x0000000104ae720c cxxbridge1$str$ptr + 2693684
2   chromedriver                        0x000000010464dafc cxxbridge1$string$len + 93348
3   chromedriver                        0x00000001046460f0 cxxbridge1$string$len + 62104
4   chromedriver                        0x00000001046380d4 cxxbridge1$string$len + 4732
5   chromedriver                        0x0000000104639ab4 cxxbridge1$string$len + 11356
6   chromedriver                        0x000000010463853c cxxbridge1$string$len + 5860
7   chromedriver                        0x0000000104637eb0 cxxbridge1$string$len + 4184
8   chromedriver                        0x0000000104637bfc cxxbridge1$string$len + 3492
9   chromedriver                        0x0000000104635914 chromedriver + 186644
10  chromedriver                        0x0000000104636438 chromedriver + 189496
11  chromedriver                        0x0000000104650aac cxxbridge1$string$len + 105556
12  chromedriver                        0x00000001046d66b4 cxxbridge1$string$len + 653404
13  chromedriver                        0x00000001046d5b94 cxxbridge1$string$len + 650556
14  chromedriver                        0x0000000104688ba0 cxxbridge1$string$len + 335176
15  chromedriver                        0x0000000104ab7664 cxxbridge1$str$ptr + 2498188
16  chromedriver                        0x0000000104aba978 cxxbridge1$str$ptr + 2511264
17  chromedriver                        0x0000000104a9cd04 cxxbridge1$str$ptr + 2389292
18  chromedriver                        0x0000000104abb220 cxxbridge1$str$ptr + 2513480
19  chromedriver                        0x0000000104a8dcec cxxbridge1$str$ptr + 2327828
20  chromedriver                        0x0000000104ad78d4 cxxbridge1$str$ptr + 2629884
21  chromedriver                        0x0000000104ad7a5c cxxbridge1$str$ptr + 2630276
22  chromedriver                        0x0000000104ae6e80 cxxbridge1$str$ptr + 2692776
23  libsystem_pthread.dylib             0x000000018e9e82e4 _pthread_start + 136
24  libsystem_pthread.dylib             0x000000018e9e30fc thread_start + 8


2025-03-30 21:59:28,501 - ERROR - DEBUG: ISSUE DETECTED - Queue size didn't decrease. Before: 1862, After: 1862, Diff: 0
2025-03-30 21:59:28,501 - INFO - DEBUG: Checking for duplicates after processing
2025-03-30 21:59:28,501 - INFO - No duplicate links found in instagram_data/followingLinks.txt
2025-03-30 21:59:28,501 - INFO - remove_processed_links function is disabled to allow re-scraping of potential rate-limited accounts
2025-03-30 21:59:28,501 - INFO - Following accounts scraping session completed with result: False
2025-03-30 21:59:28,501 - INFO - Sessions completed. Waiting 0 hours and 34 minutes before next sessions...
2025-03-30 22:33:40,539 - INFO - Current counts in status file - Followers: 879, Following: 1862
2025-03-30 22:33:40,541 - INFO - Current counts in status file - Followers: 879, Following: 1862
2025-03-30 22:33:40,543 - INFO - Randomly skipping this session to create a more human-like pattern
2025-03-30 22:33:40,543 - INFO - Will check again in 45 minutes
2025-03-31 03:34:10,055 - INFO - Not safe to run right now. Waiting 60 minutes before checking again
2025-03-31 06:51:25,846 - INFO - Current counts in status file - Followers: 879, Following: 1862
2025-03-31 06:51:25,851 - INFO - Current counts in status file - Followers: 879, Following: 1862
2025-03-31 06:51:25,853 - INFO - Set today's natural break window to 11:00-13:00
2025-03-31 06:51:25,855 - INFO - Saved data to instagram_data/auto_scrape_status.json
2025-03-31 06:51:25,855 - INFO - Saved data to instagram_data/auto_scrape_status.json
2025-03-31 06:51:25,855 - INFO - Starting new scraping session
2025-03-31 06:51:25,856 - INFO - Current counts in status file - Followers: 879, Following: 1862
2025-03-31 06:51:25,856 - INFO - Already collected all following accounts (1862/1862) and followers (879/879). Skipping main scraping session.
2025-03-31 06:51:25,856 - INFO - Now running a session to scrape following accounts network data...
2025-03-31 06:51:25,856 - INFO - Starting following accounts scraping session
2025-03-31 06:51:25,856 - INFO - remove_processed_links function is disabled to allow re-scraping of potential rate-limited accounts
2025-03-31 06:51:25,856 - INFO - DEBUG: Checking for duplicates before processing
2025-03-31 06:51:25,859 - INFO - No duplicate links found in instagram_data/followingLinks.txt
2025-03-31 06:51:25,860 - INFO - DEBUG: Before processing - 1862 accounts in queue
2025-03-31 06:51:25,866 - INFO - Using random batch size of 44 accounts for this session
2025-03-31 07:02:33,465 - INFO - FOLLOWING SCRAPER: DEBUG MODE ENABLED
2025-03-31 07:02:33,466 - INFO - FOLLOWING SCRAPER: Loaded scraping progress: 1474 accounts processed
2025-03-31 07:02:33,466 - INFO - FOLLOWING SCRAPER: Will process 44 accounts in this session
2025-03-31 07:02:33,542 - ERROR - Following scraping failed with return code 1
2025-03-31 07:02:33,542 - ERROR - Error output: Traceback (most recent call last):
  File "/Users/chenyusu/Documents/GitHub/Instagram-Network_scraping_and_analysis/scrapingFollowing.py", line 151, in <module>
    essentialRoutines.login_insta(driver, username, password)
  File "/Users/chenyusu/Documents/GitHub/Instagram-Network_scraping_and_analysis/essentialRoutines.py", line 75, in login_insta
    driver.get("https://www.instagram.com/accounts/login")
  File "/Users/chenyusu/.pyenv/versions/3.11.8/lib/python3.11/site-packages/selenium/webdriver/remote/webdriver.py", line 454, in get
    self.execute(Command.GET, {"url": url})
  File "/Users/chenyusu/.pyenv/versions/3.11.8/lib/python3.11/site-packages/selenium/webdriver/remote/webdriver.py", line 429, in execute
    self.error_handler.check_response(response)
  File "/Users/chenyusu/.pyenv/versions/3.11.8/lib/python3.11/site-packages/selenium/webdriver/remote/errorhandler.py", line 232, in check_response
    raise exception_class(message, screen, stacktrace)
selenium.common.exceptions.WebDriverException: Message: unknown error: net::ERR_INTERNET_DISCONNECTED
  (Session info: chrome=134.0.6998.166)
Stacktrace:
0   chromedriver                        0x00000001053c6bac cxxbridge1$str$ptr + 2724820
1   chromedriver                        0x00000001053bf20c cxxbridge1$str$ptr + 2693684
2   chromedriver                        0x0000000104f25afc cxxbridge1$string$len + 93348
3   chromedriver                        0x0000000104f1e0f0 cxxbridge1$string$len + 62104
4   chromedriver                        0x0000000104f100d4 cxxbridge1$string$len + 4732
5   chromedriver                        0x0000000104f11ab4 cxxbridge1$string$len + 11356
6   chromedriver                        0x0000000104f1053c cxxbridge1$string$len + 5860
7   chromedriver                        0x0000000104f0feb0 cxxbridge1$string$len + 4184
8   chromedriver                        0x0000000104f0fbfc cxxbridge1$string$len + 3492
9   chromedriver                        0x0000000104f0d914 chromedriver + 186644
10  chromedriver                        0x0000000104f0e438 chromedriver + 189496
11  chromedriver                        0x0000000104f28aac cxxbridge1$string$len + 105556
12  chromedriver                        0x0000000104fae6b4 cxxbridge1$string$len + 653404
13  chromedriver                        0x0000000104fadb94 cxxbridge1$string$len + 650556
14  chromedriver                        0x0000000104f60ba0 cxxbridge1$string$len + 335176
15  chromedriver                        0x000000010538f664 cxxbridge1$str$ptr + 2498188
16  chromedriver                        0x0000000105392978 cxxbridge1$str$ptr + 2511264
17  chromedriver                        0x0000000105374d04 cxxbridge1$str$ptr + 2389292
18  chromedriver                        0x0000000105393220 cxxbridge1$str$ptr + 2513480
19  chromedriver                        0x0000000105365cec cxxbridge1$str$ptr + 2327828
20  chromedriver                        0x00000001053af8d4 cxxbridge1$str$ptr + 2629884
21  chromedriver                        0x00000001053afa5c cxxbridge1$str$ptr + 2630276
22  chromedriver                        0x00000001053bee80 cxxbridge1$str$ptr + 2692776
23  libsystem_pthread.dylib             0x000000018e9e82e4 _pthread_start + 136
24  libsystem_pthread.dylib             0x000000018e9e30fc thread_start + 8


2025-03-31 07:02:33,542 - ERROR - DEBUG: ISSUE DETECTED - Queue size didn't decrease. Before: 1862, After: 1862, Diff: 0
2025-03-31 07:02:33,542 - INFO - DEBUG: Checking for duplicates after processing
2025-03-31 07:02:33,543 - INFO - No duplicate links found in instagram_data/followingLinks.txt
2025-03-31 07:02:33,543 - INFO - remove_processed_links function is disabled to allow re-scraping of potential rate-limited accounts
2025-03-31 07:02:33,543 - INFO - Following accounts scraping session completed with result: False
2025-03-31 07:02:33,543 - INFO - Sessions completed. Waiting 0 hours and 20 minutes before next sessions...
2025-03-31 08:45:57,052 - INFO - Current counts in status file - Followers: 879, Following: 1862
2025-03-31 08:45:57,055 - INFO - Current counts in status file - Followers: 879, Following: 1862
2025-03-31 08:45:57,058 - INFO - Set today's natural break window to 13:00-15:00
2025-03-31 08:45:57,059 - INFO - Saved data to instagram_data/auto_scrape_status.json
2025-03-31 08:45:57,059 - INFO - Saved data to instagram_data/auto_scrape_status.json
2025-03-31 08:45:57,060 - INFO - Starting new scraping session
2025-03-31 08:45:57,060 - INFO - Current counts in status file - Followers: 879, Following: 1862
2025-03-31 08:45:57,060 - INFO - Already collected all following accounts (1862/1862) and followers (879/879). Skipping main scraping session.
2025-03-31 08:45:57,061 - INFO - Now running a session to scrape following accounts network data...
2025-03-31 08:45:57,061 - INFO - Starting following accounts scraping session
2025-03-31 08:45:57,061 - INFO - remove_processed_links function is disabled to allow re-scraping of potential rate-limited accounts
2025-03-31 08:45:57,061 - INFO - DEBUG: Checking for duplicates before processing
2025-03-31 08:45:57,064 - INFO - No duplicate links found in instagram_data/followingLinks.txt
2025-03-31 08:45:57,064 - INFO - DEBUG: Before processing - 1862 accounts in queue
2025-03-31 08:45:57,069 - INFO - Using random batch size of 48 accounts for this session
2025-03-31 08:45:58,168 - INFO - FOLLOWING SCRAPER: DEBUG MODE ENABLED
2025-03-31 08:45:58,168 - INFO - FOLLOWING SCRAPER: Loaded scraping progress: 1474 accounts processed
2025-03-31 08:45:58,168 - INFO - FOLLOWING SCRAPER: Will process 48 accounts in this session
2025-03-31 08:45:58,245 - ERROR - Following scraping failed with return code 1
2025-03-31 08:45:58,245 - ERROR - Error output: Traceback (most recent call last):
  File "/Users/chenyusu/Documents/GitHub/Instagram-Network_scraping_and_analysis/scrapingFollowing.py", line 151, in <module>
    essentialRoutines.login_insta(driver, username, password)
  File "/Users/chenyusu/Documents/GitHub/Instagram-Network_scraping_and_analysis/essentialRoutines.py", line 75, in login_insta
    driver.get("https://www.instagram.com/accounts/login")
  File "/Users/chenyusu/.pyenv/versions/3.11.8/lib/python3.11/site-packages/selenium/webdriver/remote/webdriver.py", line 454, in get
    self.execute(Command.GET, {"url": url})
  File "/Users/chenyusu/.pyenv/versions/3.11.8/lib/python3.11/site-packages/selenium/webdriver/remote/webdriver.py", line 429, in execute
    self.error_handler.check_response(response)
  File "/Users/chenyusu/.pyenv/versions/3.11.8/lib/python3.11/site-packages/selenium/webdriver/remote/errorhandler.py", line 232, in check_response
    raise exception_class(message, screen, stacktrace)
selenium.common.exceptions.WebDriverException: Message: unknown error: net::ERR_INTERNET_DISCONNECTED
  (Session info: chrome=134.0.6998.166)
Stacktrace:
0   chromedriver                        0x00000001051a2bac cxxbridge1$str$ptr + 2724820
1   chromedriver                        0x000000010519b20c cxxbridge1$str$ptr + 2693684
2   chromedriver                        0x0000000104d01afc cxxbridge1$string$len + 93348
3   chromedriver                        0x0000000104cfa0f0 cxxbridge1$string$len + 62104
4   chromedriver                        0x0000000104cec0d4 cxxbridge1$string$len + 4732
5   chromedriver                        0x0000000104cedab4 cxxbridge1$string$len + 11356
6   chromedriver                        0x0000000104cec53c cxxbridge1$string$len + 5860
7   chromedriver                        0x0000000104cebeb0 cxxbridge1$string$len + 4184
8   chromedriver                        0x0000000104cebbfc cxxbridge1$string$len + 3492
9   chromedriver                        0x0000000104ce9914 chromedriver + 186644
10  chromedriver                        0x0000000104cea438 chromedriver + 189496
11  chromedriver                        0x0000000104d04aac cxxbridge1$string$len + 105556
12  chromedriver                        0x0000000104d8a6b4 cxxbridge1$string$len + 653404
13  chromedriver                        0x0000000104d89b94 cxxbridge1$string$len + 650556
14  chromedriver                        0x0000000104d3cba0 cxxbridge1$string$len + 335176
15  chromedriver                        0x000000010516b664 cxxbridge1$str$ptr + 2498188
16  chromedriver                        0x000000010516e978 cxxbridge1$str$ptr + 2511264
17  chromedriver                        0x0000000105150d04 cxxbridge1$str$ptr + 2389292
18  chromedriver                        0x000000010516f220 cxxbridge1$str$ptr + 2513480
19  chromedriver                        0x0000000105141cec cxxbridge1$str$ptr + 2327828
20  chromedriver                        0x000000010518b8d4 cxxbridge1$str$ptr + 2629884
21  chromedriver                        0x000000010518ba5c cxxbridge1$str$ptr + 2630276
22  chromedriver                        0x000000010519ae80 cxxbridge1$str$ptr + 2692776
23  libsystem_pthread.dylib             0x000000018e9e82e4 _pthread_start + 136
24  libsystem_pthread.dylib             0x000000018e9e30fc thread_start + 8


2025-03-31 08:45:58,246 - ERROR - DEBUG: ISSUE DETECTED - Queue size didn't decrease. Before: 1862, After: 1862, Diff: 0
2025-03-31 08:45:58,246 - INFO - DEBUG: Checking for duplicates after processing
2025-03-31 08:45:58,249 - INFO - No duplicate links found in instagram_data/followingLinks.txt
2025-03-31 08:45:58,249 - INFO - remove_processed_links function is disabled to allow re-scraping of potential rate-limited accounts
2025-03-31 08:45:58,249 - INFO - Following accounts scraping session completed with result: False
2025-03-31 08:45:58,249 - INFO - Sessions completed. Waiting 0 hours and 22 minutes before next sessions...
2025-03-31 09:17:41,266 - INFO - Current counts in status file - Followers: 879, Following: 1862
2025-03-31 09:17:41,268 - INFO - Current counts in status file - Followers: 879, Following: 1862
2025-03-31 09:17:41,268 - INFO - Randomly skipping this session to create a more human-like pattern
2025-03-31 09:17:41,268 - INFO - Will check again in 58 minutes
2025-03-31 10:15:41,277 - INFO - Not safe to run right now. Waiting 60 minutes before checking again
2025-03-31 10:35:41,289 - INFO - Current counts in status file - Followers: 879, Following: 1862
2025-03-31 10:35:41,293 - INFO - Current counts in status file - Followers: 879, Following: 1862
2025-03-31 10:35:41,294 - INFO - Randomly skipping this session to create a more human-like pattern
2025-03-31 10:35:41,294 - INFO - Will check again in 51 minutes
2025-03-31 12:16:07,512 - INFO - Not safe to run right now. Waiting 60 minutes before checking again
2025-03-31 15:29:04,102 - INFO - Current counts in status file - Followers: 879, Following: 1862
2025-03-31 15:29:04,108 - INFO - Current counts in status file - Followers: 879, Following: 1862
2025-03-31 15:29:04,112 - INFO - Set today's natural break window to 14:00-16:00
2025-03-31 15:29:04,115 - INFO - Saved data to instagram_data/auto_scrape_status.json
2025-03-31 15:29:04,116 - INFO - It's 15:29, taking a natural break to appear more human-like.
2025-03-31 15:29:04,117 - INFO - Will take a 148 minute break and resume at approximately 17:57
2025-03-31 15:29:04,117 - INFO - Saved data to instagram_data/auto_scrape_status.json
2025-03-31 18:33:49,518 - INFO - Natural break complete, resuming operations
2025-03-31 18:33:49,522 - INFO - Starting new scraping session
2025-03-31 18:33:49,528 - INFO - Current counts in status file - Followers: 879, Following: 1862
2025-03-31 18:33:49,528 - INFO - Already collected all following accounts (1862/1862) and followers (879/879). Skipping main scraping session.
2025-03-31 18:33:49,528 - INFO - Now running a session to scrape following accounts network data...
2025-03-31 18:33:49,528 - INFO - Starting following accounts scraping session
2025-03-31 18:33:49,529 - INFO - remove_processed_links function is disabled to allow re-scraping of potential rate-limited accounts
2025-03-31 18:33:49,529 - INFO - DEBUG: Checking for duplicates before processing
2025-03-31 18:33:49,534 - INFO - No duplicate links found in instagram_data/followingLinks.txt
2025-03-31 18:33:49,536 - INFO - DEBUG: Before processing - 1862 accounts in queue
2025-03-31 18:33:49,548 - INFO - Using random batch size of 57 accounts for this session
2025-03-31 18:41:32,304 - INFO - FOLLOWING SCRAPER: DEBUG MODE ENABLED
2025-03-31 18:41:32,305 - INFO - FOLLOWING SCRAPER: Loaded scraping progress: 1474 accounts processed
2025-03-31 18:41:32,305 - INFO - FOLLOWING SCRAPER: Will process 57 accounts in this session
2025-03-31 18:41:32,305 - INFO - FOLLOWING SCRAPER: Logged in using button: //button[contains(.,'Log in')]
2025-03-31 18:41:32,305 - INFO - FOLLOWING SCRAPER: Login might have failed. Current URL still shows login page.
2025-03-31 18:41:32,305 - INFO - FOLLOWING SCRAPER: Rate limit statistics: 1 accounts marked as rate-limited
2025-03-31 18:41:32,305 - INFO - FOLLOWING SCRAPER: Examples of rate-limited accounts: ['benton.down']
2025-03-31 18:41:32,305 - INFO - FOLLOWING SCRAPER: Loaded 1862 links from instagram_data/followingLinks.txt
2025-03-31 18:41:32,305 - INFO - FOLLOWING SCRAPER: Loaded adjacency list from instagram_data/adjList.txt
2025-03-31 18:41:32,305 - INFO - FOLLOWING SCRAPER: Deduplicating adjacency list...
2025-03-31 18:41:32,306 - INFO - FOLLOWING SCRAPER: No duplicates found in adjList.txt
2025-03-31 18:41:32,306 - INFO - FOLLOWING SCRAPER: DEBUG: Found 6161 already processed accounts in adjList.txt
2025-03-31 18:41:32,306 - INFO - FOLLOWING SCRAPER: Found 6161 accounts that have already been processed
2025-03-31 18:41:32,306 - INFO - FOLLOWING SCRAPER: Starting batch processing of 57 accounts
2025-03-31 18:41:32,306 - INFO - FOLLOWING SCRAPER: Pre-checking accounts to prioritize ones with reasonable follower/following counts...
2025-03-31 18:41:32,306 - INFO - FOLLOWING SCRAPER: Error pre-checking account 0: HTTPConnectionPool(host='localhost', port=51286): Read timed out. (read timeout=120)
2025-03-31 18:41:32,306 - INFO - FOLLOWING SCRAPER: Error pre-checking account 1: HTTPConnectionPool(host='localhost', port=51286): Read timed out. (read timeout=120)
2025-03-31 18:41:32,306 - INFO - FOLLOWING SCRAPER: ✓ soloslop.memes: Good candidate with 70 followers, 67 following
2025-03-31 18:41:32,306 - INFO - FOLLOWING SCRAPER: ✓ phillipsauction: Good candidate with 0 followers, 0 following
2025-03-31 18:41:32,306 - INFO - FOLLOWING SCRAPER: ✓ filmmovement: Good candidate with 0 followers, 0 following
2025-03-31 18:41:32,306 - INFO - FOLLOWING SCRAPER: ✓ asian_redbozicowboy: Good candidate with 0 followers, 0 following
2025-03-31 18:41:32,306 - INFO - FOLLOWING SCRAPER: ✓ ccpxi_8964: Good candidate with 11 followers, 97 following
2025-03-31 18:41:32,306 - INFO - FOLLOWING SCRAPER: ✓ ngr.ev: Good candidate with 119 followers, 191 following
2025-03-31 18:41:32,306 - INFO - FOLLOWING SCRAPER: ✓ cinema_nighttt: Good candidate with 0 followers, 0 following
2025-03-31 18:41:32,306 - INFO - FOLLOWING SCRAPER: ✓ thedizzyviper: Good candidate with 0 followers, 0 following
2025-03-31 18:41:32,306 - INFO - FOLLOWING SCRAPER: ✓ laclefrevival: Good candidate with 0 followers, 0 following
2025-03-31 18:41:32,306 - INFO - FOLLOWING SCRAPER: ✓ byboyfantasy: Good candidate with 0 followers, 0 following
2025-03-31 18:41:32,306 - INFO - FOLLOWING SCRAPER: ✓ manofdutch: Good candidate with 0 followers, 0 following
2025-03-31 18:41:32,306 - INFO - FOLLOWING SCRAPER: ✓ thefineartcollective: Good candidate with 0 followers, 0 following
2025-03-31 18:41:32,307 - INFO - FOLLOWING SCRAPER: Found 12 accounts with reasonable follower/following counts
2025-03-31 18:41:32,307 - INFO - FOLLOWING SCRAPER: DEBUG: Sanitizing and saving 1862 links
2025-03-31 18:41:32,307 - INFO - FOLLOWING SCRAPER: DEBUG: After sanitization: 1862 links (removed 0)
2025-03-31 18:41:32,307 - INFO - FOLLOWING SCRAPER: DEBUG: Successfully saved 1862 links to instagram_data/followingLinks.txt
2025-03-31 18:41:32,307 - INFO - FOLLOWING SCRAPER: Links reordered to prioritize accounts with reasonable follower/following counts
2025-03-31 18:41:32,307 - INFO - FOLLOWING SCRAPER: Randomly selecting 57 accounts from 1862 available accounts
2025-03-31 18:41:32,307 - INFO - FOLLOWING SCRAPER: DEBUG: Processing randomly selected link #1258/1862: https://www.instagram.com/yifan.xing_percy/
2025-03-31 18:41:32,307 - INFO - FOLLOWING SCRAPER: DEBUG: Before processing - 1862 links in queue
2025-03-31 18:41:32,307 - INFO - FOLLOWING SCRAPER: DEBUG: Skipping already processed account: yifan.xing_percy
2025-03-31 18:41:32,307 - INFO - FOLLOWING SCRAPER: Error during batch processing: list.remove(x): x not in list
2025-03-31 18:41:32,307 - INFO - FOLLOWING SCRAPER: Browser closed. Script complete.
2025-03-31 18:41:32,367 - ERROR - DEBUG: ISSUE DETECTED - Queue size didn't decrease. Before: 1862, After: 1862, Diff: 0
2025-03-31 18:41:32,367 - INFO - DEBUG: Checking for duplicates after processing
2025-03-31 18:41:32,368 - INFO - No duplicate links found in instagram_data/followingLinks.txt
2025-03-31 18:41:32,368 - INFO - remove_processed_links function is disabled to allow re-scraping of potential rate-limited accounts
2025-03-31 18:41:32,368 - INFO - Following accounts scraping session completed with result: True
2025-03-31 18:41:32,368 - INFO - Sessions completed. Waiting 0 hours and 29 minutes before next sessions...
2025-03-31 19:10:42,396 - INFO - Current counts in status file - Followers: 879, Following: 1862
2025-03-31 19:10:42,400 - INFO - Current counts in status file - Followers: 879, Following: 1862
2025-03-31 19:10:42,404 - INFO - Set today's natural break window to 14:00-16:00
2025-03-31 19:10:42,407 - INFO - Saved data to instagram_data/auto_scrape_status.json
2025-03-31 19:10:42,407 - INFO - Saved data to instagram_data/auto_scrape_status.json
2025-03-31 19:10:42,408 - INFO - Starting new scraping session
2025-03-31 19:10:42,409 - INFO - Current counts in status file - Followers: 879, Following: 1862
2025-03-31 19:10:42,409 - INFO - Already collected all following accounts (1862/1862) and followers (879/879). Skipping main scraping session.
2025-03-31 19:10:42,409 - INFO - Now running a session to scrape following accounts network data...
2025-03-31 19:10:42,409 - INFO - Starting following accounts scraping session
2025-03-31 19:10:42,409 - INFO - remove_processed_links function is disabled to allow re-scraping of potential rate-limited accounts
2025-03-31 19:10:42,409 - INFO - DEBUG: Checking for duplicates before processing
2025-03-31 19:10:42,412 - INFO - No duplicate links found in instagram_data/followingLinks.txt
2025-03-31 19:10:42,412 - INFO - DEBUG: Before processing - 1862 accounts in queue
2025-03-31 19:10:42,419 - INFO - Using random batch size of 50 accounts for this session
2025-03-31 19:10:43,688 - INFO - FOLLOWING SCRAPER: DEBUG MODE ENABLED
2025-03-31 19:10:43,689 - INFO - FOLLOWING SCRAPER: Loaded scraping progress: 1474 accounts processed
2025-03-31 19:10:43,689 - INFO - FOLLOWING SCRAPER: Will process 50 accounts in this session
2025-03-31 19:10:43,762 - ERROR - Following scraping failed with return code 1
2025-03-31 19:10:43,762 - ERROR - Error output: Traceback (most recent call last):
  File "/Users/chenyusu/Documents/GitHub/Instagram-Network_scraping_and_analysis/scrapingFollowing.py", line 151, in <module>
    essentialRoutines.login_insta(driver, username, password)
  File "/Users/chenyusu/Documents/GitHub/Instagram-Network_scraping_and_analysis/essentialRoutines.py", line 75, in login_insta
    driver.get("https://www.instagram.com/accounts/login")
  File "/Users/chenyusu/.pyenv/versions/3.11.8/lib/python3.11/site-packages/selenium/webdriver/remote/webdriver.py", line 454, in get
    self.execute(Command.GET, {"url": url})
  File "/Users/chenyusu/.pyenv/versions/3.11.8/lib/python3.11/site-packages/selenium/webdriver/remote/webdriver.py", line 429, in execute
    self.error_handler.check_response(response)
  File "/Users/chenyusu/.pyenv/versions/3.11.8/lib/python3.11/site-packages/selenium/webdriver/remote/errorhandler.py", line 232, in check_response
    raise exception_class(message, screen, stacktrace)
selenium.common.exceptions.WebDriverException: Message: unknown error: net::ERR_INTERNET_DISCONNECTED
  (Session info: chrome=134.0.6998.166)
Stacktrace:
0   chromedriver                        0x00000001027b6bac cxxbridge1$str$ptr + 2724820
1   chromedriver                        0x00000001027af20c cxxbridge1$str$ptr + 2693684
2   chromedriver                        0x0000000102315afc cxxbridge1$string$len + 93348
3   chromedriver                        0x000000010230e0f0 cxxbridge1$string$len + 62104
4   chromedriver                        0x00000001023000d4 cxxbridge1$string$len + 4732
5   chromedriver                        0x0000000102301ab4 cxxbridge1$string$len + 11356
6   chromedriver                        0x000000010230053c cxxbridge1$string$len + 5860
7   chromedriver                        0x00000001022ffeb0 cxxbridge1$string$len + 4184
8   chromedriver                        0x00000001022ffbfc cxxbridge1$string$len + 3492
9   chromedriver                        0x00000001022fd914 chromedriver + 186644
10  chromedriver                        0x00000001022fe438 chromedriver + 189496
11  chromedriver                        0x0000000102318aac cxxbridge1$string$len + 105556
12  chromedriver                        0x000000010239e6b4 cxxbridge1$string$len + 653404
13  chromedriver                        0x000000010239db94 cxxbridge1$string$len + 650556
14  chromedriver                        0x0000000102350ba0 cxxbridge1$string$len + 335176
15  chromedriver                        0x000000010277f664 cxxbridge1$str$ptr + 2498188
16  chromedriver                        0x0000000102782978 cxxbridge1$str$ptr + 2511264
17  chromedriver                        0x0000000102764d04 cxxbridge1$str$ptr + 2389292
18  chromedriver                        0x0000000102783220 cxxbridge1$str$ptr + 2513480
19  chromedriver                        0x0000000102755cec cxxbridge1$str$ptr + 2327828
20  chromedriver                        0x000000010279f8d4 cxxbridge1$str$ptr + 2629884
21  chromedriver                        0x000000010279fa5c cxxbridge1$str$ptr + 2630276
22  chromedriver                        0x00000001027aee80 cxxbridge1$str$ptr + 2692776
23  libsystem_pthread.dylib             0x000000018e9e82e4 _pthread_start + 136
24  libsystem_pthread.dylib             0x000000018e9e30fc thread_start + 8


2025-03-31 19:10:43,762 - ERROR - DEBUG: ISSUE DETECTED - Queue size didn't decrease. Before: 1862, After: 1862, Diff: 0
2025-03-31 19:10:43,762 - INFO - DEBUG: Checking for duplicates after processing
2025-03-31 19:10:43,763 - INFO - No duplicate links found in instagram_data/followingLinks.txt
2025-03-31 19:10:43,763 - INFO - remove_processed_links function is disabled to allow re-scraping of potential rate-limited accounts
2025-03-31 19:10:43,763 - INFO - Following accounts scraping session completed with result: False
2025-03-31 19:10:43,763 - INFO - Sessions completed. Waiting 0 hours and 37 minutes before next sessions...
2025-03-31 19:48:12,800 - INFO - Current counts in status file - Followers: 879, Following: 1862
2025-03-31 19:48:12,803 - INFO - Current counts in status file - Followers: 879, Following: 1862
2025-03-31 19:48:12,804 - INFO - Set today's natural break window to 14:00-16:00
2025-03-31 19:48:12,805 - INFO - Saved data to instagram_data/auto_scrape_status.json
2025-03-31 19:48:12,806 - INFO - Saved data to instagram_data/auto_scrape_status.json
2025-03-31 19:48:12,806 - INFO - Starting new scraping session
2025-03-31 19:48:12,807 - INFO - Current counts in status file - Followers: 879, Following: 1862
2025-03-31 19:48:12,807 - INFO - Already collected all following accounts (1862/1862) and followers (879/879). Skipping main scraping session.
2025-03-31 19:48:12,807 - INFO - Now running a session to scrape following accounts network data...
2025-03-31 19:48:12,807 - INFO - Starting following accounts scraping session
2025-03-31 19:48:12,807 - INFO - remove_processed_links function is disabled to allow re-scraping of potential rate-limited accounts
2025-03-31 19:48:12,807 - INFO - DEBUG: Checking for duplicates before processing
2025-03-31 19:48:12,811 - INFO - No duplicate links found in instagram_data/followingLinks.txt
2025-03-31 19:48:12,812 - INFO - DEBUG: Before processing - 1862 accounts in queue
2025-03-31 19:48:12,817 - INFO - Using random batch size of 56 accounts for this session
2025-03-31 19:48:13,777 - INFO - FOLLOWING SCRAPER: DEBUG MODE ENABLED
2025-03-31 19:48:13,778 - INFO - FOLLOWING SCRAPER: Loaded scraping progress: 1474 accounts processed
2025-03-31 19:48:13,778 - INFO - FOLLOWING SCRAPER: Will process 56 accounts in this session
2025-03-31 19:48:13,868 - ERROR - Following scraping failed with return code 1
2025-03-31 19:48:13,868 - ERROR - Error output: Traceback (most recent call last):
  File "/Users/chenyusu/Documents/GitHub/Instagram-Network_scraping_and_analysis/scrapingFollowing.py", line 151, in <module>
    essentialRoutines.login_insta(driver, username, password)
  File "/Users/chenyusu/Documents/GitHub/Instagram-Network_scraping_and_analysis/essentialRoutines.py", line 75, in login_insta
    driver.get("https://www.instagram.com/accounts/login")
  File "/Users/chenyusu/.pyenv/versions/3.11.8/lib/python3.11/site-packages/selenium/webdriver/remote/webdriver.py", line 454, in get
    self.execute(Command.GET, {"url": url})
  File "/Users/chenyusu/.pyenv/versions/3.11.8/lib/python3.11/site-packages/selenium/webdriver/remote/webdriver.py", line 429, in execute
    self.error_handler.check_response(response)
  File "/Users/chenyusu/.pyenv/versions/3.11.8/lib/python3.11/site-packages/selenium/webdriver/remote/errorhandler.py", line 232, in check_response
    raise exception_class(message, screen, stacktrace)
selenium.common.exceptions.WebDriverException: Message: unknown error: net::ERR_INTERNET_DISCONNECTED
  (Session info: chrome=134.0.6998.166)
Stacktrace:
0   chromedriver                        0x0000000102bf6bac cxxbridge1$str$ptr + 2724820
1   chromedriver                        0x0000000102bef20c cxxbridge1$str$ptr + 2693684
2   chromedriver                        0x0000000102755afc cxxbridge1$string$len + 93348
3   chromedriver                        0x000000010274e0f0 cxxbridge1$string$len + 62104
4   chromedriver                        0x00000001027400d4 cxxbridge1$string$len + 4732
5   chromedriver                        0x0000000102741ab4 cxxbridge1$string$len + 11356
6   chromedriver                        0x000000010274053c cxxbridge1$string$len + 5860
7   chromedriver                        0x000000010273feb0 cxxbridge1$string$len + 4184
8   chromedriver                        0x000000010273fbfc cxxbridge1$string$len + 3492
9   chromedriver                        0x000000010273d914 chromedriver + 186644
10  chromedriver                        0x000000010273e438 chromedriver + 189496
11  chromedriver                        0x0000000102758aac cxxbridge1$string$len + 105556
12  chromedriver                        0x00000001027de6b4 cxxbridge1$string$len + 653404
13  chromedriver                        0x00000001027ddb94 cxxbridge1$string$len + 650556
14  chromedriver                        0x0000000102790ba0 cxxbridge1$string$len + 335176
15  chromedriver                        0x0000000102bbf664 cxxbridge1$str$ptr + 2498188
16  chromedriver                        0x0000000102bc2978 cxxbridge1$str$ptr + 2511264
17  chromedriver                        0x0000000102ba4d04 cxxbridge1$str$ptr + 2389292
18  chromedriver                        0x0000000102bc3220 cxxbridge1$str$ptr + 2513480
19  chromedriver                        0x0000000102b95cec cxxbridge1$str$ptr + 2327828
20  chromedriver                        0x0000000102bdf8d4 cxxbridge1$str$ptr + 2629884
21  chromedriver                        0x0000000102bdfa5c cxxbridge1$str$ptr + 2630276
22  chromedriver                        0x0000000102beee80 cxxbridge1$str$ptr + 2692776
23  libsystem_pthread.dylib             0x000000018e9e82e4 _pthread_start + 136
24  libsystem_pthread.dylib             0x000000018e9e30fc thread_start + 8


2025-03-31 19:48:13,868 - ERROR - DEBUG: ISSUE DETECTED - Queue size didn't decrease. Before: 1862, After: 1862, Diff: 0
2025-03-31 19:48:13,868 - INFO - DEBUG: Checking for duplicates after processing
2025-03-31 19:48:13,870 - INFO - No duplicate links found in instagram_data/followingLinks.txt
2025-03-31 19:48:13,870 - INFO - remove_processed_links function is disabled to allow re-scraping of potential rate-limited accounts
2025-03-31 19:48:13,870 - INFO - Following accounts scraping session completed with result: False
2025-03-31 19:48:13,870 - INFO - Sessions completed. Waiting 0 hours and 31 minutes before next sessions...
2025-03-31 20:19:59,901 - INFO - Current counts in status file - Followers: 879, Following: 1862
2025-03-31 20:19:59,904 - INFO - Current counts in status file - Followers: 879, Following: 1862
2025-03-31 20:19:59,905 - INFO - Set today's natural break window to 15:00-17:00
2025-03-31 20:19:59,906 - INFO - Saved data to instagram_data/auto_scrape_status.json
2025-03-31 20:19:59,907 - INFO - Saved data to instagram_data/auto_scrape_status.json
2025-03-31 20:19:59,907 - INFO - Starting new scraping session
2025-03-31 20:19:59,908 - INFO - Current counts in status file - Followers: 879, Following: 1862
2025-03-31 20:19:59,908 - INFO - Already collected all following accounts (1862/1862) and followers (879/879). Skipping main scraping session.
2025-03-31 20:19:59,908 - INFO - Now running a session to scrape following accounts network data...
2025-03-31 20:19:59,908 - INFO - Starting following accounts scraping session
2025-03-31 20:19:59,908 - INFO - remove_processed_links function is disabled to allow re-scraping of potential rate-limited accounts
2025-03-31 20:19:59,908 - INFO - DEBUG: Checking for duplicates before processing
2025-03-31 20:19:59,913 - INFO - No duplicate links found in instagram_data/followingLinks.txt
2025-03-31 20:19:59,913 - INFO - DEBUG: Before processing - 1862 accounts in queue
2025-03-31 20:19:59,919 - INFO - Using random batch size of 47 accounts for this session
2025-03-31 20:20:00,893 - INFO - FOLLOWING SCRAPER: DEBUG MODE ENABLED
2025-03-31 20:20:00,895 - INFO - FOLLOWING SCRAPER: Loaded scraping progress: 1474 accounts processed
2025-03-31 20:20:00,895 - INFO - FOLLOWING SCRAPER: Will process 47 accounts in this session
2025-03-31 20:20:00,997 - ERROR - Following scraping failed with return code 1
2025-03-31 20:20:00,997 - ERROR - Error output: Traceback (most recent call last):
  File "/Users/chenyusu/Documents/GitHub/Instagram-Network_scraping_and_analysis/scrapingFollowing.py", line 151, in <module>
    essentialRoutines.login_insta(driver, username, password)
  File "/Users/chenyusu/Documents/GitHub/Instagram-Network_scraping_and_analysis/essentialRoutines.py", line 75, in login_insta
    driver.get("https://www.instagram.com/accounts/login")
  File "/Users/chenyusu/.pyenv/versions/3.11.8/lib/python3.11/site-packages/selenium/webdriver/remote/webdriver.py", line 454, in get
    self.execute(Command.GET, {"url": url})
  File "/Users/chenyusu/.pyenv/versions/3.11.8/lib/python3.11/site-packages/selenium/webdriver/remote/webdriver.py", line 429, in execute
    self.error_handler.check_response(response)
  File "/Users/chenyusu/.pyenv/versions/3.11.8/lib/python3.11/site-packages/selenium/webdriver/remote/errorhandler.py", line 232, in check_response
    raise exception_class(message, screen, stacktrace)
selenium.common.exceptions.WebDriverException: Message: unknown error: net::ERR_INTERNET_DISCONNECTED
  (Session info: chrome=134.0.6998.166)
Stacktrace:
0   chromedriver                        0x0000000101042bac cxxbridge1$str$ptr + 2724820
1   chromedriver                        0x000000010103b20c cxxbridge1$str$ptr + 2693684
2   chromedriver                        0x0000000100ba1afc cxxbridge1$string$len + 93348
3   chromedriver                        0x0000000100b9a0f0 cxxbridge1$string$len + 62104
4   chromedriver                        0x0000000100b8c0d4 cxxbridge1$string$len + 4732
5   chromedriver                        0x0000000100b8dab4 cxxbridge1$string$len + 11356
6   chromedriver                        0x0000000100b8c53c cxxbridge1$string$len + 5860
7   chromedriver                        0x0000000100b8beb0 cxxbridge1$string$len + 4184
8   chromedriver                        0x0000000100b8bbfc cxxbridge1$string$len + 3492
9   chromedriver                        0x0000000100b89914 chromedriver + 186644
10  chromedriver                        0x0000000100b8a438 chromedriver + 189496
11  chromedriver                        0x0000000100ba4aac cxxbridge1$string$len + 105556
12  chromedriver                        0x0000000100c2a6b4 cxxbridge1$string$len + 653404
13  chromedriver                        0x0000000100c29b94 cxxbridge1$string$len + 650556
14  chromedriver                        0x0000000100bdcba0 cxxbridge1$string$len + 335176
15  chromedriver                        0x000000010100b664 cxxbridge1$str$ptr + 2498188
16  chromedriver                        0x000000010100e978 cxxbridge1$str$ptr + 2511264
17  chromedriver                        0x0000000100ff0d04 cxxbridge1$str$ptr + 2389292
18  chromedriver                        0x000000010100f220 cxxbridge1$str$ptr + 2513480
19  chromedriver                        0x0000000100fe1cec cxxbridge1$str$ptr + 2327828
20  chromedriver                        0x000000010102b8d4 cxxbridge1$str$ptr + 2629884
21  chromedriver                        0x000000010102ba5c cxxbridge1$str$ptr + 2630276
22  chromedriver                        0x000000010103ae80 cxxbridge1$str$ptr + 2692776
23  libsystem_pthread.dylib             0x000000018e9e82e4 _pthread_start + 136
24  libsystem_pthread.dylib             0x000000018e9e30fc thread_start + 8


2025-03-31 20:20:00,997 - ERROR - DEBUG: ISSUE DETECTED - Queue size didn't decrease. Before: 1862, After: 1862, Diff: 0
2025-03-31 20:20:00,997 - INFO - DEBUG: Checking for duplicates after processing
2025-03-31 20:20:00,998 - INFO - No duplicate links found in instagram_data/followingLinks.txt
2025-03-31 20:20:00,998 - INFO - remove_processed_links function is disabled to allow re-scraping of potential rate-limited accounts
2025-03-31 20:20:00,998 - INFO - Following accounts scraping session completed with result: False
2025-03-31 20:20:00,998 - INFO - Sessions completed. Waiting 0 hours and 30 minutes before next sessions...
2025-03-31 20:50:13,028 - INFO - Current counts in status file - Followers: 879, Following: 1862
2025-03-31 20:50:13,030 - INFO - Current counts in status file - Followers: 879, Following: 1862
2025-03-31 20:50:13,031 - INFO - Set today's natural break window to 13:00-15:00
2025-03-31 20:50:13,032 - INFO - Saved data to instagram_data/auto_scrape_status.json
2025-03-31 20:50:13,032 - INFO - Saved data to instagram_data/auto_scrape_status.json
2025-03-31 20:50:13,032 - INFO - Starting new scraping session
2025-03-31 20:50:13,033 - INFO - Current counts in status file - Followers: 879, Following: 1862
2025-03-31 20:50:13,033 - INFO - Already collected all following accounts (1862/1862) and followers (879/879). Skipping main scraping session.
2025-03-31 20:50:13,033 - INFO - Now running a session to scrape following accounts network data...
2025-03-31 20:50:13,033 - INFO - Starting following accounts scraping session
2025-03-31 20:50:13,033 - INFO - remove_processed_links function is disabled to allow re-scraping of potential rate-limited accounts
2025-03-31 20:50:13,033 - INFO - DEBUG: Checking for duplicates before processing
2025-03-31 20:50:13,037 - INFO - No duplicate links found in instagram_data/followingLinks.txt
2025-03-31 20:50:13,038 - INFO - DEBUG: Before processing - 1862 accounts in queue
2025-03-31 20:50:13,048 - INFO - Using random batch size of 40 accounts for this session
2025-03-31 20:50:13,952 - INFO - FOLLOWING SCRAPER: DEBUG MODE ENABLED
2025-03-31 20:50:13,952 - INFO - FOLLOWING SCRAPER: Loaded scraping progress: 1474 accounts processed
2025-03-31 20:50:13,952 - INFO - FOLLOWING SCRAPER: Will process 40 accounts in this session
2025-03-31 20:50:14,071 - ERROR - Following scraping failed with return code 1
2025-03-31 20:50:14,071 - ERROR - Error output: Traceback (most recent call last):
  File "/Users/chenyusu/Documents/GitHub/Instagram-Network_scraping_and_analysis/scrapingFollowing.py", line 151, in <module>
    essentialRoutines.login_insta(driver, username, password)
  File "/Users/chenyusu/Documents/GitHub/Instagram-Network_scraping_and_analysis/essentialRoutines.py", line 75, in login_insta
    driver.get("https://www.instagram.com/accounts/login")
  File "/Users/chenyusu/.pyenv/versions/3.11.8/lib/python3.11/site-packages/selenium/webdriver/remote/webdriver.py", line 454, in get
    self.execute(Command.GET, {"url": url})
  File "/Users/chenyusu/.pyenv/versions/3.11.8/lib/python3.11/site-packages/selenium/webdriver/remote/webdriver.py", line 429, in execute
    self.error_handler.check_response(response)
  File "/Users/chenyusu/.pyenv/versions/3.11.8/lib/python3.11/site-packages/selenium/webdriver/remote/errorhandler.py", line 232, in check_response
    raise exception_class(message, screen, stacktrace)
selenium.common.exceptions.WebDriverException: Message: unknown error: net::ERR_INTERNET_DISCONNECTED
  (Session info: chrome=134.0.6998.166)
Stacktrace:
0   chromedriver                        0x0000000103002bac cxxbridge1$str$ptr + 2724820
1   chromedriver                        0x0000000102ffb20c cxxbridge1$str$ptr + 2693684
2   chromedriver                        0x0000000102b61afc cxxbridge1$string$len + 93348
3   chromedriver                        0x0000000102b5a0f0 cxxbridge1$string$len + 62104
4   chromedriver                        0x0000000102b4c0d4 cxxbridge1$string$len + 4732
5   chromedriver                        0x0000000102b4dab4 cxxbridge1$string$len + 11356
6   chromedriver                        0x0000000102b4c53c cxxbridge1$string$len + 5860
7   chromedriver                        0x0000000102b4beb0 cxxbridge1$string$len + 4184
8   chromedriver                        0x0000000102b4bbfc cxxbridge1$string$len + 3492
9   chromedriver                        0x0000000102b49914 chromedriver + 186644
10  chromedriver                        0x0000000102b4a438 chromedriver + 189496
11  chromedriver                        0x0000000102b64aac cxxbridge1$string$len + 105556
12  chromedriver                        0x0000000102bea6b4 cxxbridge1$string$len + 653404
13  chromedriver                        0x0000000102be9b94 cxxbridge1$string$len + 650556
14  chromedriver                        0x0000000102b9cba0 cxxbridge1$string$len + 335176
15  chromedriver                        0x0000000102fcb664 cxxbridge1$str$ptr + 2498188
16  chromedriver                        0x0000000102fce978 cxxbridge1$str$ptr + 2511264
17  chromedriver                        0x0000000102fb0d04 cxxbridge1$str$ptr + 2389292
18  chromedriver                        0x0000000102fcf220 cxxbridge1$str$ptr + 2513480
19  chromedriver                        0x0000000102fa1cec cxxbridge1$str$ptr + 2327828
20  chromedriver                        0x0000000102feb8d4 cxxbridge1$str$ptr + 2629884
21  chromedriver                        0x0000000102feba5c cxxbridge1$str$ptr + 2630276
22  chromedriver                        0x0000000102ffae80 cxxbridge1$str$ptr + 2692776
23  libsystem_pthread.dylib             0x000000018e9e82e4 _pthread_start + 136
24  libsystem_pthread.dylib             0x000000018e9e30fc thread_start + 8


2025-03-31 20:50:14,071 - ERROR - DEBUG: ISSUE DETECTED - Queue size didn't decrease. Before: 1862, After: 1862, Diff: 0
2025-03-31 20:50:14,071 - INFO - DEBUG: Checking for duplicates after processing
2025-03-31 20:50:14,072 - INFO - No duplicate links found in instagram_data/followingLinks.txt
2025-03-31 20:50:14,072 - INFO - remove_processed_links function is disabled to allow re-scraping of potential rate-limited accounts
2025-03-31 20:50:14,072 - INFO - Following accounts scraping session completed with result: False
2025-03-31 20:50:14,072 - INFO - Sessions completed. Waiting 0 hours and 32 minutes before next sessions...
2025-03-31 21:22:56,105 - INFO - Current counts in status file - Followers: 879, Following: 1862
2025-03-31 21:22:56,109 - INFO - Current counts in status file - Followers: 879, Following: 1862
2025-03-31 21:22:56,109 - INFO - Set today's natural break window to 11:00-13:00
2025-03-31 21:22:56,111 - INFO - Saved data to instagram_data/auto_scrape_status.json
2025-03-31 21:22:56,112 - INFO - Saved data to instagram_data/auto_scrape_status.json
2025-03-31 21:22:56,112 - INFO - Starting new scraping session
2025-03-31 21:22:56,113 - INFO - Current counts in status file - Followers: 879, Following: 1862
2025-03-31 21:22:56,113 - INFO - Already collected all following accounts (1862/1862) and followers (879/879). Skipping main scraping session.
2025-03-31 21:22:56,113 - INFO - Now running a session to scrape following accounts network data...
2025-03-31 21:22:56,113 - INFO - Starting following accounts scraping session
2025-03-31 21:22:56,113 - INFO - remove_processed_links function is disabled to allow re-scraping of potential rate-limited accounts
2025-03-31 21:22:56,113 - INFO - DEBUG: Checking for duplicates before processing
2025-03-31 21:22:56,117 - INFO - No duplicate links found in instagram_data/followingLinks.txt
2025-03-31 21:22:56,117 - INFO - DEBUG: Before processing - 1862 accounts in queue
2025-03-31 21:22:56,123 - INFO - Using random batch size of 53 accounts for this session
2025-03-31 21:22:57,023 - INFO - FOLLOWING SCRAPER: DEBUG MODE ENABLED
2025-03-31 21:22:57,023 - INFO - FOLLOWING SCRAPER: Loaded scraping progress: 1474 accounts processed
2025-03-31 21:22:57,023 - INFO - FOLLOWING SCRAPER: Will process 53 accounts in this session
2025-03-31 21:22:57,101 - ERROR - Following scraping failed with return code 1
2025-03-31 21:22:57,101 - ERROR - Error output: Traceback (most recent call last):
  File "/Users/chenyusu/Documents/GitHub/Instagram-Network_scraping_and_analysis/scrapingFollowing.py", line 151, in <module>
    essentialRoutines.login_insta(driver, username, password)
  File "/Users/chenyusu/Documents/GitHub/Instagram-Network_scraping_and_analysis/essentialRoutines.py", line 75, in login_insta
    driver.get("https://www.instagram.com/accounts/login")
  File "/Users/chenyusu/.pyenv/versions/3.11.8/lib/python3.11/site-packages/selenium/webdriver/remote/webdriver.py", line 454, in get
    self.execute(Command.GET, {"url": url})
  File "/Users/chenyusu/.pyenv/versions/3.11.8/lib/python3.11/site-packages/selenium/webdriver/remote/webdriver.py", line 429, in execute
    self.error_handler.check_response(response)
  File "/Users/chenyusu/.pyenv/versions/3.11.8/lib/python3.11/site-packages/selenium/webdriver/remote/errorhandler.py", line 232, in check_response
    raise exception_class(message, screen, stacktrace)
selenium.common.exceptions.WebDriverException: Message: unknown error: net::ERR_INTERNET_DISCONNECTED
  (Session info: chrome=134.0.6998.166)
Stacktrace:
0   chromedriver                        0x0000000100d46bac cxxbridge1$str$ptr + 2724820
1   chromedriver                        0x0000000100d3f20c cxxbridge1$str$ptr + 2693684
2   chromedriver                        0x00000001008a5afc cxxbridge1$string$len + 93348
3   chromedriver                        0x000000010089e0f0 cxxbridge1$string$len + 62104
4   chromedriver                        0x00000001008900d4 cxxbridge1$string$len + 4732
5   chromedriver                        0x0000000100891ab4 cxxbridge1$string$len + 11356
6   chromedriver                        0x000000010089053c cxxbridge1$string$len + 5860
7   chromedriver                        0x000000010088feb0 cxxbridge1$string$len + 4184
8   chromedriver                        0x000000010088fbfc cxxbridge1$string$len + 3492
9   chromedriver                        0x000000010088d914 chromedriver + 186644
10  chromedriver                        0x000000010088e438 chromedriver + 189496
11  chromedriver                        0x00000001008a8aac cxxbridge1$string$len + 105556
12  chromedriver                        0x000000010092e6b4 cxxbridge1$string$len + 653404
13  chromedriver                        0x000000010092db94 cxxbridge1$string$len + 650556
14  chromedriver                        0x00000001008e0ba0 cxxbridge1$string$len + 335176
15  chromedriver                        0x0000000100d0f664 cxxbridge1$str$ptr + 2498188
16  chromedriver                        0x0000000100d12978 cxxbridge1$str$ptr + 2511264
17  chromedriver                        0x0000000100cf4d04 cxxbridge1$str$ptr + 2389292
18  chromedriver                        0x0000000100d13220 cxxbridge1$str$ptr + 2513480
19  chromedriver                        0x0000000100ce5cec cxxbridge1$str$ptr + 2327828
20  chromedriver                        0x0000000100d2f8d4 cxxbridge1$str$ptr + 2629884
21  chromedriver                        0x0000000100d2fa5c cxxbridge1$str$ptr + 2630276
22  chromedriver                        0x0000000100d3ee80 cxxbridge1$str$ptr + 2692776
23  libsystem_pthread.dylib             0x000000018e9e82e4 _pthread_start + 136
24  libsystem_pthread.dylib             0x000000018e9e30fc thread_start + 8


2025-03-31 21:22:57,101 - ERROR - DEBUG: ISSUE DETECTED - Queue size didn't decrease. Before: 1862, After: 1862, Diff: 0
2025-03-31 21:22:57,101 - INFO - DEBUG: Checking for duplicates after processing
2025-03-31 21:22:57,101 - INFO - No duplicate links found in instagram_data/followingLinks.txt
2025-03-31 21:22:57,101 - INFO - remove_processed_links function is disabled to allow re-scraping of potential rate-limited accounts
2025-03-31 21:22:57,102 - INFO - Following accounts scraping session completed with result: False
2025-03-31 21:22:57,102 - INFO - Sessions completed. Waiting 0 hours and 31 minutes before next sessions...
2025-03-31 22:15:47,177 - INFO - Current counts in status file - Followers: 879, Following: 1862
2025-03-31 22:15:47,179 - INFO - Current counts in status file - Followers: 879, Following: 1862
2025-03-31 22:15:47,179 - INFO - Randomly skipping this session to create a more human-like pattern
2025-03-31 22:15:47,179 - INFO - Will check again in 30 minutes
2025-03-31 22:48:42,163 - INFO - Not safe to run right now. Waiting 60 minutes before checking again
2025-03-31 23:08:42,185 - INFO - Current counts in status file - Followers: 879, Following: 1862
2025-03-31 23:08:42,187 - INFO - Current counts in status file - Followers: 879, Following: 1862
2025-03-31 23:08:42,190 - INFO - Set today's natural break window to 14:00-16:00
2025-03-31 23:08:42,192 - INFO - Saved data to instagram_data/auto_scrape_status.json
2025-03-31 23:08:42,192 - INFO - Saved data to instagram_data/auto_scrape_status.json
2025-03-31 23:08:42,193 - INFO - Starting new scraping session
2025-03-31 23:08:42,193 - INFO - Current counts in status file - Followers: 879, Following: 1862
2025-03-31 23:08:42,193 - INFO - Already collected all following accounts (1862/1862) and followers (879/879). Skipping main scraping session.
2025-03-31 23:08:42,193 - INFO - Now running a session to scrape following accounts network data...
2025-03-31 23:08:42,194 - INFO - Starting following accounts scraping session
2025-03-31 23:08:42,194 - INFO - remove_processed_links function is disabled to allow re-scraping of potential rate-limited accounts
2025-03-31 23:08:42,194 - INFO - DEBUG: Checking for duplicates before processing
2025-03-31 23:08:42,196 - INFO - No duplicate links found in instagram_data/followingLinks.txt
2025-03-31 23:08:42,196 - INFO - DEBUG: Before processing - 1862 accounts in queue
2025-03-31 23:08:42,204 - INFO - Using random batch size of 42 accounts for this session
2025-03-31 23:08:43,386 - INFO - FOLLOWING SCRAPER: DEBUG MODE ENABLED
2025-03-31 23:08:43,386 - INFO - FOLLOWING SCRAPER: Loaded scraping progress: 1474 accounts processed
2025-03-31 23:08:43,386 - INFO - FOLLOWING SCRAPER: Will process 42 accounts in this session
2025-03-31 23:08:43,461 - ERROR - Following scraping failed with return code 1
2025-03-31 23:08:43,461 - ERROR - Error output: Traceback (most recent call last):
  File "/Users/chenyusu/Documents/GitHub/Instagram-Network_scraping_and_analysis/scrapingFollowing.py", line 151, in <module>
    essentialRoutines.login_insta(driver, username, password)
  File "/Users/chenyusu/Documents/GitHub/Instagram-Network_scraping_and_analysis/essentialRoutines.py", line 75, in login_insta
    driver.get("https://www.instagram.com/accounts/login")
  File "/Users/chenyusu/.pyenv/versions/3.11.8/lib/python3.11/site-packages/selenium/webdriver/remote/webdriver.py", line 454, in get
    self.execute(Command.GET, {"url": url})
  File "/Users/chenyusu/.pyenv/versions/3.11.8/lib/python3.11/site-packages/selenium/webdriver/remote/webdriver.py", line 429, in execute
    self.error_handler.check_response(response)
  File "/Users/chenyusu/.pyenv/versions/3.11.8/lib/python3.11/site-packages/selenium/webdriver/remote/errorhandler.py", line 232, in check_response
    raise exception_class(message, screen, stacktrace)
selenium.common.exceptions.WebDriverException: Message: unknown error: net::ERR_INTERNET_DISCONNECTED
  (Session info: chrome=134.0.6998.166)
Stacktrace:
0   chromedriver                        0x0000000102d2ebac cxxbridge1$str$ptr + 2724820
1   chromedriver                        0x0000000102d2720c cxxbridge1$str$ptr + 2693684
2   chromedriver                        0x000000010288dafc cxxbridge1$string$len + 93348
3   chromedriver                        0x00000001028860f0 cxxbridge1$string$len + 62104
4   chromedriver                        0x00000001028780d4 cxxbridge1$string$len + 4732
5   chromedriver                        0x0000000102879ab4 cxxbridge1$string$len + 11356
6   chromedriver                        0x000000010287853c cxxbridge1$string$len + 5860
7   chromedriver                        0x0000000102877eb0 cxxbridge1$string$len + 4184
8   chromedriver                        0x0000000102877bfc cxxbridge1$string$len + 3492
9   chromedriver                        0x0000000102875914 chromedriver + 186644
10  chromedriver                        0x0000000102876438 chromedriver + 189496
11  chromedriver                        0x0000000102890aac cxxbridge1$string$len + 105556
12  chromedriver                        0x00000001029166b4 cxxbridge1$string$len + 653404
13  chromedriver                        0x0000000102915b94 cxxbridge1$string$len + 650556
14  chromedriver                        0x00000001028c8ba0 cxxbridge1$string$len + 335176
15  chromedriver                        0x0000000102cf7664 cxxbridge1$str$ptr + 2498188
16  chromedriver                        0x0000000102cfa978 cxxbridge1$str$ptr + 2511264
17  chromedriver                        0x0000000102cdcd04 cxxbridge1$str$ptr + 2389292
18  chromedriver                        0x0000000102cfb220 cxxbridge1$str$ptr + 2513480
19  chromedriver                        0x0000000102ccdcec cxxbridge1$str$ptr + 2327828
20  chromedriver                        0x0000000102d178d4 cxxbridge1$str$ptr + 2629884
21  chromedriver                        0x0000000102d17a5c cxxbridge1$str$ptr + 2630276
22  chromedriver                        0x0000000102d26e80 cxxbridge1$str$ptr + 2692776
23  libsystem_pthread.dylib             0x000000018e9e82e4 _pthread_start + 136
24  libsystem_pthread.dylib             0x000000018e9e30fc thread_start + 8


2025-03-31 23:08:43,462 - ERROR - DEBUG: ISSUE DETECTED - Queue size didn't decrease. Before: 1862, After: 1862, Diff: 0
2025-03-31 23:08:43,462 - INFO - DEBUG: Checking for duplicates after processing
2025-03-31 23:08:43,463 - INFO - No duplicate links found in instagram_data/followingLinks.txt
2025-03-31 23:08:43,463 - INFO - remove_processed_links function is disabled to allow re-scraping of potential rate-limited accounts
2025-03-31 23:08:43,463 - INFO - Following accounts scraping session completed with result: False
2025-03-31 23:08:43,463 - INFO - Sessions completed. Waiting 0 hours and 33 minutes before next sessions...
2025-04-01 01:00:07,119 - INFO - Current counts in status file - Followers: 879, Following: 1862
2025-04-01 01:00:07,121 - INFO - Current counts in status file - Followers: 879, Following: 1862
2025-04-01 01:00:07,124 - INFO - Set today's natural break window to 11:00-13:00
2025-04-01 01:00:07,125 - INFO - Saved data to instagram_data/auto_scrape_status.json
2025-04-01 01:00:07,125 - INFO - Saved data to instagram_data/auto_scrape_status.json
2025-04-01 01:00:07,125 - INFO - Starting new scraping session
2025-04-01 01:00:07,125 - INFO - Current counts in status file - Followers: 879, Following: 1862
2025-04-01 01:00:07,126 - INFO - Already collected all following accounts (1862/1862) and followers (879/879). Skipping main scraping session.
2025-04-01 01:00:07,126 - INFO - Now running a session to scrape following accounts network data...
2025-04-01 01:00:07,126 - INFO - Starting following accounts scraping session
2025-04-01 01:00:07,126 - INFO - remove_processed_links function is disabled to allow re-scraping of potential rate-limited accounts
2025-04-01 01:00:07,126 - INFO - DEBUG: Checking for duplicates before processing
2025-04-01 01:00:07,130 - INFO - No duplicate links found in instagram_data/followingLinks.txt
2025-04-01 01:00:07,130 - INFO - DEBUG: Before processing - 1862 accounts in queue
2025-04-01 01:00:07,133 - INFO - Using random batch size of 48 accounts for this session
2025-04-01 01:00:08,010 - INFO - FOLLOWING SCRAPER: DEBUG MODE ENABLED
2025-04-01 01:00:08,010 - INFO - FOLLOWING SCRAPER: Loaded scraping progress: 1474 accounts processed
2025-04-01 01:00:08,010 - INFO - FOLLOWING SCRAPER: Will process 48 accounts in this session
2025-04-01 01:00:08,083 - ERROR - Following scraping failed with return code 1
2025-04-01 01:00:08,083 - ERROR - Error output: Traceback (most recent call last):
  File "/Users/chenyusu/Documents/GitHub/Instagram-Network_scraping_and_analysis/scrapingFollowing.py", line 151, in <module>
    essentialRoutines.login_insta(driver, username, password)
  File "/Users/chenyusu/Documents/GitHub/Instagram-Network_scraping_and_analysis/essentialRoutines.py", line 75, in login_insta
    driver.get("https://www.instagram.com/accounts/login")
  File "/Users/chenyusu/.pyenv/versions/3.11.8/lib/python3.11/site-packages/selenium/webdriver/remote/webdriver.py", line 454, in get
    self.execute(Command.GET, {"url": url})
  File "/Users/chenyusu/.pyenv/versions/3.11.8/lib/python3.11/site-packages/selenium/webdriver/remote/webdriver.py", line 429, in execute
    self.error_handler.check_response(response)
  File "/Users/chenyusu/.pyenv/versions/3.11.8/lib/python3.11/site-packages/selenium/webdriver/remote/errorhandler.py", line 232, in check_response
    raise exception_class(message, screen, stacktrace)
selenium.common.exceptions.WebDriverException: Message: unknown error: net::ERR_INTERNET_DISCONNECTED
  (Session info: chrome=134.0.6998.166)
Stacktrace:
0   chromedriver                        0x0000000100eeebac cxxbridge1$str$ptr + 2724820
1   chromedriver                        0x0000000100ee720c cxxbridge1$str$ptr + 2693684
2   chromedriver                        0x0000000100a4dafc cxxbridge1$string$len + 93348
3   chromedriver                        0x0000000100a460f0 cxxbridge1$string$len + 62104
4   chromedriver                        0x0000000100a380d4 cxxbridge1$string$len + 4732
5   chromedriver                        0x0000000100a39ab4 cxxbridge1$string$len + 11356
6   chromedriver                        0x0000000100a3853c cxxbridge1$string$len + 5860
7   chromedriver                        0x0000000100a37eb0 cxxbridge1$string$len + 4184
8   chromedriver                        0x0000000100a37bfc cxxbridge1$string$len + 3492
9   chromedriver                        0x0000000100a35914 chromedriver + 186644
10  chromedriver                        0x0000000100a36438 chromedriver + 189496
11  chromedriver                        0x0000000100a50aac cxxbridge1$string$len + 105556
12  chromedriver                        0x0000000100ad66b4 cxxbridge1$string$len + 653404
13  chromedriver                        0x0000000100ad5b94 cxxbridge1$string$len + 650556
14  chromedriver                        0x0000000100a88ba0 cxxbridge1$string$len + 335176
15  chromedriver                        0x0000000100eb7664 cxxbridge1$str$ptr + 2498188
16  chromedriver                        0x0000000100eba978 cxxbridge1$str$ptr + 2511264
17  chromedriver                        0x0000000100e9cd04 cxxbridge1$str$ptr + 2389292
18  chromedriver                        0x0000000100ebb220 cxxbridge1$str$ptr + 2513480
19  chromedriver                        0x0000000100e8dcec cxxbridge1$str$ptr + 2327828
20  chromedriver                        0x0000000100ed78d4 cxxbridge1$str$ptr + 2629884
21  chromedriver                        0x0000000100ed7a5c cxxbridge1$str$ptr + 2630276
22  chromedriver                        0x0000000100ee6e80 cxxbridge1$str$ptr + 2692776
23  libsystem_pthread.dylib             0x000000018e9e82e4 _pthread_start + 136
24  libsystem_pthread.dylib             0x000000018e9e30fc thread_start + 8


2025-04-01 01:00:08,083 - ERROR - DEBUG: ISSUE DETECTED - Queue size didn't decrease. Before: 1862, After: 1862, Diff: 0
2025-04-01 01:00:08,083 - INFO - DEBUG: Checking for duplicates after processing
2025-04-01 01:00:08,084 - INFO - No duplicate links found in instagram_data/followingLinks.txt
2025-04-01 01:00:08,084 - INFO - remove_processed_links function is disabled to allow re-scraping of potential rate-limited accounts
2025-04-01 01:00:08,084 - INFO - Following accounts scraping session completed with result: False
2025-04-01 01:00:08,084 - INFO - Sessions completed. Waiting 0 hours and 25 minutes before next sessions...
2025-04-01 05:56:34,139 - INFO - Current counts in status file - Followers: 879, Following: 1862
2025-04-01 05:56:34,140 - INFO - Current counts in status file - Followers: 879, Following: 1862
2025-04-01 05:56:34,141 - INFO - It's 5:56, during pause hours. Waiting until morning.
2025-04-01 05:56:34,141 - INFO - Not safe to run right now. Waiting 60 minutes before checking again
2025-04-01 08:05:38,901 - INFO - Current counts in status file - Followers: 879, Following: 1862
2025-04-01 08:05:38,904 - INFO - Current counts in status file - Followers: 879, Following: 1862
2025-04-01 08:05:38,907 - INFO - Set today's natural break window to 12:00-14:00
2025-04-01 08:05:38,909 - INFO - Saved data to instagram_data/auto_scrape_status.json
2025-04-01 08:05:38,909 - INFO - Saved data to instagram_data/auto_scrape_status.json
2025-04-01 08:05:38,909 - INFO - Starting new scraping session
2025-04-01 08:05:38,910 - INFO - Current counts in status file - Followers: 879, Following: 1862
2025-04-01 08:05:38,910 - INFO - Already collected all following accounts (1862/1862) and followers (879/879). Skipping main scraping session.
2025-04-01 08:05:38,911 - INFO - Now running a session to scrape following accounts network data...
2025-04-01 08:05:38,911 - INFO - Starting following accounts scraping session
2025-04-01 08:05:38,911 - INFO - remove_processed_links function is disabled to allow re-scraping of potential rate-limited accounts
2025-04-01 08:05:38,911 - INFO - DEBUG: Checking for duplicates before processing
2025-04-01 08:05:38,915 - INFO - No duplicate links found in instagram_data/followingLinks.txt
2025-04-01 08:05:38,915 - INFO - DEBUG: Before processing - 1862 accounts in queue
2025-04-01 08:05:38,922 - INFO - Using random batch size of 58 accounts for this session
2025-04-01 08:05:39,990 - INFO - FOLLOWING SCRAPER: DEBUG MODE ENABLED
2025-04-01 08:05:39,991 - INFO - FOLLOWING SCRAPER: Loaded scraping progress: 1474 accounts processed
2025-04-01 08:05:39,991 - INFO - FOLLOWING SCRAPER: Will process 58 accounts in this session
2025-04-01 08:05:40,068 - ERROR - Following scraping failed with return code 1
2025-04-01 08:05:40,068 - ERROR - Error output: Traceback (most recent call last):
  File "/Users/chenyusu/Documents/GitHub/Instagram-Network_scraping_and_analysis/scrapingFollowing.py", line 151, in <module>
    essentialRoutines.login_insta(driver, username, password)
  File "/Users/chenyusu/Documents/GitHub/Instagram-Network_scraping_and_analysis/essentialRoutines.py", line 75, in login_insta
    driver.get("https://www.instagram.com/accounts/login")
  File "/Users/chenyusu/.pyenv/versions/3.11.8/lib/python3.11/site-packages/selenium/webdriver/remote/webdriver.py", line 454, in get
    self.execute(Command.GET, {"url": url})
  File "/Users/chenyusu/.pyenv/versions/3.11.8/lib/python3.11/site-packages/selenium/webdriver/remote/webdriver.py", line 429, in execute
    self.error_handler.check_response(response)
  File "/Users/chenyusu/.pyenv/versions/3.11.8/lib/python3.11/site-packages/selenium/webdriver/remote/errorhandler.py", line 232, in check_response
    raise exception_class(message, screen, stacktrace)
selenium.common.exceptions.WebDriverException: Message: unknown error: net::ERR_INTERNET_DISCONNECTED
  (Session info: chrome=134.0.6998.166)
Stacktrace:
0   chromedriver                        0x0000000102bcabac cxxbridge1$str$ptr + 2724820
1   chromedriver                        0x0000000102bc320c cxxbridge1$str$ptr + 2693684
2   chromedriver                        0x0000000102729afc cxxbridge1$string$len + 93348
3   chromedriver                        0x00000001027220f0 cxxbridge1$string$len + 62104
4   chromedriver                        0x00000001027140d4 cxxbridge1$string$len + 4732
5   chromedriver                        0x0000000102715ab4 cxxbridge1$string$len + 11356
6   chromedriver                        0x000000010271453c cxxbridge1$string$len + 5860
7   chromedriver                        0x0000000102713eb0 cxxbridge1$string$len + 4184
8   chromedriver                        0x0000000102713bfc cxxbridge1$string$len + 3492
9   chromedriver                        0x0000000102711914 chromedriver + 186644
10  chromedriver                        0x0000000102712438 chromedriver + 189496
11  chromedriver                        0x000000010272caac cxxbridge1$string$len + 105556
12  chromedriver                        0x00000001027b26b4 cxxbridge1$string$len + 653404
13  chromedriver                        0x00000001027b1b94 cxxbridge1$string$len + 650556
14  chromedriver                        0x0000000102764ba0 cxxbridge1$string$len + 335176
15  chromedriver                        0x0000000102b93664 cxxbridge1$str$ptr + 2498188
16  chromedriver                        0x0000000102b96978 cxxbridge1$str$ptr + 2511264
17  chromedriver                        0x0000000102b78d04 cxxbridge1$str$ptr + 2389292
18  chromedriver                        0x0000000102b97220 cxxbridge1$str$ptr + 2513480
19  chromedriver                        0x0000000102b69cec cxxbridge1$str$ptr + 2327828
20  chromedriver                        0x0000000102bb38d4 cxxbridge1$str$ptr + 2629884
21  chromedriver                        0x0000000102bb3a5c cxxbridge1$str$ptr + 2630276
22  chromedriver                        0x0000000102bc2e80 cxxbridge1$str$ptr + 2692776
23  libsystem_pthread.dylib             0x000000018e9e82e4 _pthread_start + 136
24  libsystem_pthread.dylib             0x000000018e9e30fc thread_start + 8


2025-04-01 08:05:40,069 - ERROR - DEBUG: ISSUE DETECTED - Queue size didn't decrease. Before: 1862, After: 1862, Diff: 0
2025-04-01 08:05:40,069 - INFO - DEBUG: Checking for duplicates after processing
2025-04-01 08:05:40,070 - INFO - No duplicate links found in instagram_data/followingLinks.txt
2025-04-01 08:05:40,070 - INFO - remove_processed_links function is disabled to allow re-scraping of potential rate-limited accounts
2025-04-01 08:05:40,070 - INFO - Following accounts scraping session completed with result: False
2025-04-01 08:05:40,070 - INFO - Sessions completed. Waiting 0 hours and 39 minutes before next sessions...
2025-04-01 09:43:11,275 - INFO - Current counts in status file - Followers: 879, Following: 1862
2025-04-01 09:43:11,278 - INFO - Current counts in status file - Followers: 879, Following: 1862
2025-04-01 09:43:11,281 - INFO - Set today's natural break window to 12:00-14:00
2025-04-01 09:43:11,283 - INFO - Saved data to instagram_data/auto_scrape_status.json
2025-04-01 09:43:11,284 - INFO - Saved data to instagram_data/auto_scrape_status.json
2025-04-01 09:43:11,284 - INFO - Starting new scraping session
2025-04-01 09:43:11,285 - INFO - Current counts in status file - Followers: 879, Following: 1862
2025-04-01 09:43:11,285 - INFO - Already collected all following accounts (1862/1862) and followers (879/879). Skipping main scraping session.
2025-04-01 09:43:11,285 - INFO - Now running a session to scrape following accounts network data...
2025-04-01 09:43:11,285 - INFO - Starting following accounts scraping session
2025-04-01 09:43:11,285 - INFO - remove_processed_links function is disabled to allow re-scraping of potential rate-limited accounts
2025-04-01 09:43:11,285 - INFO - DEBUG: Checking for duplicates before processing
2025-04-01 09:43:11,287 - INFO - No duplicate links found in instagram_data/followingLinks.txt
2025-04-01 09:43:11,287 - INFO - DEBUG: Before processing - 1862 accounts in queue
2025-04-01 09:43:11,292 - INFO - Using random batch size of 58 accounts for this session
2025-04-01 09:44:20,773 - INFO - FOLLOWING SCRAPER: DEBUG MODE ENABLED
2025-04-01 09:44:20,775 - INFO - FOLLOWING SCRAPER: Loaded scraping progress: 1474 accounts processed
2025-04-01 09:44:20,775 - INFO - FOLLOWING SCRAPER: Will process 58 accounts in this session
2025-04-01 09:44:20,775 - INFO - FOLLOWING SCRAPER: Logged in using button: //button[contains(.,'Log in')]
2025-04-01 09:44:20,775 - INFO - FOLLOWING SCRAPER: Login might have failed. Current URL still shows login page.
2025-04-01 09:44:20,775 - INFO - FOLLOWING SCRAPER: Rate limit statistics: 1 accounts marked as rate-limited
2025-04-01 09:44:20,775 - INFO - FOLLOWING SCRAPER: Examples of rate-limited accounts: ['benton.down']
2025-04-01 09:44:20,775 - INFO - FOLLOWING SCRAPER: Loaded 1862 links from instagram_data/followingLinks.txt
2025-04-01 09:44:20,775 - INFO - FOLLOWING SCRAPER: Loaded adjacency list from instagram_data/adjList.txt
2025-04-01 09:44:20,775 - INFO - FOLLOWING SCRAPER: Deduplicating adjacency list...
2025-04-01 09:44:20,775 - INFO - FOLLOWING SCRAPER: No duplicates found in adjList.txt
2025-04-01 09:44:20,776 - INFO - FOLLOWING SCRAPER: DEBUG: Found 6161 already processed accounts in adjList.txt
2025-04-01 09:44:20,776 - INFO - FOLLOWING SCRAPER: Found 6161 accounts that have already been processed
2025-04-01 09:44:20,776 - INFO - FOLLOWING SCRAPER: Starting batch processing of 58 accounts
2025-04-01 09:44:20,776 - INFO - FOLLOWING SCRAPER: Pre-checking accounts to prioritize ones with reasonable follower/following counts...
2025-04-01 09:44:20,776 - INFO - FOLLOWING SCRAPER: ✓ soloslop.memes: Good candidate with 70 followers, 67 following
2025-04-01 09:44:20,776 - INFO - FOLLOWING SCRAPER: ✓ phillipsauction: Good candidate with 0 followers, 0 following
2025-04-01 09:44:20,776 - INFO - FOLLOWING SCRAPER: ✓ filmmovement: Good candidate with 13 followers, 709 following
2025-04-01 09:44:20,776 - INFO - FOLLOWING SCRAPER: ✓ asian_redbozicowboy: Good candidate with 0 followers, 0 following
2025-04-01 09:44:20,776 - INFO - FOLLOWING SCRAPER: ✓ ccpxi_8964: Good candidate with 0 followers, 0 following
2025-04-01 09:44:20,777 - INFO - FOLLOWING SCRAPER: ✓ ngr.ev: Good candidate with 0 followers, 0 following
2025-04-01 09:44:20,777 - INFO - FOLLOWING SCRAPER: ✓ cinema_nighttt: Good candidate with 0 followers, 0 following
2025-04-01 09:44:20,777 - INFO - FOLLOWING SCRAPER: ✓ thedizzyviper: Good candidate with 179 followers, 903 following
2025-04-01 09:44:20,777 - INFO - FOLLOWING SCRAPER: ✓ laclefrevival: Good candidate with 0 followers, 0 following
2025-04-01 09:44:20,777 - INFO - FOLLOWING SCRAPER: ✓ byboyfantasy: Good candidate with 0 followers, 0 following
2025-04-01 09:44:20,777 - INFO - FOLLOWING SCRAPER: ✓ manofdutch: Good candidate with 30 followers, 57 following
2025-04-01 09:44:20,777 - INFO - FOLLOWING SCRAPER: ✓ thefineartcollective: Good candidate with 679 followers, 920 following
2025-04-01 09:44:20,777 - INFO - FOLLOWING SCRAPER: ✓ shuheisakaue: Good candidate with 19 followers, 891 following
2025-04-01 09:44:20,777 - INFO - FOLLOWING SCRAPER: ✓ catsoupai: Good candidate with 0 followers, 0 following
2025-04-01 09:44:20,777 - INFO - FOLLOWING SCRAPER: Found 14 accounts with reasonable follower/following counts
2025-04-01 09:44:20,777 - INFO - FOLLOWING SCRAPER: DEBUG: Sanitizing and saving 1862 links
2025-04-01 09:44:20,777 - INFO - FOLLOWING SCRAPER: DEBUG: After sanitization: 1862 links (removed 0)
2025-04-01 09:44:20,777 - INFO - FOLLOWING SCRAPER: DEBUG: Successfully saved 1862 links to instagram_data/followingLinks.txt
2025-04-01 09:44:20,777 - INFO - FOLLOWING SCRAPER: Links reordered to prioritize accounts with reasonable follower/following counts
2025-04-01 09:44:20,777 - INFO - FOLLOWING SCRAPER: Randomly selecting 58 accounts from 1862 available accounts
2025-04-01 09:44:20,777 - INFO - FOLLOWING SCRAPER: DEBUG: Processing randomly selected link #1633/1862: https://www.instagram.com/mneme_liu/
2025-04-01 09:44:20,777 - INFO - FOLLOWING SCRAPER: DEBUG: Before processing - 1862 links in queue
2025-04-01 09:44:20,778 - INFO - FOLLOWING SCRAPER: DEBUG: Account mneme_liu in progress data with rate_limited=False
2025-04-01 09:44:20,778 - INFO - FOLLOWING SCRAPER: Processing: https://www.instagram.com/mneme_liu/
2025-04-01 09:44:20,778 - INFO - FOLLOWING SCRAPER: Account mneme_liu already fully processed. Skipping.
2025-04-01 09:44:20,778 - INFO - FOLLOWING SCRAPER: DEBUG: Removing link from queue: https://www.instagram.com/mneme_liu/
2025-04-01 09:44:20,778 - INFO - FOLLOWING SCRAPER: Error processing https://www.instagram.com/mneme_liu/: list.remove(x): x not in list
2025-04-01 09:44:20,778 - INFO - FOLLOWING SCRAPER: DEBUG: Moving failed link to end of queue: https://www.instagram.com/mneme_liu/
2025-04-01 09:44:20,778 - INFO - FOLLOWING SCRAPER: Error during batch processing: list.remove(x): x not in list
2025-04-01 09:44:20,778 - INFO - FOLLOWING SCRAPER: Browser closed. Script complete.
2025-04-01 09:44:20,864 - ERROR - DEBUG: ISSUE DETECTED - Queue size didn't decrease. Before: 1862, After: 1862, Diff: 0
2025-04-01 09:44:20,864 - INFO - DEBUG: Checking for duplicates after processing
2025-04-01 09:44:20,864 - INFO - No duplicate links found in instagram_data/followingLinks.txt
2025-04-01 09:44:20,864 - INFO - remove_processed_links function is disabled to allow re-scraping of potential rate-limited accounts
2025-04-01 09:44:20,865 - INFO - Following accounts scraping session completed with result: True
2025-04-01 09:44:20,865 - INFO - Sessions completed. Waiting 0 hours and 33 minutes before next sessions...
2025-04-01 10:17:33,889 - INFO - Current counts in status file - Followers: 879, Following: 1862
2025-04-01 10:17:33,890 - INFO - Current counts in status file - Followers: 879, Following: 1862
2025-04-01 10:17:33,892 - INFO - Set today's natural break window to 16:00-18:00
2025-04-01 10:17:33,893 - INFO - Saved data to instagram_data/auto_scrape_status.json
2025-04-01 10:17:33,894 - INFO - Saved data to instagram_data/auto_scrape_status.json
2025-04-01 10:17:33,894 - INFO - Starting new scraping session
2025-04-01 10:17:33,894 - INFO - Current counts in status file - Followers: 879, Following: 1862
2025-04-01 10:17:33,894 - INFO - Already collected all following accounts (1862/1862) and followers (879/879). Skipping main scraping session.
2025-04-01 10:17:33,894 - INFO - Now running a session to scrape following accounts network data...
2025-04-01 10:17:33,894 - INFO - Starting following accounts scraping session
2025-04-01 10:17:33,895 - INFO - remove_processed_links function is disabled to allow re-scraping of potential rate-limited accounts
2025-04-01 10:17:33,895 - INFO - DEBUG: Checking for duplicates before processing
2025-04-01 10:17:33,898 - INFO - No duplicate links found in instagram_data/followingLinks.txt
2025-04-01 10:17:33,900 - INFO - DEBUG: Before processing - 1862 accounts in queue
2025-04-01 10:17:33,903 - INFO - Using random batch size of 47 accounts for this session
2025-04-01 10:18:36,474 - INFO - FOLLOWING SCRAPER: DEBUG MODE ENABLED
2025-04-01 10:18:36,475 - INFO - FOLLOWING SCRAPER: Loaded scraping progress: 1474 accounts processed
2025-04-01 10:18:36,475 - INFO - FOLLOWING SCRAPER: Will process 47 accounts in this session
2025-04-01 10:18:36,476 - INFO - FOLLOWING SCRAPER: Logged in using button: //button[contains(.,'Log in')]
2025-04-01 10:18:36,476 - INFO - FOLLOWING SCRAPER: Login might have failed. Current URL still shows login page.
2025-04-01 10:18:36,476 - INFO - FOLLOWING SCRAPER: Rate limit statistics: 1 accounts marked as rate-limited
2025-04-01 10:18:36,476 - INFO - FOLLOWING SCRAPER: Examples of rate-limited accounts: ['benton.down']
2025-04-01 10:18:36,476 - INFO - FOLLOWING SCRAPER: Loaded 1862 links from instagram_data/followingLinks.txt
2025-04-01 10:18:36,476 - INFO - FOLLOWING SCRAPER: Loaded adjacency list from instagram_data/adjList.txt
2025-04-01 10:18:36,476 - INFO - FOLLOWING SCRAPER: Deduplicating adjacency list...
2025-04-01 10:18:36,476 - INFO - FOLLOWING SCRAPER: No duplicates found in adjList.txt
2025-04-01 10:18:36,476 - INFO - FOLLOWING SCRAPER: DEBUG: Found 6161 already processed accounts in adjList.txt
2025-04-01 10:18:36,476 - INFO - FOLLOWING SCRAPER: Found 6161 accounts that have already been processed
2025-04-01 10:18:36,476 - INFO - FOLLOWING SCRAPER: Starting batch processing of 47 accounts
2025-04-01 10:18:36,476 - INFO - FOLLOWING SCRAPER: Pre-checking accounts to prioritize ones with reasonable follower/following counts...
2025-04-01 10:18:36,476 - INFO - FOLLOWING SCRAPER: ✓ soloslop.memes: Good candidate with 70 followers, 67 following
2025-04-01 10:18:36,476 - INFO - FOLLOWING SCRAPER: ✓ phillipsauction: Good candidate with 0 followers, 0 following
2025-04-01 10:18:36,476 - INFO - FOLLOWING SCRAPER: ✓ filmmovement: Good candidate with 0 followers, 0 following
2025-04-01 10:18:36,476 - INFO - FOLLOWING SCRAPER: ✓ asian_redbozicowboy: Good candidate with 0 followers, 0 following
2025-04-01 10:18:36,476 - INFO - FOLLOWING SCRAPER: ✓ ccpxi_8964: Good candidate with 11 followers, 98 following
2025-04-01 10:18:36,476 - INFO - FOLLOWING SCRAPER: ✓ ngr.ev: Good candidate with 0 followers, 0 following
2025-04-01 10:18:36,477 - INFO - FOLLOWING SCRAPER: ✓ cinema_nighttt: Good candidate with 0 followers, 0 following
2025-04-01 10:18:36,477 - INFO - FOLLOWING SCRAPER: ✓ thedizzyviper: Good candidate with 0 followers, 0 following
2025-04-01 10:18:36,477 - INFO - FOLLOWING SCRAPER: ✓ laclefrevival: Good candidate with 0 followers, 0 following
2025-04-01 10:18:36,477 - INFO - FOLLOWING SCRAPER: ✓ byboyfantasy: Good candidate with 0 followers, 0 following
2025-04-01 10:18:36,477 - INFO - FOLLOWING SCRAPER: ✓ manofdutch: Good candidate with 0 followers, 0 following
2025-04-01 10:18:36,477 - INFO - FOLLOWING SCRAPER: ✓ thefineartcollective: Good candidate with 679 followers, 920 following
2025-04-01 10:18:36,477 - INFO - FOLLOWING SCRAPER: ✓ shuheisakaue: Good candidate with 19 followers, 891 following
2025-04-01 10:18:36,477 - INFO - FOLLOWING SCRAPER: ✓ catsoupai: Good candidate with 0 followers, 0 following
2025-04-01 10:18:36,477 - INFO - FOLLOWING SCRAPER: Found 14 accounts with reasonable follower/following counts
2025-04-01 10:18:36,477 - INFO - FOLLOWING SCRAPER: DEBUG: Sanitizing and saving 1862 links
2025-04-01 10:18:36,477 - INFO - FOLLOWING SCRAPER: DEBUG: After sanitization: 1862 links (removed 0)
2025-04-01 10:18:36,477 - INFO - FOLLOWING SCRAPER: DEBUG: Successfully saved 1862 links to instagram_data/followingLinks.txt
2025-04-01 10:18:36,477 - INFO - FOLLOWING SCRAPER: Links reordered to prioritize accounts with reasonable follower/following counts
2025-04-01 10:18:36,477 - INFO - FOLLOWING SCRAPER: Randomly selecting 47 accounts from 1862 available accounts
2025-04-01 10:18:36,477 - INFO - FOLLOWING SCRAPER: DEBUG: Processing randomly selected link #1291/1862: https://www.instagram.com/almostvio/
2025-04-01 10:18:36,477 - INFO - FOLLOWING SCRAPER: DEBUG: Before processing - 1862 links in queue
2025-04-01 10:18:36,477 - INFO - FOLLOWING SCRAPER: DEBUG: Account almostvio in progress data with rate_limited=False
2025-04-01 10:18:36,477 - INFO - FOLLOWING SCRAPER: DEBUG: Skipping already processed account: almostvio
2025-04-01 10:18:36,477 - INFO - FOLLOWING SCRAPER: Error during batch processing: list.remove(x): x not in list
2025-04-01 10:18:36,477 - INFO - FOLLOWING SCRAPER: Browser closed. Script complete.
2025-04-01 10:18:36,550 - ERROR - DEBUG: ISSUE DETECTED - Queue size didn't decrease. Before: 1862, After: 1862, Diff: 0
2025-04-01 10:18:36,550 - INFO - DEBUG: Checking for duplicates after processing
2025-04-01 10:18:36,551 - INFO - No duplicate links found in instagram_data/followingLinks.txt
2025-04-01 10:18:36,551 - INFO - remove_processed_links function is disabled to allow re-scraping of potential rate-limited accounts
2025-04-01 10:18:36,551 - INFO - Following accounts scraping session completed with result: True
2025-04-01 10:18:36,551 - INFO - Sessions completed. Waiting 0 hours and 36 minutes before next sessions...
2025-04-01 10:54:47,422 - INFO - Current counts in status file - Followers: 879, Following: 1862
2025-04-01 10:54:47,425 - INFO - Current counts in status file - Followers: 879, Following: 1862
2025-04-01 10:54:47,427 - INFO - Randomly skipping this session to create a more human-like pattern
2025-04-01 10:54:47,427 - INFO - Will check again in 38 minutes
2025-04-01 11:32:47,525 - INFO - Not safe to run right now. Waiting 60 minutes before checking again
2025-04-01 11:52:47,602 - INFO - Current counts in status file - Followers: 879, Following: 1862
2025-04-01 11:52:47,605 - INFO - Current counts in status file - Followers: 879, Following: 1862
2025-04-01 11:52:47,607 - INFO - Set today's natural break window to 12:00-14:00
2025-04-01 11:52:47,608 - INFO - Saved data to instagram_data/auto_scrape_status.json
2025-04-01 11:52:47,608 - INFO - Saved data to instagram_data/auto_scrape_status.json
2025-04-01 11:52:47,608 - INFO - Starting new scraping session
2025-04-01 11:52:47,609 - INFO - Current counts in status file - Followers: 879, Following: 1862
2025-04-01 11:52:47,609 - INFO - Already collected all following accounts (1862/1862) and followers (879/879). Skipping main scraping session.
2025-04-01 11:52:47,609 - INFO - Now running a session to scrape following accounts network data...
2025-04-01 11:52:47,609 - INFO - Starting following accounts scraping session
2025-04-01 11:52:47,609 - INFO - remove_processed_links function is disabled to allow re-scraping of potential rate-limited accounts
2025-04-01 11:52:47,609 - INFO - DEBUG: Checking for duplicates before processing
2025-04-01 11:52:47,615 - INFO - No duplicate links found in instagram_data/followingLinks.txt
2025-04-01 11:52:47,616 - INFO - DEBUG: Before processing - 1862 accounts in queue
2025-04-01 11:52:47,623 - INFO - Using random batch size of 46 accounts for this session
2025-04-01 11:53:52,067 - INFO - FOLLOWING SCRAPER: DEBUG MODE ENABLED
2025-04-01 11:53:52,068 - INFO - FOLLOWING SCRAPER: Loaded scraping progress: 1474 accounts processed
2025-04-01 11:53:52,068 - INFO - FOLLOWING SCRAPER: Will process 46 accounts in this session
2025-04-01 11:53:52,068 - INFO - FOLLOWING SCRAPER: Logged in using button: //button[contains(.,'Log in')]
2025-04-01 11:53:52,068 - INFO - FOLLOWING SCRAPER: Login might have failed. Current URL still shows login page.
2025-04-01 11:53:52,068 - INFO - FOLLOWING SCRAPER: Rate limit statistics: 1 accounts marked as rate-limited
2025-04-01 11:53:52,068 - INFO - FOLLOWING SCRAPER: Examples of rate-limited accounts: ['benton.down']
2025-04-01 11:53:52,068 - INFO - FOLLOWING SCRAPER: Loaded 1862 links from instagram_data/followingLinks.txt
2025-04-01 11:53:52,068 - INFO - FOLLOWING SCRAPER: Loaded adjacency list from instagram_data/adjList.txt
2025-04-01 11:53:52,068 - INFO - FOLLOWING SCRAPER: Deduplicating adjacency list...
2025-04-01 11:53:52,068 - INFO - FOLLOWING SCRAPER: No duplicates found in adjList.txt
2025-04-01 11:53:52,068 - INFO - FOLLOWING SCRAPER: DEBUG: Found 6161 already processed accounts in adjList.txt
2025-04-01 11:53:52,068 - INFO - FOLLOWING SCRAPER: Found 6161 accounts that have already been processed
2025-04-01 11:53:52,068 - INFO - FOLLOWING SCRAPER: Starting batch processing of 46 accounts
2025-04-01 11:53:52,068 - INFO - FOLLOWING SCRAPER: Pre-checking accounts to prioritize ones with reasonable follower/following counts...
2025-04-01 11:53:52,068 - INFO - FOLLOWING SCRAPER: ✓ soloslop.memes: Good candidate with 70 followers, 67 following
2025-04-01 11:53:52,068 - INFO - FOLLOWING SCRAPER: ✓ phillipsauction: Good candidate with 0 followers, 0 following
2025-04-01 11:53:52,068 - INFO - FOLLOWING SCRAPER: ✓ filmmovement: Good candidate with 13 followers, 709 following
2025-04-01 11:53:52,068 - INFO - FOLLOWING SCRAPER: ✓ asian_redbozicowboy: Good candidate with 0 followers, 0 following
2025-04-01 11:53:52,068 - INFO - FOLLOWING SCRAPER: ✓ ccpxi_8964: Good candidate with 0 followers, 0 following
2025-04-01 11:53:52,068 - INFO - FOLLOWING SCRAPER: ✓ ngr.ev: Good candidate with 0 followers, 0 following
2025-04-01 11:53:52,068 - INFO - FOLLOWING SCRAPER: ✓ cinema_nighttt: Good candidate with 401 followers, 16 following
2025-04-01 11:53:52,068 - INFO - FOLLOWING SCRAPER: ✓ thedizzyviper: Good candidate with 179 followers, 903 following
2025-04-01 11:53:52,068 - INFO - FOLLOWING SCRAPER: ✓ laclefrevival: Good candidate with 0 followers, 0 following
2025-04-01 11:53:52,068 - INFO - FOLLOWING SCRAPER: ✓ byboyfantasy: Good candidate with 0 followers, 0 following
2025-04-01 11:53:52,068 - INFO - FOLLOWING SCRAPER: ✓ manofdutch: Good candidate with 0 followers, 0 following
2025-04-01 11:53:52,069 - INFO - FOLLOWING SCRAPER: ✓ thefineartcollective: Good candidate with 0 followers, 0 following
2025-04-01 11:53:52,069 - INFO - FOLLOWING SCRAPER: ✓ shuheisakaue: Good candidate with 19 followers, 891 following
2025-04-01 11:53:52,069 - INFO - FOLLOWING SCRAPER: ✓ catsoupai: Good candidate with 0 followers, 0 following
2025-04-01 11:53:52,069 - INFO - FOLLOWING SCRAPER: Found 14 accounts with reasonable follower/following counts
2025-04-01 11:53:52,069 - INFO - FOLLOWING SCRAPER: DEBUG: Sanitizing and saving 1862 links
2025-04-01 11:53:52,069 - INFO - FOLLOWING SCRAPER: DEBUG: After sanitization: 1862 links (removed 0)
2025-04-01 11:53:52,069 - INFO - FOLLOWING SCRAPER: DEBUG: Successfully saved 1862 links to instagram_data/followingLinks.txt
2025-04-01 11:53:52,069 - INFO - FOLLOWING SCRAPER: Links reordered to prioritize accounts with reasonable follower/following counts
2025-04-01 11:53:52,069 - INFO - FOLLOWING SCRAPER: Randomly selecting 46 accounts from 1862 available accounts
2025-04-01 11:53:52,069 - INFO - FOLLOWING SCRAPER: DEBUG: Processing randomly selected link #587/1862: https://www.instagram.com/ewaludwi/
2025-04-01 11:53:52,069 - INFO - FOLLOWING SCRAPER: DEBUG: Before processing - 1862 links in queue
2025-04-01 11:53:52,069 - INFO - FOLLOWING SCRAPER: DEBUG: Account ewaludwi in progress data with rate_limited=False
2025-04-01 11:53:52,069 - INFO - FOLLOWING SCRAPER: DEBUG: Skipping already processed account: ewaludwi
2025-04-01 11:53:52,069 - INFO - FOLLOWING SCRAPER: Error during batch processing: list.remove(x): x not in list
2025-04-01 11:53:52,069 - INFO - FOLLOWING SCRAPER: Browser closed. Script complete.
2025-04-01 11:53:52,167 - ERROR - DEBUG: ISSUE DETECTED - Queue size didn't decrease. Before: 1862, After: 1862, Diff: 0
2025-04-01 11:53:52,167 - INFO - DEBUG: Checking for duplicates after processing
2025-04-01 11:53:52,168 - INFO - No duplicate links found in instagram_data/followingLinks.txt
2025-04-01 11:53:52,168 - INFO - remove_processed_links function is disabled to allow re-scraping of potential rate-limited accounts
2025-04-01 11:53:52,168 - INFO - Following accounts scraping session completed with result: True
2025-04-01 11:53:52,168 - INFO - Sessions completed. Waiting 0 hours and 35 minutes before next sessions...
2025-04-01 12:29:09,168 - INFO - Current counts in status file - Followers: 879, Following: 1862
2025-04-01 12:29:09,171 - INFO - Current counts in status file - Followers: 879, Following: 1862
2025-04-01 12:29:09,174 - INFO - Set today's natural break window to 11:00-13:00
2025-04-01 12:29:09,175 - INFO - Saved data to instagram_data/auto_scrape_status.json
2025-04-01 12:29:09,175 - INFO - It's 12:29, taking a natural break to appear more human-like.
2025-04-01 12:29:09,176 - INFO - Will take a 140 minute break and resume at approximately 14:49
2025-04-01 12:29:09,176 - INFO - Saved data to instagram_data/auto_scrape_status.json
