2025-03-26 21:44:11,577 - INFO - ============================================================
2025-03-26 21:44:11,577 - INFO - Instagram Auto Scraper Starting
2025-03-26 21:44:11,577 - INFO - ============================================================
2025-03-26 21:44:11,577 - INFO - Auto-scraper script started
2025-03-26 21:44:11,577 - INFO - Inspecting links file for format issues
2025-03-26 21:44:11,578 - INFO - Links file contains 1816 lines
2025-03-26 21:44:11,579 - INFO - First 3 links: ['https://www.instagram.com/prophetconsulting/', 'https://www.instagram.com/nationalgallery/', 'https://www.instagram.com/chelsea.films_/']
2025-03-26 21:44:11,579 - INFO - Last 3 links: ['https://www.instagram.com/thepennclub/', 'https://www.instagram.com/lsmartfund/', 'https://www.instagram.com/perpetual.passion/']
2025-03-26 21:44:11,579 - INFO - Performing initial duplicate check on following links
2025-03-26 21:44:11,579 - INFO - No duplicate links found in instagram_data/followingLinks.txt
2025-03-26 21:44:11,579 - INFO - Checking and removing already processed links
2025-03-26 21:44:11,579 - INFO - remove_processed_links function is disabled to allow re-scraping of potential rate-limited accounts
2025-03-26 21:44:11,579 - INFO - Fetching current follower and following counts from profile...
2025-03-26 21:44:44,656 - INFO - PROFILE CHECK: Logged in using button: //button[contains(.,'Log in')]
2025-03-26 21:44:44,656 - INFO - PROFILE CHECK: Logged in successfully!
2025-03-26 21:44:44,656 - INFO - PROFILE CHECK: Logged in as fretin98
2025-03-26 21:44:44,656 - INFO - PROFILE CHECK: Profile Stats: {'followers': 881, 'following': 1868, 'posts': 241}
2025-03-26 21:44:44,656 - INFO - Found profile stats
2025-03-26 21:44:44,656 - INFO - PROFILE CHECK: Followers: 881, Following: 1868
2025-03-26 21:44:44,656 - INFO - Extracted total followers: 881
2025-03-26 21:44:44,656 - INFO - Extracted total following: 1868
2025-03-26 21:44:44,656 - INFO - PROFILE CHECK: Session completed successfully!
2025-03-26 21:44:44,656 - INFO - PROFILE CHECK: Browser closed.
2025-03-26 21:44:44,707 - INFO - Updating status with initial profile counts - Followers: 881, Following: 1868
2025-03-26 21:44:44,708 - INFO - Saved data to instagram_data/auto_scrape_status.json
2025-03-26 21:44:44,709 - INFO - Current counts in status file - Followers: 881, Following: 1868
2025-03-26 21:44:44,709 - INFO - Following collection progress: 1862/1868 (99.7%)
2025-03-26 21:44:44,709 - INFO - Followers collection progress: 879/881 (99.8%)
2025-03-26 21:44:44,709 - INFO - Current counts in status file - Followers: 881, Following: 1868
2025-03-26 21:44:44,709 - INFO - Current counts in status file - Followers: 881, Following: 1868
2025-03-26 21:44:44,712 - INFO - Starting new scraping session
2025-03-26 21:44:44,712 - INFO - Current counts in status file - Followers: 881, Following: 1868
2025-03-26 21:44:44,712 - INFO - Need to collect more following accounts: 1862/1868
2025-03-26 21:44:44,712 - INFO - Need to collect more followers: 879/881
2025-03-26 21:44:44,712 - INFO - Using 7 max pages for this session
2025-03-26 21:45:17,023 - INFO - SCRAPER: Logged in using button: //button[contains(.,'Log in')]
2025-03-26 21:45:17,023 - INFO - SCRAPER: Logged in successfully!
2025-03-26 21:45:17,023 - INFO - SCRAPER: Logged in as fretin98
2025-03-26 21:45:17,023 - INFO - SCRAPER: Resuming previous session...
2025-03-26 21:45:17,023 - INFO - SCRAPER: Loaded 879 followers and 1862 following from previous session
2025-03-26 21:45:17,023 - INFO - SCRAPER: Profile Stats: {'followers': 881, 'following': 1868, 'posts': 241}
2025-03-26 21:45:17,023 - INFO - Found profile stats line
2025-03-26 21:45:17,023 - INFO - SCRAPER: Followers: 881, Following: 1868
2025-03-26 21:45:17,023 - INFO - Extracted total followers: 881
2025-03-26 21:45:17,023 - INFO - Extracted total following: 1868
2025-03-26 21:45:17,023 - INFO - SCRAPER: Scraping followers...
2025-03-26 21:45:17,024 - INFO - SCRAPER: Already collected 879/881 followers (≥95%). Skipping followers scraping.
2025-03-26 21:45:17,024 - INFO - SCRAPER: Scraping following...
2025-03-26 21:45:17,024 - INFO - SCRAPER: Already collected 1862/1868 following accounts (≥95%). Skipping following scraping.
2025-03-26 21:45:17,024 - INFO - SCRAPER: Getting links to following accounts...
2025-03-26 21:45:17,024 - INFO - SCRAPER: Created 1862 following links from usernames
2025-03-26 21:45:17,024 - INFO - SCRAPER: Updated following links file: instagram_data/followingLinks.txt
2025-03-26 21:45:17,024 - INFO - SCRAPER: Updated adjacency list file: instagram_data/adjList.txt
2025-03-26 21:45:17,024 - INFO - SCRAPER: Added 0 new relationships (total: 25008)
2025-03-26 21:45:17,024 - INFO - SCRAPER: Retrieved 1862 following links
2025-03-26 21:45:17,024 - INFO - SCRAPER: Session completed successfully!
2025-03-26 21:45:17,024 - INFO - SCRAPER: Browser closed.
2025-03-26 21:45:17,090 - INFO - Updating status with dynamic counts - Followers: 881, Following: 1868
2025-03-26 21:45:17,092 - INFO - Saved data to instagram_data/auto_scrape_status.json
2025-03-26 21:45:17,093 - INFO - Now running a session to scrape following accounts network data...
2025-03-26 21:45:17,093 - INFO - Starting following accounts scraping session
2025-03-26 21:45:17,093 - INFO - remove_processed_links function is disabled to allow re-scraping of potential rate-limited accounts
2025-03-26 21:45:17,093 - INFO - DEBUG: Checking for duplicates before processing
2025-03-26 21:45:17,094 - INFO - No duplicate links found in instagram_data/followingLinks.txt
2025-03-26 21:45:17,097 - INFO - DEBUG: Before processing - 1862 accounts in queue
2025-03-26 21:45:17,115 - INFO - Using random batch size of 60 accounts for this session
2025-03-26 21:48:12,939 - INFO - FOLLOWING SCRAPER: DEBUG MODE ENABLED
2025-03-26 21:48:12,939 - INFO - FOLLOWING SCRAPER: Loaded scraping progress: 1468 accounts processed
2025-03-26 21:48:12,939 - INFO - FOLLOWING SCRAPER: Will process 60 accounts in this session
2025-03-26 21:48:12,939 - INFO - FOLLOWING SCRAPER: Logged in using button: //button[contains(.,'Log in')]
2025-03-26 21:48:12,939 - INFO - FOLLOWING SCRAPER: Logged in successfully!
2025-03-26 21:48:12,939 - INFO - FOLLOWING SCRAPER: Rate limit statistics: 1 accounts marked as rate-limited
2025-03-26 21:48:12,939 - INFO - FOLLOWING SCRAPER: Examples of rate-limited accounts: ['benton.down']
2025-03-26 21:48:12,939 - INFO - FOLLOWING SCRAPER: Loaded 1862 links from instagram_data/followingLinks.txt
2025-03-26 21:48:12,939 - INFO - FOLLOWING SCRAPER: Loaded adjacency list from instagram_data/adjList.txt
2025-03-26 21:48:12,939 - INFO - FOLLOWING SCRAPER: Deduplicating adjacency list...
2025-03-26 21:48:12,939 - INFO - FOLLOWING SCRAPER: No duplicates found in adjList.txt
2025-03-26 21:48:12,939 - INFO - FOLLOWING SCRAPER: DEBUG: Found 6149 already processed accounts in adjList.txt
2025-03-26 21:48:12,939 - INFO - FOLLOWING SCRAPER: Found 6149 accounts that have already been processed
2025-03-26 21:48:12,939 - INFO - FOLLOWING SCRAPER: Starting batch processing of 60 accounts
2025-03-26 21:48:12,939 - INFO - FOLLOWING SCRAPER: Pre-checking accounts to prioritize ones with reasonable follower/following counts...
2025-03-26 21:48:12,939 - INFO - FOLLOWING SCRAPER: ✓ shuheisakaue: Good candidate with 18 followers, 895 following
2025-03-26 21:48:12,939 - INFO - FOLLOWING SCRAPER: ✓ catsoupai: Good candidate with 189 followers, 188 following
2025-03-26 21:48:12,939 - INFO - FOLLOWING SCRAPER: ✓ soloslop.memes: Good candidate with 70 followers, 67 following
2025-03-26 21:48:12,940 - INFO - FOLLOWING SCRAPER: ✓ phillipsauction: Good candidate with 428 followers, 434 following
2025-03-26 21:48:12,940 - INFO - FOLLOWING SCRAPER: ✓ filmmovement: Good candidate with 12 followers, 708 following
2025-03-26 21:48:12,940 - INFO - FOLLOWING SCRAPER: ✗ rubahitam_: Too many connections (48 followers, 1153 following)
2025-03-26 21:48:12,940 - INFO - FOLLOWING SCRAPER: ✗ chinatown_cowboy.mp4: Too many connections (2381 followers, 0 following)
2025-03-26 21:48:12,940 - INFO - FOLLOWING SCRAPER: ✓ asian_redbozicowboy: Good candidate with 29 followers, 250 following
2025-03-26 21:48:12,940 - INFO - FOLLOWING SCRAPER: ✓ ccpxi_8964: Good candidate with 10 followers, 97 following
2025-03-26 21:48:12,940 - INFO - FOLLOWING SCRAPER: ✓ ngr.ev: Good candidate with 113 followers, 187 following
2025-03-26 21:48:12,940 - INFO - FOLLOWING SCRAPER: ✓ cinema_nighttt: Good candidate with 401 followers, 15 following
2025-03-26 21:48:12,940 - INFO - FOLLOWING SCRAPER: ✓ thedizzyviper: Good candidate with 179 followers, 901 following
2025-03-26 21:48:12,940 - INFO - FOLLOWING SCRAPER: ✗ arabbitsfoot: Too many connections (62 followers, 1566 following)
2025-03-26 21:48:12,940 - INFO - FOLLOWING SCRAPER: ✓ laclefrevival: Good candidate with 23 followers, 503 following
2025-03-26 21:48:12,940 - INFO - FOLLOWING SCRAPER: ✓ byboyfantasy: Good candidate with 83 followers, 609 following
2025-03-26 21:48:12,940 - INFO - FOLLOWING SCRAPER: ✓ manofdutch: Good candidate with 29 followers, 55 following
2025-03-26 21:48:12,940 - INFO - FOLLOWING SCRAPER: ✗ fernandosev7n: Too many connections (235 followers, 1534 following)
2025-03-26 21:48:12,940 - INFO - FOLLOWING SCRAPER: ✓ thefineartcollective: Good candidate with 673 followers, 918 following
2025-03-26 21:48:12,940 - INFO - FOLLOWING SCRAPER: ✗ xidan_zhang: Too many connections (2743 followers, 901 following)
2025-03-26 21:48:12,940 - INFO - FOLLOWING SCRAPER: ✗ zihaosong: Too many connections (10 followers, 2448 following)
2025-03-26 21:48:12,940 - INFO - FOLLOWING SCRAPER: ✗ young.brando: Too many connections (17 followers, 2455 following)
2025-03-26 21:48:12,940 - INFO - FOLLOWING SCRAPER: ✗ gentleman.gasmask: Too many connections (364 followers, 1660 following)
2025-03-26 21:48:12,940 - INFO - FOLLOWING SCRAPER: ✗ yuukakazami0: Too many connections (1343 followers, 518 following)
2025-03-26 21:48:12,940 - INFO - FOLLOWING SCRAPER: ✗ cucny: Too many connections (2784 followers, 38 following)
2025-03-26 21:48:12,940 - INFO - FOLLOWING SCRAPER: ✗ thepennclub: Too many connections (4055 followers, 632 following)
2025-03-26 21:48:12,940 - INFO - FOLLOWING SCRAPER: ✗ lsmartfund: Too many connections (4169 followers, 586 following)
2025-03-26 21:48:12,940 - INFO - FOLLOWING SCRAPER: ✗ perpetual.passion: Too many connections (38 followers, 2352 following)
2025-03-26 21:48:12,940 - INFO - FOLLOWING SCRAPER: ✗ milanrecords: Too many connections (20 followers, 2860 following)
2025-03-26 21:48:12,940 - INFO - FOLLOWING SCRAPER: ✗ prophetconsulting: Too many connections (5427 followers, 300 following)
2025-03-26 21:48:12,940 - INFO - FOLLOWING SCRAPER: ✗ tinapi.x: Too many connections (2567 followers, 1503 following)
2025-03-26 21:48:12,940 - INFO - FOLLOWING SCRAPER: Found 14 accounts with reasonable follower/following counts
2025-03-26 21:48:12,940 - INFO - FOLLOWING SCRAPER: DEBUG: Sanitizing and saving 1862 links
2025-03-26 21:48:12,940 - INFO - FOLLOWING SCRAPER: DEBUG: After sanitization: 1862 links (removed 0)
2025-03-26 21:48:12,940 - INFO - FOLLOWING SCRAPER: DEBUG: Successfully saved 1862 links to instagram_data/followingLinks.txt
2025-03-26 21:48:12,940 - INFO - FOLLOWING SCRAPER: Links reordered to prioritize accounts with reasonable follower/following counts
2025-03-26 21:48:12,940 - INFO - FOLLOWING SCRAPER: DEBUG: Processing link #1/60: https://www.instagram.com/shuheisakaue/
2025-03-26 21:48:12,940 - INFO - FOLLOWING SCRAPER: DEBUG: Before processing - 1862 links in queue
2025-03-26 21:48:12,940 - INFO - FOLLOWING SCRAPER: DEBUG: Account shuheisakaue in progress data with rate_limited=False
2025-03-26 21:48:12,940 - INFO - FOLLOWING SCRAPER: Processing: https://www.instagram.com/shuheisakaue/
2025-03-26 21:48:12,940 - INFO - FOLLOWING SCRAPER: Account shuheisakaue already fully processed. Skipping.
2025-03-26 21:48:12,940 - INFO - FOLLOWING SCRAPER: DEBUG: Removing link from queue: https://www.instagram.com/shuheisakaue/
2025-03-26 21:48:12,940 - INFO - FOLLOWING SCRAPER: DEBUG: Link removed. Queue size now: 1861
2025-03-26 21:48:12,940 - INFO - FOLLOWING SCRAPER: DEBUG: Sanitizing and saving 1861 links
2025-03-26 21:48:12,940 - INFO - FOLLOWING SCRAPER: DEBUG: After sanitization: 1861 links (removed 0)
2025-03-26 21:48:12,940 - INFO - FOLLOWING SCRAPER: DEBUG: Successfully saved 1861 links to instagram_data/followingLinks.txt
2025-03-26 21:48:12,940 - INFO - FOLLOWING SCRAPER: DEBUG: Links saved
2025-03-26 21:48:12,940 - INFO - FOLLOWING SCRAPER: Added 0 new relationships to adjacency list (total: 25008)
2025-03-26 21:48:12,940 - INFO - FOLLOWING SCRAPER: Completed 1/60 accounts. 1861 remaining in queue.
2025-03-26 21:48:12,940 - INFO - FOLLOWING SCRAPER: Waiting 5 seconds before next account...
2025-03-26 21:48:12,940 - INFO - FOLLOWING SCRAPER: DEBUG: Processing link #2/60: https://www.instagram.com/catsoupai/
2025-03-26 21:48:12,940 - INFO - FOLLOWING SCRAPER: DEBUG: Before processing - 1861 links in queue
2025-03-26 21:48:12,940 - INFO - FOLLOWING SCRAPER: DEBUG: Account catsoupai in progress data with rate_limited=False
2025-03-26 21:48:12,940 - INFO - FOLLOWING SCRAPER: Processing: https://www.instagram.com/catsoupai/
2025-03-26 21:48:12,940 - INFO - FOLLOWING SCRAPER: Account catsoupai already fully processed. Skipping.
2025-03-26 21:48:12,940 - INFO - FOLLOWING SCRAPER: DEBUG: Removing link from queue: https://www.instagram.com/catsoupai/
2025-03-26 21:48:12,940 - INFO - FOLLOWING SCRAPER: DEBUG: Link removed. Queue size now: 1860
2025-03-26 21:48:12,940 - INFO - FOLLOWING SCRAPER: DEBUG: Sanitizing and saving 1860 links
2025-03-26 21:48:12,940 - INFO - FOLLOWING SCRAPER: DEBUG: After sanitization: 1860 links (removed 0)
2025-03-26 21:48:12,940 - INFO - FOLLOWING SCRAPER: DEBUG: Successfully saved 1860 links to instagram_data/followingLinks.txt
2025-03-26 21:48:12,940 - INFO - FOLLOWING SCRAPER: DEBUG: Links saved
2025-03-26 21:48:12,940 - INFO - FOLLOWING SCRAPER: Added 0 new relationships to adjacency list (total: 25008)
2025-03-26 21:48:12,940 - INFO - FOLLOWING SCRAPER: Completed 2/60 accounts. 1860 remaining in queue.
2025-03-26 21:48:12,940 - INFO - FOLLOWING SCRAPER: Waiting 5 seconds before next account...
2025-03-26 21:48:12,940 - INFO - FOLLOWING SCRAPER: DEBUG: Processing link #3/60: https://www.instagram.com/soloslop.memes/
2025-03-26 21:48:12,941 - INFO - FOLLOWING SCRAPER: DEBUG: Before processing - 1860 links in queue
2025-03-26 21:48:12,941 - INFO - FOLLOWING SCRAPER: DEBUG: Account soloslop.memes in progress data with rate_limited=False
2025-03-26 21:48:12,941 - INFO - FOLLOWING SCRAPER: Processing: https://www.instagram.com/soloslop.memes/
2025-03-26 21:48:12,941 - INFO - FOLLOWING SCRAPER: Account soloslop.memes already fully processed. Skipping.
2025-03-26 21:48:12,941 - INFO - FOLLOWING SCRAPER: DEBUG: Removing link from queue: https://www.instagram.com/soloslop.memes/
2025-03-26 21:48:12,941 - INFO - FOLLOWING SCRAPER: DEBUG: Link removed. Queue size now: 1859
2025-03-26 21:48:12,941 - INFO - FOLLOWING SCRAPER: DEBUG: Sanitizing and saving 1859 links
2025-03-26 21:48:12,941 - INFO - FOLLOWING SCRAPER: DEBUG: After sanitization: 1859 links (removed 0)
2025-03-26 21:48:12,941 - INFO - FOLLOWING SCRAPER: DEBUG: Successfully saved 1859 links to instagram_data/followingLinks.txt
2025-03-26 21:48:12,941 - INFO - FOLLOWING SCRAPER: DEBUG: Links saved
2025-03-26 21:48:12,941 - INFO - FOLLOWING SCRAPER: Added 0 new relationships to adjacency list (total: 25008)
2025-03-26 21:48:12,941 - INFO - FOLLOWING SCRAPER: Completed 3/60 accounts. 1859 remaining in queue.
2025-03-26 21:48:12,941 - INFO - FOLLOWING SCRAPER: Waiting 5 seconds before next account...
2025-03-26 21:48:12,941 - INFO - FOLLOWING SCRAPER: DEBUG: Processing link #4/60: https://www.instagram.com/phillipsauction/
2025-03-26 21:48:12,941 - INFO - FOLLOWING SCRAPER: DEBUG: Before processing - 1859 links in queue
2025-03-26 21:48:12,941 - INFO - FOLLOWING SCRAPER: DEBUG: Account phillipsauction in progress data with rate_limited=False
2025-03-26 21:48:12,941 - INFO - FOLLOWING SCRAPER: Processing: https://www.instagram.com/phillipsauction/
2025-03-26 21:48:12,941 - INFO - FOLLOWING SCRAPER: Account phillipsauction already fully processed. Skipping.
2025-03-26 21:48:12,941 - INFO - FOLLOWING SCRAPER: DEBUG: Removing link from queue: https://www.instagram.com/phillipsauction/
2025-03-26 21:48:12,941 - INFO - FOLLOWING SCRAPER: DEBUG: Link removed. Queue size now: 1858
2025-03-26 21:48:12,941 - INFO - FOLLOWING SCRAPER: DEBUG: Sanitizing and saving 1858 links
2025-03-26 21:48:12,941 - INFO - FOLLOWING SCRAPER: DEBUG: After sanitization: 1858 links (removed 0)
2025-03-26 21:48:12,941 - INFO - FOLLOWING SCRAPER: DEBUG: Successfully saved 1858 links to instagram_data/followingLinks.txt
2025-03-26 21:48:12,941 - INFO - FOLLOWING SCRAPER: DEBUG: Links saved
2025-03-26 21:48:12,941 - INFO - FOLLOWING SCRAPER: Added 0 new relationships to adjacency list (total: 25008)
2025-03-26 21:48:12,941 - INFO - FOLLOWING SCRAPER: Completed 4/60 accounts. 1858 remaining in queue.
2025-03-26 21:48:12,941 - INFO - FOLLOWING SCRAPER: Waiting 5 seconds before next account...
2025-03-26 21:48:12,941 - INFO - FOLLOWING SCRAPER: DEBUG: Processing link #5/60: https://www.instagram.com/filmmovement/
2025-03-26 21:48:12,941 - INFO - FOLLOWING SCRAPER: DEBUG: Before processing - 1858 links in queue
2025-03-26 21:48:12,941 - INFO - FOLLOWING SCRAPER: DEBUG: Account filmmovement in progress data with rate_limited=False
2025-03-26 21:48:12,941 - INFO - FOLLOWING SCRAPER: Processing: https://www.instagram.com/filmmovement/
2025-03-26 21:48:12,941 - INFO - FOLLOWING SCRAPER: Account filmmovement already fully processed. Skipping.
2025-03-26 21:48:12,941 - INFO - FOLLOWING SCRAPER: DEBUG: Removing link from queue: https://www.instagram.com/filmmovement/
2025-03-26 21:48:12,941 - INFO - FOLLOWING SCRAPER: DEBUG: Link removed. Queue size now: 1857
2025-03-26 21:48:12,941 - INFO - FOLLOWING SCRAPER: DEBUG: Sanitizing and saving 1857 links
2025-03-26 21:48:12,941 - INFO - FOLLOWING SCRAPER: DEBUG: After sanitization: 1857 links (removed 0)
2025-03-26 21:48:12,941 - INFO - FOLLOWING SCRAPER: DEBUG: Successfully saved 1857 links to instagram_data/followingLinks.txt
2025-03-26 21:48:12,941 - INFO - FOLLOWING SCRAPER: DEBUG: Links saved
2025-03-26 21:48:12,941 - INFO - FOLLOWING SCRAPER: Added 0 new relationships to adjacency list (total: 25008)
2025-03-26 21:48:12,941 - INFO - FOLLOWING SCRAPER: Completed 5/60 accounts. 1857 remaining in queue.
2025-03-26 21:48:12,941 - INFO - FOLLOWING SCRAPER: Waiting 5 seconds before next account...
2025-03-26 21:48:12,941 - INFO - FOLLOWING SCRAPER: DEBUG: Processing link #6/60: https://www.instagram.com/asian_redbozicowboy/
2025-03-26 21:48:12,941 - INFO - FOLLOWING SCRAPER: DEBUG: Before processing - 1857 links in queue
2025-03-26 21:48:12,941 - INFO - FOLLOWING SCRAPER: DEBUG: Account asian_redbozicowboy in progress data with rate_limited=False
2025-03-26 21:48:12,941 - INFO - FOLLOWING SCRAPER: Processing: https://www.instagram.com/asian_redbozicowboy/
2025-03-26 21:48:12,941 - INFO - FOLLOWING SCRAPER: Account asian_redbozicowboy already fully processed. Skipping.
2025-03-26 21:48:12,941 - INFO - FOLLOWING SCRAPER: DEBUG: Removing link from queue: https://www.instagram.com/asian_redbozicowboy/
2025-03-26 21:48:12,941 - INFO - FOLLOWING SCRAPER: DEBUG: Link removed. Queue size now: 1856
2025-03-26 21:48:12,941 - INFO - FOLLOWING SCRAPER: DEBUG: Sanitizing and saving 1856 links
2025-03-26 21:48:12,941 - INFO - FOLLOWING SCRAPER: DEBUG: After sanitization: 1856 links (removed 0)
2025-03-26 21:48:12,941 - INFO - FOLLOWING SCRAPER: DEBUG: Successfully saved 1856 links to instagram_data/followingLinks.txt
2025-03-26 21:48:12,941 - INFO - FOLLOWING SCRAPER: DEBUG: Links saved
2025-03-26 21:48:12,941 - INFO - FOLLOWING SCRAPER: Added 0 new relationships to adjacency list (total: 25008)
2025-03-26 21:48:12,941 - INFO - FOLLOWING SCRAPER: Completed 6/60 accounts. 1856 remaining in queue.
2025-03-26 21:48:12,941 - INFO - FOLLOWING SCRAPER: Waiting 5 seconds before next account...
2025-03-26 21:48:12,941 - INFO - FOLLOWING SCRAPER: DEBUG: Processing link #7/60: https://www.instagram.com/ccpxi_8964/
2025-03-26 21:48:12,941 - INFO - FOLLOWING SCRAPER: DEBUG: Before processing - 1856 links in queue
2025-03-26 21:48:12,941 - INFO - FOLLOWING SCRAPER: DEBUG: Account ccpxi_8964 in progress data with rate_limited=False
2025-03-26 21:48:12,941 - INFO - FOLLOWING SCRAPER: Processing: https://www.instagram.com/ccpxi_8964/
2025-03-26 21:48:12,941 - INFO - FOLLOWING SCRAPER: Account ccpxi_8964 already fully processed. Skipping.
2025-03-26 21:48:12,941 - INFO - FOLLOWING SCRAPER: DEBUG: Removing link from queue: https://www.instagram.com/ccpxi_8964/
2025-03-26 21:48:12,941 - INFO - FOLLOWING SCRAPER: DEBUG: Link removed. Queue size now: 1855
2025-03-26 21:48:12,941 - INFO - FOLLOWING SCRAPER: DEBUG: Sanitizing and saving 1855 links
2025-03-26 21:48:12,942 - INFO - FOLLOWING SCRAPER: DEBUG: After sanitization: 1855 links (removed 0)
2025-03-26 21:48:12,942 - INFO - FOLLOWING SCRAPER: DEBUG: Successfully saved 1855 links to instagram_data/followingLinks.txt
2025-03-26 21:48:12,942 - INFO - FOLLOWING SCRAPER: DEBUG: Links saved
2025-03-26 21:48:12,942 - INFO - FOLLOWING SCRAPER: Added 0 new relationships to adjacency list (total: 25008)
2025-03-26 21:48:12,942 - INFO - FOLLOWING SCRAPER: Completed 7/60 accounts. 1855 remaining in queue.
2025-03-26 21:48:12,942 - INFO - FOLLOWING SCRAPER: Waiting 5 seconds before next account...
2025-03-26 21:48:12,942 - INFO - FOLLOWING SCRAPER: DEBUG: Processing link #8/60: https://www.instagram.com/ngr.ev/
2025-03-26 21:48:12,942 - INFO - FOLLOWING SCRAPER: DEBUG: Before processing - 1855 links in queue
2025-03-26 21:48:12,942 - INFO - FOLLOWING SCRAPER: DEBUG: Account ngr.ev in progress data with rate_limited=False
2025-03-26 21:48:12,942 - INFO - FOLLOWING SCRAPER: Processing: https://www.instagram.com/ngr.ev/
2025-03-26 21:48:12,942 - INFO - FOLLOWING SCRAPER: Account ngr.ev already fully processed. Skipping.
2025-03-26 21:48:12,942 - INFO - FOLLOWING SCRAPER: DEBUG: Removing link from queue: https://www.instagram.com/ngr.ev/
2025-03-26 21:48:12,942 - INFO - FOLLOWING SCRAPER: DEBUG: Link removed. Queue size now: 1854
2025-03-26 21:48:12,942 - INFO - FOLLOWING SCRAPER: DEBUG: Sanitizing and saving 1854 links
2025-03-26 21:48:12,942 - INFO - FOLLOWING SCRAPER: DEBUG: After sanitization: 1854 links (removed 0)
2025-03-26 21:48:12,942 - INFO - FOLLOWING SCRAPER: DEBUG: Successfully saved 1854 links to instagram_data/followingLinks.txt
2025-03-26 21:48:12,942 - INFO - FOLLOWING SCRAPER: DEBUG: Links saved
2025-03-26 21:48:12,942 - INFO - FOLLOWING SCRAPER: Added 0 new relationships to adjacency list (total: 25008)
2025-03-26 21:48:12,942 - INFO - FOLLOWING SCRAPER: Completed 8/60 accounts. 1854 remaining in queue.
2025-03-26 21:48:12,942 - INFO - FOLLOWING SCRAPER: Waiting 5 seconds before next account...
2025-03-26 21:48:12,942 - INFO - FOLLOWING SCRAPER: DEBUG: Processing link #9/60: https://www.instagram.com/cinema_nighttt/
2025-03-26 21:48:12,942 - INFO - FOLLOWING SCRAPER: DEBUG: Before processing - 1854 links in queue
2025-03-26 21:48:12,942 - INFO - FOLLOWING SCRAPER: DEBUG: Account cinema_nighttt in progress data with rate_limited=False
2025-03-26 21:48:12,942 - INFO - FOLLOWING SCRAPER: Processing: https://www.instagram.com/cinema_nighttt/
2025-03-26 21:48:12,942 - INFO - FOLLOWING SCRAPER: Account cinema_nighttt already fully processed. Skipping.
2025-03-26 21:48:12,942 - INFO - FOLLOWING SCRAPER: DEBUG: Removing link from queue: https://www.instagram.com/cinema_nighttt/
2025-03-26 21:48:12,942 - INFO - FOLLOWING SCRAPER: DEBUG: Link removed. Queue size now: 1853
2025-03-26 21:48:12,942 - INFO - FOLLOWING SCRAPER: DEBUG: Sanitizing and saving 1853 links
2025-03-26 21:48:12,942 - INFO - FOLLOWING SCRAPER: DEBUG: After sanitization: 1853 links (removed 0)
2025-03-26 21:48:12,942 - INFO - FOLLOWING SCRAPER: DEBUG: Successfully saved 1853 links to instagram_data/followingLinks.txt
2025-03-26 21:48:12,942 - INFO - FOLLOWING SCRAPER: DEBUG: Links saved
2025-03-26 21:48:12,942 - INFO - FOLLOWING SCRAPER: Added 0 new relationships to adjacency list (total: 25008)
2025-03-26 21:48:12,942 - INFO - FOLLOWING SCRAPER: Completed 9/60 accounts. 1853 remaining in queue.
2025-03-26 21:48:12,942 - INFO - FOLLOWING SCRAPER: Waiting 5 seconds before next account...
2025-03-26 21:48:12,942 - INFO - FOLLOWING SCRAPER: DEBUG: Processing link #10/60: https://www.instagram.com/thedizzyviper/
2025-03-26 21:48:12,942 - INFO - FOLLOWING SCRAPER: DEBUG: Before processing - 1853 links in queue
2025-03-26 21:48:12,942 - INFO - FOLLOWING SCRAPER: DEBUG: Account thedizzyviper in progress data with rate_limited=False
2025-03-26 21:48:12,942 - INFO - FOLLOWING SCRAPER: Processing: https://www.instagram.com/thedizzyviper/
2025-03-26 21:48:12,942 - INFO - FOLLOWING SCRAPER: Account thedizzyviper already fully processed. Skipping.
2025-03-26 21:48:12,942 - INFO - FOLLOWING SCRAPER: DEBUG: Removing link from queue: https://www.instagram.com/thedizzyviper/
2025-03-26 21:48:12,942 - INFO - FOLLOWING SCRAPER: DEBUG: Link removed. Queue size now: 1852
2025-03-26 21:48:12,942 - INFO - FOLLOWING SCRAPER: DEBUG: Sanitizing and saving 1852 links
2025-03-26 21:48:12,942 - INFO - FOLLOWING SCRAPER: DEBUG: After sanitization: 1852 links (removed 0)
2025-03-26 21:48:12,942 - INFO - FOLLOWING SCRAPER: DEBUG: Successfully saved 1852 links to instagram_data/followingLinks.txt
2025-03-26 21:48:12,942 - INFO - FOLLOWING SCRAPER: DEBUG: Links saved
2025-03-26 21:48:12,942 - INFO - FOLLOWING SCRAPER: Added 0 new relationships to adjacency list (total: 25008)
2025-03-26 21:48:12,942 - INFO - FOLLOWING SCRAPER: Completed 10/60 accounts. 1852 remaining in queue.
2025-03-26 21:48:12,942 - INFO - FOLLOWING SCRAPER: Waiting 5 seconds before next account...
2025-03-26 21:48:12,942 - INFO - FOLLOWING SCRAPER: DEBUG: Processing link #11/60: https://www.instagram.com/laclefrevival/
2025-03-26 21:48:12,942 - INFO - FOLLOWING SCRAPER: DEBUG: Before processing - 1852 links in queue
2025-03-26 21:48:12,942 - INFO - FOLLOWING SCRAPER: DEBUG: Account laclefrevival in progress data with rate_limited=False
2025-03-26 21:48:12,942 - INFO - FOLLOWING SCRAPER: Processing: https://www.instagram.com/laclefrevival/
2025-03-26 21:48:12,942 - INFO - FOLLOWING SCRAPER: Account laclefrevival already fully processed. Skipping.
2025-03-26 21:48:12,942 - INFO - FOLLOWING SCRAPER: DEBUG: Removing link from queue: https://www.instagram.com/laclefrevival/
2025-03-26 21:48:12,942 - INFO - FOLLOWING SCRAPER: DEBUG: Link removed. Queue size now: 1851
2025-03-26 21:48:12,942 - INFO - FOLLOWING SCRAPER: DEBUG: Sanitizing and saving 1851 links
2025-03-26 21:48:12,942 - INFO - FOLLOWING SCRAPER: DEBUG: After sanitization: 1851 links (removed 0)
2025-03-26 21:48:12,942 - INFO - FOLLOWING SCRAPER: DEBUG: Successfully saved 1851 links to instagram_data/followingLinks.txt
2025-03-26 21:48:12,942 - INFO - FOLLOWING SCRAPER: DEBUG: Links saved
2025-03-26 21:48:12,942 - INFO - FOLLOWING SCRAPER: Added 0 new relationships to adjacency list (total: 25008)
2025-03-26 21:48:12,942 - INFO - FOLLOWING SCRAPER: Completed 11/60 accounts. 1851 remaining in queue.
2025-03-26 21:48:12,942 - INFO - FOLLOWING SCRAPER: Waiting 5 seconds before next account...
2025-03-26 21:48:12,942 - INFO - FOLLOWING SCRAPER: DEBUG: Processing link #12/60: https://www.instagram.com/byboyfantasy/
2025-03-26 21:48:12,942 - INFO - FOLLOWING SCRAPER: DEBUG: Before processing - 1851 links in queue
2025-03-26 21:48:12,942 - INFO - FOLLOWING SCRAPER: DEBUG: Account byboyfantasy in progress data with rate_limited=False
2025-03-26 21:48:12,942 - INFO - FOLLOWING SCRAPER: Processing: https://www.instagram.com/byboyfantasy/
2025-03-26 21:48:12,943 - INFO - FOLLOWING SCRAPER: Account byboyfantasy already fully processed. Skipping.
2025-03-26 21:48:12,943 - INFO - FOLLOWING SCRAPER: DEBUG: Removing link from queue: https://www.instagram.com/byboyfantasy/
2025-03-26 21:48:12,943 - INFO - FOLLOWING SCRAPER: DEBUG: Link removed. Queue size now: 1850
2025-03-26 21:48:12,943 - INFO - FOLLOWING SCRAPER: DEBUG: Sanitizing and saving 1850 links
2025-03-26 21:48:12,943 - INFO - FOLLOWING SCRAPER: DEBUG: After sanitization: 1850 links (removed 0)
2025-03-26 21:48:12,943 - INFO - FOLLOWING SCRAPER: DEBUG: Successfully saved 1850 links to instagram_data/followingLinks.txt
2025-03-26 21:48:12,943 - INFO - FOLLOWING SCRAPER: DEBUG: Links saved
2025-03-26 21:48:12,943 - INFO - FOLLOWING SCRAPER: Added 0 new relationships to adjacency list (total: 25008)
2025-03-26 21:48:12,943 - INFO - FOLLOWING SCRAPER: Completed 12/60 accounts. 1850 remaining in queue.
2025-03-26 21:48:12,943 - INFO - FOLLOWING SCRAPER: Waiting 5 seconds before next account...
2025-03-26 21:48:12,943 - INFO - FOLLOWING SCRAPER: DEBUG: Processing link #13/60: https://www.instagram.com/manofdutch/
2025-03-26 21:48:12,943 - INFO - FOLLOWING SCRAPER: DEBUG: Before processing - 1850 links in queue
2025-03-26 21:48:12,943 - INFO - FOLLOWING SCRAPER: DEBUG: Account manofdutch in progress data with rate_limited=False
2025-03-26 21:48:12,943 - INFO - FOLLOWING SCRAPER: Processing: https://www.instagram.com/manofdutch/
2025-03-26 21:48:12,943 - INFO - FOLLOWING SCRAPER: Account manofdutch already fully processed. Skipping.
2025-03-26 21:48:12,943 - INFO - FOLLOWING SCRAPER: DEBUG: Removing link from queue: https://www.instagram.com/manofdutch/
2025-03-26 21:48:12,943 - INFO - FOLLOWING SCRAPER: DEBUG: Link removed. Queue size now: 1849
2025-03-26 21:48:12,943 - INFO - FOLLOWING SCRAPER: DEBUG: Sanitizing and saving 1849 links
2025-03-26 21:48:12,943 - INFO - FOLLOWING SCRAPER: DEBUG: After sanitization: 1849 links (removed 0)
2025-03-26 21:48:12,943 - INFO - FOLLOWING SCRAPER: DEBUG: Successfully saved 1849 links to instagram_data/followingLinks.txt
2025-03-26 21:48:12,943 - INFO - FOLLOWING SCRAPER: DEBUG: Links saved
2025-03-26 21:48:12,943 - INFO - FOLLOWING SCRAPER: Added 0 new relationships to adjacency list (total: 25008)
2025-03-26 21:48:12,943 - INFO - FOLLOWING SCRAPER: Completed 13/60 accounts. 1849 remaining in queue.
2025-03-26 21:48:12,943 - INFO - FOLLOWING SCRAPER: Waiting 5 seconds before next account...
2025-03-26 21:48:12,943 - INFO - FOLLOWING SCRAPER: DEBUG: Processing link #14/60: https://www.instagram.com/thefineartcollective/
2025-03-26 21:48:12,943 - INFO - FOLLOWING SCRAPER: DEBUG: Before processing - 1849 links in queue
2025-03-26 21:48:12,943 - INFO - FOLLOWING SCRAPER: DEBUG: Account thefineartcollective in progress data with rate_limited=False
2025-03-26 21:48:12,943 - INFO - FOLLOWING SCRAPER: Processing: https://www.instagram.com/thefineartcollective/
2025-03-26 21:48:12,943 - INFO - FOLLOWING SCRAPER: Account thefineartcollective already fully processed. Skipping.
2025-03-26 21:48:12,943 - INFO - FOLLOWING SCRAPER: DEBUG: Removing link from queue: https://www.instagram.com/thefineartcollective/
2025-03-26 21:48:12,943 - INFO - FOLLOWING SCRAPER: DEBUG: Link removed. Queue size now: 1848
2025-03-26 21:48:12,943 - INFO - FOLLOWING SCRAPER: DEBUG: Sanitizing and saving 1848 links
2025-03-26 21:48:12,943 - INFO - FOLLOWING SCRAPER: DEBUG: After sanitization: 1848 links (removed 0)
2025-03-26 21:48:12,943 - INFO - FOLLOWING SCRAPER: DEBUG: Successfully saved 1848 links to instagram_data/followingLinks.txt
2025-03-26 21:48:12,943 - INFO - FOLLOWING SCRAPER: DEBUG: Links saved
2025-03-26 21:48:12,943 - INFO - FOLLOWING SCRAPER: Added 0 new relationships to adjacency list (total: 25008)
2025-03-26 21:48:12,943 - INFO - FOLLOWING SCRAPER: Completed 14/60 accounts. 1848 remaining in queue.
2025-03-26 21:48:12,943 - INFO - FOLLOWING SCRAPER: Waiting 5 seconds before next account...
2025-03-26 21:48:12,943 - INFO - FOLLOWING SCRAPER: DEBUG: Processing link #15/60: https://www.instagram.com/ccclare_/
2025-03-26 21:48:12,943 - INFO - FOLLOWING SCRAPER: DEBUG: Before processing - 1848 links in queue
2025-03-26 21:48:12,943 - INFO - FOLLOWING SCRAPER: DEBUG: Account ccclare_ in progress data with rate_limited=False
2025-03-26 21:48:12,943 - INFO - FOLLOWING SCRAPER: DEBUG: Skipping already processed account: ccclare_
2025-03-26 21:48:12,943 - INFO - FOLLOWING SCRAPER: DEBUG: Sanitizing and saving 1847 links
2025-03-26 21:48:12,943 - INFO - FOLLOWING SCRAPER: DEBUG: After sanitization: 1847 links (removed 0)
2025-03-26 21:48:12,943 - INFO - FOLLOWING SCRAPER: DEBUG: Successfully saved 1847 links to instagram_data/followingLinks.txt
2025-03-26 21:48:12,943 - INFO - FOLLOWING SCRAPER: DEBUG: Processing link #16/60: https://www.instagram.com/rubyyyyyying/
2025-03-26 21:48:12,943 - INFO - FOLLOWING SCRAPER: DEBUG: Before processing - 1847 links in queue
2025-03-26 21:48:12,943 - INFO - FOLLOWING SCRAPER: DEBUG: Account rubyyyyyying in progress data with rate_limited=False
2025-03-26 21:48:12,943 - INFO - FOLLOWING SCRAPER: DEBUG: Skipping already processed account: rubyyyyyying
2025-03-26 21:48:12,943 - INFO - FOLLOWING SCRAPER: DEBUG: Sanitizing and saving 1846 links
2025-03-26 21:48:12,943 - INFO - FOLLOWING SCRAPER: DEBUG: After sanitization: 1846 links (removed 0)
2025-03-26 21:48:12,943 - INFO - FOLLOWING SCRAPER: DEBUG: Successfully saved 1846 links to instagram_data/followingLinks.txt
2025-03-26 21:48:12,943 - INFO - FOLLOWING SCRAPER: DEBUG: Processing link #17/60: https://www.instagram.com/yitingzhang/
2025-03-26 21:48:12,943 - INFO - FOLLOWING SCRAPER: DEBUG: Before processing - 1846 links in queue
2025-03-26 21:48:12,943 - INFO - FOLLOWING SCRAPER: DEBUG: Account yitingzhang in progress data with rate_limited=False
2025-03-26 21:48:12,943 - INFO - FOLLOWING SCRAPER: DEBUG: Skipping already processed account: yitingzhang
2025-03-26 21:48:12,943 - INFO - FOLLOWING SCRAPER: DEBUG: Sanitizing and saving 1845 links
2025-03-26 21:48:12,943 - INFO - FOLLOWING SCRAPER: DEBUG: After sanitization: 1845 links (removed 0)
2025-03-26 21:48:12,943 - INFO - FOLLOWING SCRAPER: DEBUG: Successfully saved 1845 links to instagram_data/followingLinks.txt
2025-03-26 21:48:12,943 - INFO - FOLLOWING SCRAPER: DEBUG: Processing link #18/60: https://www.instagram.com/claire.qiu_/
2025-03-26 21:48:12,943 - INFO - FOLLOWING SCRAPER: DEBUG: Before processing - 1845 links in queue
2025-03-26 21:48:12,943 - INFO - FOLLOWING SCRAPER: DEBUG: Account claire.qiu_ in progress data with rate_limited=False
2025-03-26 21:48:12,943 - INFO - FOLLOWING SCRAPER: DEBUG: Skipping already processed account: claire.qiu_
2025-03-26 21:48:12,944 - INFO - FOLLOWING SCRAPER: DEBUG: Sanitizing and saving 1844 links
2025-03-26 21:48:12,944 - INFO - FOLLOWING SCRAPER: DEBUG: After sanitization: 1844 links (removed 0)
2025-03-26 21:48:12,944 - INFO - FOLLOWING SCRAPER: DEBUG: Successfully saved 1844 links to instagram_data/followingLinks.txt
2025-03-26 21:48:12,944 - INFO - FOLLOWING SCRAPER: DEBUG: Processing link #19/60: https://www.instagram.com/jialuu__/
2025-03-26 21:48:12,944 - INFO - FOLLOWING SCRAPER: DEBUG: Before processing - 1844 links in queue
2025-03-26 21:48:12,944 - INFO - FOLLOWING SCRAPER: DEBUG: Account jialuu__ in progress data with rate_limited=False
2025-03-26 21:48:12,944 - INFO - FOLLOWING SCRAPER: DEBUG: Skipping already processed account: jialuu__
2025-03-26 21:48:12,944 - INFO - FOLLOWING SCRAPER: DEBUG: Sanitizing and saving 1843 links
2025-03-26 21:48:12,944 - INFO - FOLLOWING SCRAPER: DEBUG: After sanitization: 1843 links (removed 0)
2025-03-26 21:48:12,944 - INFO - FOLLOWING SCRAPER: DEBUG: Successfully saved 1843 links to instagram_data/followingLinks.txt
2025-03-26 21:48:12,944 - INFO - FOLLOWING SCRAPER: DEBUG: Processing link #20/60: https://www.instagram.com/dawn_rz_/
2025-03-26 21:48:12,944 - INFO - FOLLOWING SCRAPER: DEBUG: Before processing - 1843 links in queue
2025-03-26 21:48:12,944 - INFO - FOLLOWING SCRAPER: DEBUG: Account dawn_rz_ in progress data with rate_limited=False
2025-03-26 21:48:12,944 - INFO - FOLLOWING SCRAPER: DEBUG: Skipping already processed account: dawn_rz_
2025-03-26 21:48:12,944 - INFO - FOLLOWING SCRAPER: DEBUG: Sanitizing and saving 1842 links
2025-03-26 21:48:12,944 - INFO - FOLLOWING SCRAPER: DEBUG: After sanitization: 1842 links (removed 0)
2025-03-26 21:48:12,944 - INFO - FOLLOWING SCRAPER: DEBUG: Successfully saved 1842 links to instagram_data/followingLinks.txt
2025-03-26 21:48:12,944 - INFO - FOLLOWING SCRAPER: DEBUG: Processing link #21/60: https://www.instagram.com/archer222arc/
2025-03-26 21:48:12,944 - INFO - FOLLOWING SCRAPER: DEBUG: Before processing - 1842 links in queue
2025-03-26 21:48:12,944 - INFO - FOLLOWING SCRAPER: DEBUG: Account archer222arc in progress data with rate_limited=False
2025-03-26 21:48:12,944 - INFO - FOLLOWING SCRAPER: DEBUG: Skipping already processed account: archer222arc
2025-03-26 21:48:12,944 - INFO - FOLLOWING SCRAPER: DEBUG: Sanitizing and saving 1841 links
2025-03-26 21:48:12,944 - INFO - FOLLOWING SCRAPER: DEBUG: After sanitization: 1841 links (removed 0)
2025-03-26 21:48:12,944 - INFO - FOLLOWING SCRAPER: DEBUG: Successfully saved 1841 links to instagram_data/followingLinks.txt
2025-03-26 21:49:36,469 - INFO - FOLLOWING SCRAPER: DEBUG: Processing link #22/60: https://www.instagram.com/aaannie_wang/
2025-03-26 21:49:36,470 - INFO - FOLLOWING SCRAPER: DEBUG: Before processing - 1841 links in queue
2025-03-26 21:49:36,470 - INFO - FOLLOWING SCRAPER: DEBUG: Account aaannie_wang in progress data with rate_limited=False
2025-03-26 21:49:36,470 - INFO - FOLLOWING SCRAPER: DEBUG: Skipping already processed account: aaannie_wang
2025-03-26 21:49:36,470 - INFO - FOLLOWING SCRAPER: DEBUG: Sanitizing and saving 1840 links
2025-03-26 21:49:36,470 - INFO - FOLLOWING SCRAPER: DEBUG: After sanitization: 1840 links (removed 0)
2025-03-26 21:49:36,470 - INFO - FOLLOWING SCRAPER: DEBUG: Successfully saved 1840 links to instagram_data/followingLinks.txt
2025-03-26 21:49:36,470 - INFO - FOLLOWING SCRAPER: DEBUG: Processing link #23/60: https://www.instagram.com/ivyyyl_/
2025-03-26 21:49:36,470 - INFO - FOLLOWING SCRAPER: DEBUG: Before processing - 1840 links in queue
2025-03-26 21:49:36,470 - INFO - FOLLOWING SCRAPER: DEBUG: Account ivyyyl_ in progress data with rate_limited=False
2025-03-26 21:49:36,470 - INFO - FOLLOWING SCRAPER: DEBUG: Skipping already processed account: ivyyyl_
2025-03-26 21:49:36,470 - INFO - FOLLOWING SCRAPER: DEBUG: Sanitizing and saving 1839 links
2025-03-26 21:49:36,470 - INFO - FOLLOWING SCRAPER: DEBUG: After sanitization: 1839 links (removed 0)
2025-03-26 21:49:36,470 - INFO - FOLLOWING SCRAPER: DEBUG: Successfully saved 1839 links to instagram_data/followingLinks.txt
2025-03-26 21:49:36,470 - INFO - FOLLOWING SCRAPER: DEBUG: Processing link #24/60: https://www.instagram.com/yezirong/
2025-03-26 21:49:36,470 - INFO - FOLLOWING SCRAPER: DEBUG: Before processing - 1839 links in queue
2025-03-26 21:49:36,470 - INFO - FOLLOWING SCRAPER: DEBUG: Account yezirong in progress data with rate_limited=False
2025-03-26 21:49:36,470 - INFO - FOLLOWING SCRAPER: DEBUG: Skipping already processed account: yezirong
2025-03-26 21:49:36,470 - INFO - FOLLOWING SCRAPER: DEBUG: Sanitizing and saving 1838 links
2025-03-26 21:49:36,470 - INFO - FOLLOWING SCRAPER: DEBUG: After sanitization: 1838 links (removed 0)
2025-03-26 21:49:36,470 - INFO - FOLLOWING SCRAPER: DEBUG: Successfully saved 1838 links to instagram_data/followingLinks.txt
2025-03-26 21:49:36,471 - INFO - FOLLOWING SCRAPER: DEBUG: Processing link #25/60: https://www.instagram.com/hesens05/
2025-03-26 21:49:36,471 - INFO - FOLLOWING SCRAPER: DEBUG: Before processing - 1838 links in queue
2025-03-26 21:49:36,471 - INFO - FOLLOWING SCRAPER: DEBUG: Account hesens05 in progress data with rate_limited=False
2025-03-26 21:49:36,471 - INFO - FOLLOWING SCRAPER: DEBUG: Skipping already processed account: hesens05
2025-03-26 21:49:36,471 - INFO - FOLLOWING SCRAPER: DEBUG: Sanitizing and saving 1837 links
2025-03-26 21:49:36,471 - INFO - FOLLOWING SCRAPER: DEBUG: After sanitization: 1837 links (removed 0)
2025-03-26 21:49:36,471 - INFO - FOLLOWING SCRAPER: DEBUG: Successfully saved 1837 links to instagram_data/followingLinks.txt
2025-03-26 21:49:36,471 - INFO - FOLLOWING SCRAPER: DEBUG: Processing link #26/60: https://www.instagram.com/angelakkk_/
2025-03-26 21:49:36,471 - INFO - FOLLOWING SCRAPER: DEBUG: Before processing - 1837 links in queue
2025-03-26 21:49:36,471 - INFO - FOLLOWING SCRAPER: DEBUG: Account angelakkk_ in progress data with rate_limited=False
2025-03-26 21:49:36,471 - INFO - FOLLOWING SCRAPER: DEBUG: Skipping already processed account: angelakkk_
2025-03-26 21:49:36,471 - INFO - FOLLOWING SCRAPER: DEBUG: Sanitizing and saving 1836 links
2025-03-26 21:49:36,471 - INFO - FOLLOWING SCRAPER: DEBUG: After sanitization: 1836 links (removed 0)
2025-03-26 21:49:36,471 - INFO - FOLLOWING SCRAPER: DEBUG: Successfully saved 1836 links to instagram_data/followingLinks.txt
2025-03-26 21:49:36,471 - INFO - FOLLOWING SCRAPER: DEBUG: Processing link #27/60: https://www.instagram.com/as_cool_as_cucumber_amber/
2025-03-26 21:49:36,471 - INFO - FOLLOWING SCRAPER: DEBUG: Before processing - 1836 links in queue
2025-03-26 21:49:36,471 - INFO - FOLLOWING SCRAPER: DEBUG: Account as_cool_as_cucumber_amber in progress data with rate_limited=False
2025-03-26 21:49:36,471 - INFO - FOLLOWING SCRAPER: DEBUG: Skipping already processed account: as_cool_as_cucumber_amber
2025-03-26 21:49:36,471 - INFO - FOLLOWING SCRAPER: DEBUG: Sanitizing and saving 1835 links
2025-03-26 21:49:36,471 - INFO - FOLLOWING SCRAPER: DEBUG: After sanitization: 1835 links (removed 0)
2025-03-26 21:49:36,471 - INFO - FOLLOWING SCRAPER: DEBUG: Successfully saved 1835 links to instagram_data/followingLinks.txt
2025-03-26 21:49:36,471 - INFO - FOLLOWING SCRAPER: DEBUG: Processing link #28/60: https://www.instagram.com/schuwii_z/
2025-03-26 21:49:36,471 - INFO - FOLLOWING SCRAPER: DEBUG: Before processing - 1835 links in queue
2025-03-26 21:49:36,471 - INFO - FOLLOWING SCRAPER: DEBUG: Account schuwii_z in progress data with rate_limited=False
2025-03-26 21:49:36,471 - INFO - FOLLOWING SCRAPER: DEBUG: Skipping already processed account: schuwii_z
2025-03-26 21:49:36,471 - INFO - FOLLOWING SCRAPER: DEBUG: Sanitizing and saving 1834 links
2025-03-26 21:49:36,471 - INFO - FOLLOWING SCRAPER: DEBUG: After sanitization: 1834 links (removed 0)
2025-03-26 21:49:36,471 - INFO - FOLLOWING SCRAPER: DEBUG: Successfully saved 1834 links to instagram_data/followingLinks.txt
2025-03-26 21:49:36,471 - INFO - FOLLOWING SCRAPER: DEBUG: Processing link #29/60: https://www.instagram.com/khriswu8/
2025-03-26 21:49:36,471 - INFO - FOLLOWING SCRAPER: DEBUG: Before processing - 1834 links in queue
2025-03-26 21:49:36,471 - INFO - FOLLOWING SCRAPER: DEBUG: Account khriswu8 in progress data with rate_limited=False
2025-03-26 21:49:36,471 - INFO - FOLLOWING SCRAPER: DEBUG: Skipping already processed account: khriswu8
2025-03-26 21:49:36,471 - INFO - FOLLOWING SCRAPER: DEBUG: Sanitizing and saving 1833 links
2025-03-26 21:49:36,471 - INFO - FOLLOWING SCRAPER: DEBUG: After sanitization: 1833 links (removed 0)
2025-03-26 21:49:36,471 - INFO - FOLLOWING SCRAPER: DEBUG: Successfully saved 1833 links to instagram_data/followingLinks.txt
2025-03-26 21:49:36,471 - INFO - FOLLOWING SCRAPER: DEBUG: Processing link #30/60: https://www.instagram.com/karena88888/
2025-03-26 21:49:36,471 - INFO - FOLLOWING SCRAPER: DEBUG: Before processing - 1833 links in queue
2025-03-26 21:49:36,471 - INFO - FOLLOWING SCRAPER: DEBUG: Account karena88888 in progress data with rate_limited=False
2025-03-26 21:49:36,471 - INFO - FOLLOWING SCRAPER: DEBUG: Skipping already processed account: karena88888
2025-03-26 21:49:36,471 - INFO - FOLLOWING SCRAPER: DEBUG: Sanitizing and saving 1832 links
2025-03-26 21:49:36,471 - INFO - FOLLOWING SCRAPER: DEBUG: After sanitization: 1832 links (removed 0)
2025-03-26 21:49:36,471 - INFO - FOLLOWING SCRAPER: DEBUG: Successfully saved 1832 links to instagram_data/followingLinks.txt
2025-03-26 21:49:36,471 - INFO - FOLLOWING SCRAPER: DEBUG: Processing link #31/60: https://www.instagram.com/donsonn/
2025-03-26 21:49:36,471 - INFO - FOLLOWING SCRAPER: DEBUG: Before processing - 1832 links in queue
2025-03-26 21:49:36,471 - INFO - FOLLOWING SCRAPER: DEBUG: Account donsonn in progress data with rate_limited=False
2025-03-26 21:49:36,471 - INFO - FOLLOWING SCRAPER: DEBUG: Skipping already processed account: donsonn
2025-03-26 21:49:36,471 - INFO - FOLLOWING SCRAPER: DEBUG: Sanitizing and saving 1831 links
2025-03-26 21:49:36,471 - INFO - FOLLOWING SCRAPER: DEBUG: After sanitization: 1831 links (removed 0)
2025-03-26 21:49:36,471 - INFO - FOLLOWING SCRAPER: DEBUG: Successfully saved 1831 links to instagram_data/followingLinks.txt
2025-03-26 21:49:36,471 - INFO - FOLLOWING SCRAPER: DEBUG: Processing link #32/60: https://www.instagram.com/chenggao1999/
2025-03-26 21:49:36,471 - INFO - FOLLOWING SCRAPER: DEBUG: Before processing - 1831 links in queue
2025-03-26 21:49:36,471 - INFO - FOLLOWING SCRAPER: DEBUG: Account chenggao1999 in progress data with rate_limited=False
2025-03-26 21:49:36,471 - INFO - FOLLOWING SCRAPER: DEBUG: Skipping already processed account: chenggao1999
2025-03-26 21:49:36,471 - INFO - FOLLOWING SCRAPER: DEBUG: Sanitizing and saving 1830 links
2025-03-26 21:49:36,471 - INFO - FOLLOWING SCRAPER: DEBUG: After sanitization: 1830 links (removed 0)
2025-03-26 21:49:36,471 - INFO - FOLLOWING SCRAPER: DEBUG: Successfully saved 1830 links to instagram_data/followingLinks.txt
2025-03-26 21:49:36,471 - INFO - FOLLOWING SCRAPER: DEBUG: Processing link #33/60: https://www.instagram.com/whitehouse/
2025-03-26 21:49:36,471 - INFO - FOLLOWING SCRAPER: DEBUG: Before processing - 1830 links in queue
2025-03-26 21:49:36,471 - INFO - FOLLOWING SCRAPER: DEBUG: Account whitehouse in progress data with rate_limited=False
2025-03-26 21:49:36,471 - INFO - FOLLOWING SCRAPER: DEBUG: Skipping already processed account: whitehouse
2025-03-26 21:49:36,471 - INFO - FOLLOWING SCRAPER: DEBUG: Sanitizing and saving 1829 links
2025-03-26 21:49:36,472 - INFO - FOLLOWING SCRAPER: DEBUG: After sanitization: 1829 links (removed 0)
2025-03-26 21:49:36,472 - INFO - FOLLOWING SCRAPER: DEBUG: Successfully saved 1829 links to instagram_data/followingLinks.txt
2025-03-26 21:49:36,472 - INFO - FOLLOWING SCRAPER: DEBUG: Processing link #34/60: https://www.instagram.com/the_sstan/
2025-03-26 21:49:36,472 - INFO - FOLLOWING SCRAPER: DEBUG: Before processing - 1829 links in queue
2025-03-26 21:49:36,472 - INFO - FOLLOWING SCRAPER: DEBUG: Account the_sstan in progress data with rate_limited=False
2025-03-26 21:49:36,472 - INFO - FOLLOWING SCRAPER: DEBUG: Skipping already processed account: the_sstan
2025-03-26 21:49:36,472 - INFO - FOLLOWING SCRAPER: DEBUG: Sanitizing and saving 1828 links
2025-03-26 21:49:36,472 - INFO - FOLLOWING SCRAPER: DEBUG: After sanitization: 1828 links (removed 0)
2025-03-26 21:49:36,472 - INFO - FOLLOWING SCRAPER: DEBUG: Successfully saved 1828 links to instagram_data/followingLinks.txt
2025-03-26 21:49:36,472 - INFO - FOLLOWING SCRAPER: DEBUG: Processing link #35/60: https://www.instagram.com/jeanne_andreaa/
2025-03-26 21:49:36,472 - INFO - FOLLOWING SCRAPER: DEBUG: Before processing - 1828 links in queue
2025-03-26 21:49:36,472 - INFO - FOLLOWING SCRAPER: DEBUG: Account jeanne_andreaa in progress data with rate_limited=False
2025-03-26 21:49:36,472 - INFO - FOLLOWING SCRAPER: DEBUG: Skipping already processed account: jeanne_andreaa
2025-03-26 21:49:36,472 - INFO - FOLLOWING SCRAPER: DEBUG: Sanitizing and saving 1827 links
2025-03-26 21:49:36,472 - INFO - FOLLOWING SCRAPER: DEBUG: After sanitization: 1827 links (removed 0)
2025-03-26 21:49:36,472 - INFO - FOLLOWING SCRAPER: DEBUG: Successfully saved 1827 links to instagram_data/followingLinks.txt
2025-03-26 21:49:36,472 - INFO - FOLLOWING SCRAPER: DEBUG: Processing link #36/60: https://www.instagram.com/xuleqi926/
2025-03-26 21:49:36,472 - INFO - FOLLOWING SCRAPER: DEBUG: Before processing - 1827 links in queue
2025-03-26 21:49:36,472 - INFO - FOLLOWING SCRAPER: DEBUG: Account xuleqi926 in progress data with rate_limited=False
2025-03-26 21:49:36,472 - INFO - FOLLOWING SCRAPER: DEBUG: Skipping already processed account: xuleqi926
2025-03-26 21:49:36,472 - INFO - FOLLOWING SCRAPER: DEBUG: Sanitizing and saving 1826 links
2025-03-26 21:49:36,472 - INFO - FOLLOWING SCRAPER: DEBUG: After sanitization: 1826 links (removed 0)
2025-03-26 21:49:36,472 - INFO - FOLLOWING SCRAPER: DEBUG: Successfully saved 1826 links to instagram_data/followingLinks.txt
2025-03-26 21:49:36,472 - INFO - FOLLOWING SCRAPER: DEBUG: Processing link #37/60: https://www.instagram.com/electronicartsintermix/
2025-03-26 21:49:36,472 - INFO - FOLLOWING SCRAPER: DEBUG: Before processing - 1826 links in queue
2025-03-26 21:49:36,472 - INFO - FOLLOWING SCRAPER: DEBUG: Account electronicartsintermix in progress data with rate_limited=False
2025-03-26 21:49:36,472 - INFO - FOLLOWING SCRAPER: DEBUG: Skipping already processed account: electronicartsintermix
2025-03-26 21:49:36,472 - INFO - FOLLOWING SCRAPER: DEBUG: Sanitizing and saving 1825 links
2025-03-26 21:49:36,472 - INFO - FOLLOWING SCRAPER: DEBUG: After sanitization: 1825 links (removed 0)
2025-03-26 21:49:36,472 - INFO - FOLLOWING SCRAPER: DEBUG: Successfully saved 1825 links to instagram_data/followingLinks.txt
2025-03-26 21:49:36,472 - INFO - FOLLOWING SCRAPER: DEBUG: Processing link #38/60: https://www.instagram.com/parissfch/
2025-03-26 21:49:36,472 - INFO - FOLLOWING SCRAPER: DEBUG: Before processing - 1825 links in queue
2025-03-26 21:49:36,472 - INFO - FOLLOWING SCRAPER: DEBUG: Account parissfch in progress data with rate_limited=False
2025-03-26 21:49:36,472 - INFO - FOLLOWING SCRAPER: DEBUG: Skipping already processed account: parissfch
2025-03-26 21:49:36,472 - INFO - FOLLOWING SCRAPER: DEBUG: Sanitizing and saving 1824 links
2025-03-26 21:49:36,472 - INFO - FOLLOWING SCRAPER: DEBUG: After sanitization: 1824 links (removed 0)
2025-03-26 21:49:36,472 - INFO - FOLLOWING SCRAPER: DEBUG: Successfully saved 1824 links to instagram_data/followingLinks.txt
2025-03-26 21:49:36,472 - INFO - FOLLOWING SCRAPER: DEBUG: Processing link #39/60: https://www.instagram.com/nytimestravel/
2025-03-26 21:49:36,472 - INFO - FOLLOWING SCRAPER: DEBUG: Before processing - 1824 links in queue
2025-03-26 21:49:36,472 - INFO - FOLLOWING SCRAPER: DEBUG: Account nytimestravel in progress data with rate_limited=False
2025-03-26 21:49:36,472 - INFO - FOLLOWING SCRAPER: DEBUG: Skipping already processed account: nytimestravel
2025-03-26 21:49:36,472 - INFO - FOLLOWING SCRAPER: DEBUG: Sanitizing and saving 1823 links
2025-03-26 21:49:36,472 - INFO - FOLLOWING SCRAPER: DEBUG: After sanitization: 1823 links (removed 0)
2025-03-26 21:49:36,472 - INFO - FOLLOWING SCRAPER: DEBUG: Successfully saved 1823 links to instagram_data/followingLinks.txt
2025-03-26 21:49:36,472 - INFO - FOLLOWING SCRAPER: DEBUG: Processing link #40/60: https://www.instagram.com/nytimes/
2025-03-26 21:49:36,472 - INFO - FOLLOWING SCRAPER: DEBUG: Before processing - 1823 links in queue
2025-03-26 21:49:36,472 - INFO - FOLLOWING SCRAPER: DEBUG: Account nytimes in progress data with rate_limited=False
2025-03-26 21:49:36,472 - INFO - FOLLOWING SCRAPER: DEBUG: Skipping already processed account: nytimes
2025-03-26 21:49:36,472 - INFO - FOLLOWING SCRAPER: DEBUG: Sanitizing and saving 1822 links
2025-03-26 21:49:36,472 - INFO - FOLLOWING SCRAPER: DEBUG: After sanitization: 1822 links (removed 0)
2025-03-26 21:49:36,472 - INFO - FOLLOWING SCRAPER: DEBUG: Successfully saved 1822 links to instagram_data/followingLinks.txt
2025-03-26 21:49:36,472 - INFO - FOLLOWING SCRAPER: DEBUG: Processing link #41/60: https://www.instagram.com/a24/
2025-03-26 21:49:36,472 - INFO - FOLLOWING SCRAPER: DEBUG: Before processing - 1822 links in queue
2025-03-26 21:49:36,472 - INFO - FOLLOWING SCRAPER: DEBUG: Account a24 in progress data with rate_limited=False
2025-03-26 21:49:36,472 - INFO - FOLLOWING SCRAPER: DEBUG: Skipping already processed account: a24
2025-03-26 21:49:36,472 - INFO - FOLLOWING SCRAPER: DEBUG: Sanitizing and saving 1821 links
2025-03-26 21:49:36,472 - INFO - FOLLOWING SCRAPER: DEBUG: After sanitization: 1821 links (removed 0)
2025-03-26 21:49:36,472 - INFO - FOLLOWING SCRAPER: DEBUG: Successfully saved 1821 links to instagram_data/followingLinks.txt
2025-03-26 21:49:36,472 - INFO - FOLLOWING SCRAPER: DEBUG: Processing link #42/60: https://www.instagram.com/classaholic/
2025-03-26 21:49:36,472 - INFO - FOLLOWING SCRAPER: DEBUG: Before processing - 1821 links in queue
2025-03-26 21:49:36,472 - INFO - FOLLOWING SCRAPER: DEBUG: Account classaholic in progress data with rate_limited=False
2025-03-26 21:49:36,472 - INFO - FOLLOWING SCRAPER: DEBUG: Skipping already processed account: classaholic
2025-03-26 21:49:36,472 - INFO - FOLLOWING SCRAPER: DEBUG: Sanitizing and saving 1820 links
2025-03-26 21:49:36,472 - INFO - FOLLOWING SCRAPER: DEBUG: After sanitization: 1820 links (removed 0)
2025-03-26 21:49:36,473 - INFO - FOLLOWING SCRAPER: DEBUG: Successfully saved 1820 links to instagram_data/followingLinks.txt
2025-03-26 21:49:36,473 - INFO - FOLLOWING SCRAPER: DEBUG: Processing link #43/60: https://www.instagram.com/linda_linked/
2025-03-26 21:49:36,473 - INFO - FOLLOWING SCRAPER: DEBUG: Before processing - 1820 links in queue
2025-03-26 21:49:36,473 - INFO - FOLLOWING SCRAPER: DEBUG: Account linda_linked in progress data with rate_limited=False
2025-03-26 21:49:36,473 - INFO - FOLLOWING SCRAPER: DEBUG: Skipping already processed account: linda_linked
2025-03-26 21:49:36,473 - INFO - FOLLOWING SCRAPER: DEBUG: Sanitizing and saving 1819 links
2025-03-26 21:49:36,473 - INFO - FOLLOWING SCRAPER: DEBUG: After sanitization: 1819 links (removed 0)
2025-03-26 21:49:36,473 - INFO - FOLLOWING SCRAPER: DEBUG: Successfully saved 1819 links to instagram_data/followingLinks.txt
2025-03-26 21:49:36,473 - INFO - FOLLOWING SCRAPER: DEBUG: Processing link #44/60: https://www.instagram.com/ysl/
2025-03-26 21:49:36,473 - INFO - FOLLOWING SCRAPER: DEBUG: Before processing - 1819 links in queue
2025-03-26 21:49:36,473 - INFO - FOLLOWING SCRAPER: DEBUG: Account ysl in progress data with rate_limited=False
2025-03-26 21:49:36,473 - INFO - FOLLOWING SCRAPER: DEBUG: Skipping already processed account: ysl
2025-03-26 21:49:36,473 - INFO - FOLLOWING SCRAPER: DEBUG: Sanitizing and saving 1818 links
2025-03-26 21:49:36,473 - INFO - FOLLOWING SCRAPER: DEBUG: After sanitization: 1818 links (removed 0)
2025-03-26 21:49:36,473 - INFO - FOLLOWING SCRAPER: DEBUG: Successfully saved 1818 links to instagram_data/followingLinks.txt
2025-03-26 21:49:36,473 - INFO - FOLLOWING SCRAPER: DEBUG: Processing link #45/60: https://www.instagram.com/jane_chen1221/
2025-03-26 21:49:36,473 - INFO - FOLLOWING SCRAPER: DEBUG: Before processing - 1818 links in queue
2025-03-26 21:49:36,473 - INFO - FOLLOWING SCRAPER: DEBUG: Account jane_chen1221 in progress data with rate_limited=False
2025-03-26 21:49:36,473 - INFO - FOLLOWING SCRAPER: DEBUG: Skipping already processed account: jane_chen1221
2025-03-26 21:49:36,473 - INFO - FOLLOWING SCRAPER: DEBUG: Sanitizing and saving 1817 links
2025-03-26 21:49:36,473 - INFO - FOLLOWING SCRAPER: DEBUG: After sanitization: 1817 links (removed 0)
2025-03-26 21:49:36,473 - INFO - FOLLOWING SCRAPER: DEBUG: Successfully saved 1817 links to instagram_data/followingLinks.txt
2025-03-26 21:49:36,473 - INFO - FOLLOWING SCRAPER: DEBUG: Processing link #46/60: https://www.instagram.com/nationalgallery/
2025-03-26 21:49:36,473 - INFO - FOLLOWING SCRAPER: DEBUG: Before processing - 1817 links in queue
2025-03-26 21:49:36,473 - INFO - FOLLOWING SCRAPER: DEBUG: Account nationalgallery in progress data with rate_limited=False
2025-03-26 21:49:36,473 - INFO - FOLLOWING SCRAPER: DEBUG: Skipping already processed account: nationalgallery
2025-03-26 21:49:36,473 - INFO - FOLLOWING SCRAPER: DEBUG: Sanitizing and saving 1816 links
2025-03-26 21:49:36,473 - INFO - FOLLOWING SCRAPER: DEBUG: After sanitization: 1816 links (removed 0)
2025-03-26 21:49:36,473 - INFO - FOLLOWING SCRAPER: DEBUG: Successfully saved 1816 links to instagram_data/followingLinks.txt
2025-03-26 21:49:36,473 - INFO - FOLLOWING SCRAPER: DEBUG: Processing link #47/60: https://www.instagram.com/chelsea.films_/
2025-03-26 21:49:36,473 - INFO - FOLLOWING SCRAPER: DEBUG: Before processing - 1816 links in queue
2025-03-26 21:49:36,473 - INFO - FOLLOWING SCRAPER: DEBUG: Account chelsea.films_ in progress data with rate_limited=False
2025-03-26 21:49:36,473 - INFO - FOLLOWING SCRAPER: DEBUG: Skipping already processed account: chelsea.films_
2025-03-26 21:49:36,473 - INFO - FOLLOWING SCRAPER: DEBUG: Sanitizing and saving 1815 links
2025-03-26 21:49:36,473 - INFO - FOLLOWING SCRAPER: DEBUG: After sanitization: 1815 links (removed 0)
2025-03-26 21:49:36,473 - INFO - FOLLOWING SCRAPER: DEBUG: Successfully saved 1815 links to instagram_data/followingLinks.txt
2025-03-26 21:49:36,473 - INFO - FOLLOWING SCRAPER: DEBUG: Processing link #48/60: https://www.instagram.com/sonymusicsoundtracks/
2025-03-26 21:49:36,473 - INFO - FOLLOWING SCRAPER: DEBUG: Before processing - 1815 links in queue
2025-03-26 21:49:36,473 - INFO - FOLLOWING SCRAPER: DEBUG: Account sonymusicsoundtracks in progress data with rate_limited=False
2025-03-26 21:49:36,473 - INFO - FOLLOWING SCRAPER: DEBUG: Skipping already processed account: sonymusicsoundtracks
2025-03-26 21:49:36,473 - INFO - FOLLOWING SCRAPER: DEBUG: Sanitizing and saving 1814 links
2025-03-26 21:49:36,473 - INFO - FOLLOWING SCRAPER: DEBUG: After sanitization: 1814 links (removed 0)
2025-03-26 21:49:36,473 - INFO - FOLLOWING SCRAPER: DEBUG: Successfully saved 1814 links to instagram_data/followingLinks.txt
2025-03-26 21:49:36,473 - INFO - FOLLOWING SCRAPER: DEBUG: Processing link #49/60: https://www.instagram.com/benton.down/
2025-03-26 21:49:36,473 - INFO - FOLLOWING SCRAPER: DEBUG: Before processing - 1814 links in queue
2025-03-26 21:49:36,473 - INFO - FOLLOWING SCRAPER: DEBUG: Account benton.down in progress data with rate_limited=True
2025-03-26 21:49:36,473 - INFO - FOLLOWING SCRAPER: Account benton.down was previously rate-limited. Will re-attempt scraping.
2025-03-26 21:49:36,473 - INFO - FOLLOWING SCRAPER: Processing: https://www.instagram.com/benton.down/
2025-03-26 21:49:36,473 - INFO - FOLLOWING SCRAPER: Account benton.down was previously rate-limited - retrieved only 1/15 followers and 10/1188 following. Re-attempting scrape.
2025-03-26 21:49:36,473 - INFO - FOLLOWING SCRAPER: Scraping benton.down
2025-03-26 21:49:36,473 - INFO - FOLLOWING SCRAPER: benton.down: Followers: 15, Following: 1188
2025-03-26 21:49:36,473 - INFO - FOLLOWING SCRAPER: Scraping 15 followers for benton.down...
2025-03-26 21:49:36,473 - INFO - FOLLOWING SCRAPER: Scrolling page 1/10 for followers
2025-03-26 21:49:36,473 - INFO - FOLLOWING SCRAPER: Added 1 new users (filtered 0 duplicates)
2025-03-26 21:49:36,473 - INFO - FOLLOWING SCRAPER: Attempted fixed-distance scroll to bypass potential UI limitations
2025-03-26 21:49:36,473 - INFO - FOLLOWING SCRAPER: Scrolling page 2/10 for followers
2025-03-26 21:49:36,473 - INFO - FOLLOWING SCRAPER: Added 0 new users (filtered 1 duplicates)
2025-03-26 21:49:36,473 - INFO - FOLLOWING SCRAPER: Attempted fixed-distance scroll to bypass potential UI limitations
2025-03-26 21:49:36,473 - INFO - FOLLOWING SCRAPER: Reached the end of the list or no new content loading. Ending pagination.
2025-03-26 21:49:36,473 - INFO - FOLLOWING SCRAPER: Total followers retrieved: 1 (1 new in this session)
2025-03-26 21:49:36,474 - INFO - FOLLOWING SCRAPER: Retrieved 1 followers
2025-03-26 21:49:36,474 - INFO - FOLLOWING SCRAPER: Scraping 1188 following for benton.down...
2025-03-26 21:49:36,474 - INFO - FOLLOWING SCRAPER: Scrolling page 1/10 for following
2025-03-26 21:49:36,474 - INFO - FOLLOWING SCRAPER: Added 10 new users (filtered 4 duplicates)
2025-03-26 21:49:36,474 - INFO - FOLLOWING SCRAPER: Attempted fixed-distance scroll to bypass potential UI limitations
2025-03-26 21:49:36,474 - INFO - FOLLOWING SCRAPER: Scrolling page 2/10 for following
2025-03-26 21:49:36,474 - INFO - FOLLOWING SCRAPER: Added 0 new users (filtered 14 duplicates)
2025-03-26 21:49:36,474 - INFO - FOLLOWING SCRAPER: Attempted fixed-distance scroll to bypass potential UI limitations
2025-03-26 21:49:36,474 - INFO - FOLLOWING SCRAPER: Reached the end of the list or no new content loading. Ending pagination.
2025-03-26 21:49:36,474 - INFO - FOLLOWING SCRAPER: Total following retrieved: 10 (10 new in this session)
2025-03-26 21:49:36,474 - INFO - FOLLOWING SCRAPER: Retrieved 10 following
2025-03-26 21:49:36,474 - INFO - FOLLOWING SCRAPER: RATE LIMIT DETECTED: Retrieved exactly 10 following when account has 1188
2025-03-26 21:49:36,474 - INFO - FOLLOWING SCRAPER: Saved data to instagram_data/scraping_progress.json
2025-03-26 21:49:36,474 - INFO - FOLLOWING SCRAPER: Account benton.down was rate-limited. Will retry in a future session.
2025-03-26 21:49:36,474 - INFO - FOLLOWING SCRAPER: DEBUG: Removing link from queue: https://www.instagram.com/benton.down/
2025-03-26 21:49:36,474 - INFO - FOLLOWING SCRAPER: DEBUG: Link removed. Queue size now: 1813
2025-03-26 21:49:36,474 - INFO - FOLLOWING SCRAPER: DEBUG: Sanitizing and saving 1813 links
2025-03-26 21:49:36,474 - INFO - FOLLOWING SCRAPER: DEBUG: After sanitization: 1813 links (removed 0)
2025-03-26 21:49:36,474 - INFO - FOLLOWING SCRAPER: DEBUG: Successfully saved 1813 links to instagram_data/followingLinks.txt
2025-03-26 21:49:36,474 - INFO - FOLLOWING SCRAPER: DEBUG: Links saved
2025-03-26 21:49:36,474 - INFO - FOLLOWING SCRAPER: Added 0 new relationships to adjacency list (total: 25008)
2025-03-26 21:49:36,474 - INFO - FOLLOWING SCRAPER: Completed 15/60 accounts. 1813 remaining in queue.
2025-03-26 21:49:36,474 - INFO - FOLLOWING SCRAPER: Waiting 5 seconds before next account...
2025-03-26 21:49:36,474 - INFO - FOLLOWING SCRAPER: DEBUG: Processing link #50/60: https://www.instagram.com/ralphlauren/
2025-03-26 21:49:36,474 - INFO - FOLLOWING SCRAPER: DEBUG: Before processing - 1813 links in queue
2025-03-26 21:49:36,474 - INFO - FOLLOWING SCRAPER: DEBUG: Account ralphlauren in progress data with rate_limited=False
2025-03-26 21:49:36,474 - INFO - FOLLOWING SCRAPER: DEBUG: Skipping already processed account: ralphlauren
2025-03-26 21:49:36,474 - INFO - FOLLOWING SCRAPER: DEBUG: Sanitizing and saving 1812 links
2025-03-26 21:49:36,474 - INFO - FOLLOWING SCRAPER: DEBUG: After sanitization: 1812 links (removed 0)
2025-03-26 21:49:36,474 - INFO - FOLLOWING SCRAPER: DEBUG: Successfully saved 1812 links to instagram_data/followingLinks.txt
2025-03-26 21:49:36,474 - INFO - FOLLOWING SCRAPER: DEBUG: Processing link #51/60: https://www.instagram.com/eleganza_classica/
2025-03-26 21:49:36,474 - INFO - FOLLOWING SCRAPER: DEBUG: Before processing - 1812 links in queue
2025-03-26 21:49:36,474 - INFO - FOLLOWING SCRAPER: Processing: https://www.instagram.com/eleganza_classica/
2025-03-26 21:49:36,474 - INFO - FOLLOWING SCRAPER: Scraping eleganza_classica
2025-03-26 21:49:36,474 - INFO - FOLLOWING SCRAPER: Early detection: Account has too many followers (8977) or following (241). Skipping detailed scraping.
2025-03-26 21:49:36,474 - INFO - FOLLOWING SCRAPER: Saved data to instagram_data/scraping_progress.json
2025-03-26 21:49:36,474 - INFO - FOLLOWING SCRAPER: DEBUG: Removing link from queue: https://www.instagram.com/eleganza_classica/
2025-03-26 21:49:36,474 - INFO - FOLLOWING SCRAPER: DEBUG: Link removed. Queue size now: 1811
2025-03-26 21:49:36,474 - INFO - FOLLOWING SCRAPER: DEBUG: Sanitizing and saving 1811 links
2025-03-26 21:49:36,474 - INFO - FOLLOWING SCRAPER: DEBUG: After sanitization: 1811 links (removed 0)
2025-03-26 21:49:36,474 - INFO - FOLLOWING SCRAPER: DEBUG: Successfully saved 1811 links to instagram_data/followingLinks.txt
2025-03-26 21:49:36,474 - INFO - FOLLOWING SCRAPER: DEBUG: Links saved
2025-03-26 21:49:36,474 - INFO - FOLLOWING SCRAPER: Added 0 new relationships to adjacency list (total: 25008)
2025-03-26 21:49:36,474 - INFO - FOLLOWING SCRAPER: Completed 16/60 accounts. 1811 remaining in queue.
2025-03-26 21:49:36,474 - INFO - FOLLOWING SCRAPER: Waiting 5 seconds before next account...
2025-03-26 21:49:36,474 - INFO - FOLLOWING SCRAPER: DEBUG: Processing link #52/60: https://www.instagram.com/beholdingeye/
2025-03-26 21:49:36,474 - INFO - FOLLOWING SCRAPER: DEBUG: Before processing - 1811 links in queue
2025-03-26 21:49:36,474 - INFO - FOLLOWING SCRAPER: Processing: https://www.instagram.com/beholdingeye/
2025-03-26 21:49:36,474 - INFO - FOLLOWING SCRAPER: Scraping beholdingeye
2025-03-26 21:49:36,474 - INFO - FOLLOWING SCRAPER: Early detection: Account has too many followers (257) or following (2522). Skipping detailed scraping.
2025-03-26 21:49:36,474 - INFO - FOLLOWING SCRAPER: Saved data to instagram_data/scraping_progress.json
2025-03-26 21:49:36,474 - INFO - FOLLOWING SCRAPER: DEBUG: Removing link from queue: https://www.instagram.com/beholdingeye/
2025-03-26 21:49:36,474 - INFO - FOLLOWING SCRAPER: DEBUG: Link removed. Queue size now: 1810
2025-03-26 21:49:36,474 - INFO - FOLLOWING SCRAPER: DEBUG: Sanitizing and saving 1810 links
2025-03-26 21:49:36,474 - INFO - FOLLOWING SCRAPER: DEBUG: After sanitization: 1810 links (removed 0)
2025-03-26 21:49:36,474 - INFO - FOLLOWING SCRAPER: DEBUG: Successfully saved 1810 links to instagram_data/followingLinks.txt
2025-03-26 21:49:36,474 - INFO - FOLLOWING SCRAPER: DEBUG: Links saved
2025-03-26 21:49:36,474 - INFO - FOLLOWING SCRAPER: Added 0 new relationships to adjacency list (total: 25008)
2025-03-26 21:49:36,474 - INFO - FOLLOWING SCRAPER: Completed 17/60 accounts. 1810 remaining in queue.
2025-03-26 21:49:36,474 - INFO - FOLLOWING SCRAPER: Waiting 5 seconds before next account...
2025-03-26 21:49:36,474 - INFO - FOLLOWING SCRAPER: DEBUG: Processing link #53/60: https://www.instagram.com/ficusshanghai/
2025-03-26 21:49:36,474 - INFO - FOLLOWING SCRAPER: DEBUG: Before processing - 1810 links in queue
2025-03-26 21:49:36,474 - INFO - FOLLOWING SCRAPER: DEBUG: Account ficusshanghai in progress data with rate_limited=False
2025-03-26 21:49:36,474 - INFO - FOLLOWING SCRAPER: DEBUG: Skipping already processed account: ficusshanghai
2025-03-26 21:49:36,474 - INFO - FOLLOWING SCRAPER: DEBUG: Sanitizing and saving 1809 links
2025-03-26 21:49:36,474 - INFO - FOLLOWING SCRAPER: DEBUG: After sanitization: 1809 links (removed 0)
2025-03-26 21:49:36,474 - INFO - FOLLOWING SCRAPER: DEBUG: Successfully saved 1809 links to instagram_data/followingLinks.txt
2025-03-26 21:49:36,474 - INFO - FOLLOWING SCRAPER: DEBUG: Processing link #54/60: https://www.instagram.com/astaguru/
2025-03-26 21:49:36,474 - INFO - FOLLOWING SCRAPER: DEBUG: Before processing - 1809 links in queue
2025-03-26 21:49:36,474 - INFO - FOLLOWING SCRAPER: DEBUG: Account astaguru in progress data with rate_limited=False
2025-03-26 21:49:36,474 - INFO - FOLLOWING SCRAPER: DEBUG: Skipping already processed account: astaguru
2025-03-26 21:49:36,475 - INFO - FOLLOWING SCRAPER: DEBUG: Sanitizing and saving 1808 links
2025-03-26 21:49:36,475 - INFO - FOLLOWING SCRAPER: DEBUG: After sanitization: 1808 links (removed 0)
2025-03-26 21:49:36,475 - INFO - FOLLOWING SCRAPER: DEBUG: Successfully saved 1808 links to instagram_data/followingLinks.txt
2025-03-26 21:49:36,475 - INFO - FOLLOWING SCRAPER: DEBUG: Processing link #55/60: https://www.instagram.com/north_bk_community_boathouse/
2025-03-26 21:49:36,475 - INFO - FOLLOWING SCRAPER: DEBUG: Before processing - 1808 links in queue
2025-03-26 21:49:36,475 - INFO - FOLLOWING SCRAPER: Processing: https://www.instagram.com/north_bk_community_boathouse/
2025-03-26 21:49:36,475 - INFO - FOLLOWING SCRAPER: Scraping north_bk_community_boathouse
2025-03-26 21:49:36,475 - INFO - FOLLOWING SCRAPER: Early detection: Account has too many followers (3053) or following (1093). Skipping detailed scraping.
2025-03-26 21:49:36,475 - INFO - FOLLOWING SCRAPER: Saved data to instagram_data/scraping_progress.json
2025-03-26 21:49:36,475 - INFO - FOLLOWING SCRAPER: DEBUG: Removing link from queue: https://www.instagram.com/north_bk_community_boathouse/
2025-03-26 21:49:36,475 - INFO - FOLLOWING SCRAPER: DEBUG: Link removed. Queue size now: 1807
2025-03-26 21:49:36,475 - INFO - FOLLOWING SCRAPER: DEBUG: Sanitizing and saving 1807 links
2025-03-26 21:49:36,475 - INFO - FOLLOWING SCRAPER: DEBUG: After sanitization: 1807 links (removed 0)
2025-03-26 21:49:36,475 - INFO - FOLLOWING SCRAPER: DEBUG: Successfully saved 1807 links to instagram_data/followingLinks.txt
2025-03-26 21:49:36,476 - INFO - FOLLOWING SCRAPER: DEBUG: Links saved
2025-03-26 21:49:36,477 - INFO - FOLLOWING SCRAPER: Added 0 new relationships to adjacency list (total: 25008)
2025-03-26 21:49:36,477 - INFO - FOLLOWING SCRAPER: Completed 18/60 accounts. 1807 remaining in queue.
2025-03-26 21:49:36,477 - INFO - FOLLOWING SCRAPER: Waiting 5 seconds before next account...
2025-03-26 21:49:36,477 - INFO - FOLLOWING SCRAPER: DEBUG: Processing link #56/60: https://www.instagram.com/tom.xrvp/
2025-03-26 21:49:36,477 - INFO - FOLLOWING SCRAPER: DEBUG: Before processing - 1807 links in queue
2025-03-26 21:49:36,477 - INFO - FOLLOWING SCRAPER: DEBUG: Account tom.xrvp in progress data with rate_limited=False
2025-03-26 21:49:36,478 - INFO - FOLLOWING SCRAPER: DEBUG: Skipping already processed account: tom.xrvp
2025-03-26 21:49:36,478 - INFO - FOLLOWING SCRAPER: DEBUG: Sanitizing and saving 1806 links
2025-03-26 21:49:36,479 - INFO - FOLLOWING SCRAPER: DEBUG: After sanitization: 1806 links (removed 0)
2025-03-26 21:49:36,479 - INFO - FOLLOWING SCRAPER: DEBUG: Successfully saved 1806 links to instagram_data/followingLinks.txt
2025-03-26 21:49:36,479 - INFO - FOLLOWING SCRAPER: DEBUG: Processing link #57/60: https://www.instagram.com/christinawangyx/
2025-03-26 21:49:36,479 - INFO - FOLLOWING SCRAPER: DEBUG: Before processing - 1806 links in queue
2025-03-26 21:49:36,479 - INFO - FOLLOWING SCRAPER: DEBUG: Skipping already processed account: christinawangyx
2025-03-26 21:49:36,479 - INFO - FOLLOWING SCRAPER: DEBUG: Sanitizing and saving 1805 links
2025-03-26 21:49:36,479 - INFO - FOLLOWING SCRAPER: DEBUG: After sanitization: 1805 links (removed 0)
2025-03-26 21:49:36,479 - INFO - FOLLOWING SCRAPER: DEBUG: Successfully saved 1805 links to instagram_data/followingLinks.txt
2025-03-26 21:49:36,479 - INFO - FOLLOWING SCRAPER: DEBUG: Processing link #58/60: https://www.instagram.com/ziyizhangart/
2025-03-26 21:49:36,479 - INFO - FOLLOWING SCRAPER: DEBUG: Before processing - 1805 links in queue
2025-03-26 21:49:36,479 - INFO - FOLLOWING SCRAPER: DEBUG: Skipping already processed account: ziyizhangart
2025-03-26 21:49:36,479 - INFO - FOLLOWING SCRAPER: DEBUG: Sanitizing and saving 1804 links
2025-03-26 21:49:36,479 - INFO - FOLLOWING SCRAPER: DEBUG: After sanitization: 1804 links (removed 0)
2025-03-26 21:49:36,479 - INFO - FOLLOWING SCRAPER: DEBUG: Successfully saved 1804 links to instagram_data/followingLinks.txt
2025-03-26 21:49:36,479 - INFO - FOLLOWING SCRAPER: DEBUG: Processing link #59/60: https://www.instagram.com/ziyi.violetgo/
2025-03-26 21:49:36,479 - INFO - FOLLOWING SCRAPER: DEBUG: Before processing - 1804 links in queue
2025-03-26 21:49:36,479 - INFO - FOLLOWING SCRAPER: DEBUG: Account ziyi.violetgo in progress data with rate_limited=False
2025-03-26 21:49:36,479 - INFO - FOLLOWING SCRAPER: DEBUG: Skipping already processed account: ziyi.violetgo
2025-03-26 21:49:36,479 - INFO - FOLLOWING SCRAPER: DEBUG: Sanitizing and saving 1803 links
2025-03-26 21:49:36,479 - INFO - FOLLOWING SCRAPER: DEBUG: After sanitization: 1803 links (removed 0)
2025-03-26 21:49:36,480 - INFO - FOLLOWING SCRAPER: DEBUG: Successfully saved 1803 links to instagram_data/followingLinks.txt
2025-03-26 21:49:36,480 - INFO - FOLLOWING SCRAPER: DEBUG: Processing link #60/60: https://www.instagram.com/toejeksperten/
2025-03-26 21:49:36,480 - INFO - FOLLOWING SCRAPER: DEBUG: Before processing - 1803 links in queue
2025-03-26 21:49:36,480 - INFO - FOLLOWING SCRAPER: Processing: https://www.instagram.com/toejeksperten/
2025-03-26 21:49:36,480 - INFO - FOLLOWING SCRAPER: Scraping toejeksperten
2025-03-26 21:49:36,480 - INFO - FOLLOWING SCRAPER: Early detection: Account has too many followers (7089) or following (357). Skipping detailed scraping.
2025-03-26 21:49:36,480 - INFO - FOLLOWING SCRAPER: Saved data to instagram_data/scraping_progress.json
2025-03-26 21:49:36,480 - INFO - FOLLOWING SCRAPER: DEBUG: Removing link from queue: https://www.instagram.com/toejeksperten/
2025-03-26 21:49:36,480 - INFO - FOLLOWING SCRAPER: DEBUG: Link removed. Queue size now: 1802
2025-03-26 21:49:36,480 - INFO - FOLLOWING SCRAPER: DEBUG: Sanitizing and saving 1802 links
2025-03-26 21:49:36,480 - INFO - FOLLOWING SCRAPER: DEBUG: After sanitization: 1802 links (removed 0)
2025-03-26 21:49:36,480 - INFO - FOLLOWING SCRAPER: DEBUG: Successfully saved 1802 links to instagram_data/followingLinks.txt
2025-03-26 21:49:36,480 - INFO - FOLLOWING SCRAPER: DEBUG: Links saved
2025-03-26 21:49:36,480 - INFO - FOLLOWING SCRAPER: Added 0 new relationships to adjacency list (total: 25008)
2025-03-26 21:49:36,480 - INFO - FOLLOWING SCRAPER: Completed 19/60 accounts. 1802 remaining in queue.
2025-03-26 21:49:36,480 - INFO - FOLLOWING SCRAPER: Waiting 5 seconds before next account...
2025-03-26 21:49:36,480 - INFO - FOLLOWING SCRAPER: Batch complete! Processed 19 accounts (1 were rate-limited and will be retried later).
2025-03-26 21:49:36,480 - INFO - FOLLOWING SCRAPER: 1802 links remaining for future sessions.
2025-03-26 21:49:36,480 - INFO - FOLLOWING SCRAPER: Browser closed. Script complete.
2025-03-26 21:49:37,286 - INFO - DEBUG: After processing - 1802 accounts in queue (removed 60)
2025-03-26 21:49:37,286 - INFO - DEBUG: Checking for duplicates after processing
2025-03-26 21:49:37,287 - INFO - No duplicate links found in instagram_data/followingLinks.txt
2025-03-26 21:49:37,287 - INFO - remove_processed_links function is disabled to allow re-scraping of potential rate-limited accounts
2025-03-26 21:49:37,287 - INFO - Following accounts scraping session completed with result: True
2025-03-26 21:49:37,287 - INFO - Sessions completed. Waiting 0 hours and 22 minutes before next sessions...
2025-03-26 22:11:48,269 - INFO - Current counts in status file - Followers: 881, Following: 1868
2025-03-26 22:11:48,271 - INFO - Current counts in status file - Followers: 881, Following: 1868
2025-03-26 22:11:48,272 - INFO - Starting new scraping session
2025-03-26 22:11:48,273 - INFO - Current counts in status file - Followers: 881, Following: 1868
2025-03-26 22:11:48,273 - INFO - Need to collect more following accounts: 1862/1868
2025-03-26 22:11:48,273 - INFO - Need to collect more followers: 879/881
2025-03-26 22:11:48,273 - INFO - Using 5 max pages for this session
2025-03-26 22:12:21,355 - INFO - SCRAPER: Logged in using button: //button[contains(.,'Log in')]
2025-03-26 22:12:21,355 - INFO - SCRAPER: Logged in successfully!
2025-03-26 22:12:21,355 - INFO - SCRAPER: Logged in as fretin98
2025-03-26 22:12:21,355 - INFO - SCRAPER: Resuming previous session...
2025-03-26 22:12:21,355 - INFO - SCRAPER: Loaded 879 followers and 1862 following from previous session
2025-03-26 22:12:21,355 - INFO - SCRAPER: Profile Stats: {'followers': 881, 'following': 1868, 'posts': 241}
2025-03-26 22:12:21,355 - INFO - Found profile stats line
2025-03-26 22:12:21,355 - INFO - SCRAPER: Followers: 881, Following: 1868
2025-03-26 22:12:21,355 - INFO - Extracted total followers: 881
2025-03-26 22:12:21,355 - INFO - Extracted total following: 1868
2025-03-26 22:12:21,355 - INFO - SCRAPER: Scraping followers...
2025-03-26 22:12:21,355 - INFO - SCRAPER: Already collected 879/881 followers (≥95%). Skipping followers scraping.
2025-03-26 22:12:21,356 - INFO - SCRAPER: Scraping following...
2025-03-26 22:12:21,356 - INFO - SCRAPER: Already collected 1862/1868 following accounts (≥95%). Skipping following scraping.
2025-03-26 22:12:21,356 - INFO - SCRAPER: Getting links to following accounts...
2025-03-26 22:12:21,356 - INFO - SCRAPER: Created 1862 following links from usernames
2025-03-26 22:12:21,356 - INFO - SCRAPER: Updated following links file: instagram_data/followingLinks.txt
2025-03-26 22:12:21,356 - INFO - SCRAPER: Updated adjacency list file: instagram_data/adjList.txt
2025-03-26 22:12:21,356 - INFO - SCRAPER: Added 0 new relationships (total: 25008)
2025-03-26 22:12:21,356 - INFO - SCRAPER: Retrieved 1862 following links
2025-03-26 22:12:21,356 - INFO - SCRAPER: Session completed successfully!
2025-03-26 22:12:21,357 - INFO - SCRAPER: Browser closed.
2025-03-26 22:12:21,410 - INFO - Updating status with dynamic counts - Followers: 881, Following: 1868
2025-03-26 22:12:21,412 - INFO - Saved data to instagram_data/auto_scrape_status.json
2025-03-26 22:12:21,412 - INFO - Now running a session to scrape following accounts network data...
2025-03-26 22:12:21,412 - INFO - Starting following accounts scraping session
2025-03-26 22:12:21,412 - INFO - remove_processed_links function is disabled to allow re-scraping of potential rate-limited accounts
2025-03-26 22:12:21,412 - INFO - DEBUG: Checking for duplicates before processing
2025-03-26 22:12:21,413 - INFO - No duplicate links found in instagram_data/followingLinks.txt
2025-03-26 22:12:21,413 - INFO - DEBUG: Before processing - 1862 accounts in queue
2025-03-26 22:12:21,416 - INFO - Using random batch size of 53 accounts for this session
2025-03-26 22:15:11,887 - INFO - FOLLOWING SCRAPER: DEBUG MODE ENABLED
2025-03-26 22:15:11,888 - INFO - FOLLOWING SCRAPER: Loaded scraping progress: 1472 accounts processed
2025-03-26 22:15:11,888 - INFO - FOLLOWING SCRAPER: Will process 53 accounts in this session
2025-03-26 22:15:11,888 - INFO - FOLLOWING SCRAPER: Logged in using button: //button[contains(.,'Log in')]
2025-03-26 22:15:11,888 - INFO - FOLLOWING SCRAPER: Logged in successfully!
2025-03-26 22:15:11,888 - INFO - FOLLOWING SCRAPER: Rate limit statistics: 1 accounts marked as rate-limited
2025-03-26 22:15:11,888 - INFO - FOLLOWING SCRAPER: Examples of rate-limited accounts: ['benton.down']
2025-03-26 22:15:11,888 - INFO - FOLLOWING SCRAPER: Loaded 1862 links from instagram_data/followingLinks.txt
2025-03-26 22:15:11,888 - INFO - FOLLOWING SCRAPER: Loaded adjacency list from instagram_data/adjList.txt
2025-03-26 22:15:11,888 - INFO - FOLLOWING SCRAPER: Deduplicating adjacency list...
2025-03-26 22:15:11,888 - INFO - FOLLOWING SCRAPER: No duplicates found in adjList.txt
2025-03-26 22:15:11,889 - INFO - FOLLOWING SCRAPER: DEBUG: Found 6149 already processed accounts in adjList.txt
2025-03-26 22:15:11,889 - INFO - FOLLOWING SCRAPER: Found 6149 accounts that have already been processed
2025-03-26 22:15:11,889 - INFO - FOLLOWING SCRAPER: Starting batch processing of 53 accounts
2025-03-26 22:15:11,889 - INFO - FOLLOWING SCRAPER: Pre-checking accounts to prioritize ones with reasonable follower/following counts...
2025-03-26 22:15:11,889 - INFO - FOLLOWING SCRAPER: ✓ shuheisakaue: Good candidate with 18 followers, 895 following
2025-03-26 22:15:11,889 - INFO - FOLLOWING SCRAPER: ✓ catsoupai: Good candidate with 189 followers, 188 following
2025-03-26 22:15:11,889 - INFO - FOLLOWING SCRAPER: ✓ soloslop.memes: Good candidate with 70 followers, 67 following
2025-03-26 22:15:11,889 - INFO - FOLLOWING SCRAPER: ✓ phillipsauction: Good candidate with 428 followers, 434 following
2025-03-26 22:15:11,889 - INFO - FOLLOWING SCRAPER: ✓ filmmovement: Good candidate with 12 followers, 708 following
2025-03-26 22:15:11,889 - INFO - FOLLOWING SCRAPER: ✗ rubahitam_: Too many connections (48 followers, 1153 following)
2025-03-26 22:15:11,889 - INFO - FOLLOWING SCRAPER: ✗ chinatown_cowboy.mp4: Too many connections (2381 followers, 0 following)
2025-03-26 22:15:11,889 - INFO - FOLLOWING SCRAPER: ✓ asian_redbozicowboy: Good candidate with 29 followers, 250 following
2025-03-26 22:15:11,889 - INFO - FOLLOWING SCRAPER: ✓ ccpxi_8964: Good candidate with 10 followers, 97 following
2025-03-26 22:15:11,889 - INFO - FOLLOWING SCRAPER: ✓ ngr.ev: Good candidate with 113 followers, 187 following
2025-03-26 22:15:11,889 - INFO - FOLLOWING SCRAPER: ✓ cinema_nighttt: Good candidate with 401 followers, 15 following
2025-03-26 22:15:11,889 - INFO - FOLLOWING SCRAPER: ✓ thedizzyviper: Good candidate with 179 followers, 901 following
2025-03-26 22:15:11,889 - INFO - FOLLOWING SCRAPER: ✗ arabbitsfoot: Too many connections (62 followers, 1566 following)
2025-03-26 22:15:11,889 - INFO - FOLLOWING SCRAPER: ✓ laclefrevival: Good candidate with 23 followers, 503 following
2025-03-26 22:15:11,889 - INFO - FOLLOWING SCRAPER: ✓ byboyfantasy: Good candidate with 83 followers, 609 following
2025-03-26 22:15:11,889 - INFO - FOLLOWING SCRAPER: ✓ manofdutch: Good candidate with 29 followers, 55 following
2025-03-26 22:15:11,889 - INFO - FOLLOWING SCRAPER: ✗ fernandosev7n: Too many connections (235 followers, 1534 following)
2025-03-26 22:15:11,890 - INFO - FOLLOWING SCRAPER: ✓ thefineartcollective: Good candidate with 673 followers, 918 following
2025-03-26 22:15:11,890 - INFO - FOLLOWING SCRAPER: ✗ xidan_zhang: Too many connections (2743 followers, 901 following)
2025-03-26 22:15:11,890 - INFO - FOLLOWING SCRAPER: ✗ zihaosong: Too many connections (10 followers, 2448 following)
2025-03-26 22:15:11,890 - INFO - FOLLOWING SCRAPER: ✗ young.brando: Too many connections (17 followers, 2455 following)
2025-03-26 22:15:11,890 - INFO - FOLLOWING SCRAPER: ✗ gentleman.gasmask: Too many connections (364 followers, 1660 following)
2025-03-26 22:15:11,890 - INFO - FOLLOWING SCRAPER: ✗ yuukakazami0: Too many connections (1343 followers, 518 following)
2025-03-26 22:15:11,890 - INFO - FOLLOWING SCRAPER: ✗ cucny: Too many connections (2784 followers, 38 following)
2025-03-26 22:15:11,890 - INFO - FOLLOWING SCRAPER: ✗ thepennclub: Too many connections (4055 followers, 632 following)
2025-03-26 22:15:11,890 - INFO - FOLLOWING SCRAPER: ✗ lsmartfund: Too many connections (4169 followers, 586 following)
2025-03-26 22:15:11,890 - INFO - FOLLOWING SCRAPER: ✗ perpetual.passion: Too many connections (38 followers, 2352 following)
2025-03-26 22:15:11,890 - INFO - FOLLOWING SCRAPER: ✗ milanrecords: Too many connections (20 followers, 2860 following)
2025-03-26 22:15:11,890 - INFO - FOLLOWING SCRAPER: Found 14 accounts with reasonable follower/following counts
2025-03-26 22:15:11,890 - INFO - FOLLOWING SCRAPER: DEBUG: Sanitizing and saving 1862 links
2025-03-26 22:15:11,890 - INFO - FOLLOWING SCRAPER: DEBUG: After sanitization: 1862 links (removed 0)
2025-03-26 22:15:11,890 - INFO - FOLLOWING SCRAPER: DEBUG: Successfully saved 1862 links to instagram_data/followingLinks.txt
2025-03-26 22:15:11,890 - INFO - FOLLOWING SCRAPER: Links reordered to prioritize accounts with reasonable follower/following counts
2025-03-26 22:15:11,890 - INFO - FOLLOWING SCRAPER: DEBUG: Processing link #1/53: https://www.instagram.com/shuheisakaue/
2025-03-26 22:15:11,890 - INFO - FOLLOWING SCRAPER: DEBUG: Before processing - 1862 links in queue
2025-03-26 22:15:11,890 - INFO - FOLLOWING SCRAPER: DEBUG: Account shuheisakaue in progress data with rate_limited=False
2025-03-26 22:15:11,890 - INFO - FOLLOWING SCRAPER: Processing: https://www.instagram.com/shuheisakaue/
2025-03-26 22:15:11,890 - INFO - FOLLOWING SCRAPER: Account shuheisakaue already fully processed. Skipping.
2025-03-26 22:15:11,890 - INFO - FOLLOWING SCRAPER: DEBUG: Removing link from queue: https://www.instagram.com/shuheisakaue/
2025-03-26 22:15:11,890 - INFO - FOLLOWING SCRAPER: DEBUG: Link removed. Queue size now: 1861
2025-03-26 22:15:11,890 - INFO - FOLLOWING SCRAPER: DEBUG: Sanitizing and saving 1861 links
2025-03-26 22:15:11,890 - INFO - FOLLOWING SCRAPER: DEBUG: After sanitization: 1861 links (removed 0)
2025-03-26 22:15:11,890 - INFO - FOLLOWING SCRAPER: DEBUG: Successfully saved 1861 links to instagram_data/followingLinks.txt
2025-03-26 22:15:11,890 - INFO - FOLLOWING SCRAPER: DEBUG: Links saved
2025-03-26 22:15:11,890 - INFO - FOLLOWING SCRAPER: Added 0 new relationships to adjacency list (total: 25008)
2025-03-26 22:15:11,890 - INFO - FOLLOWING SCRAPER: Completed 1/53 accounts. 1861 remaining in queue.
2025-03-26 22:15:11,890 - INFO - FOLLOWING SCRAPER: Waiting 5 seconds before next account...
2025-03-26 22:15:11,890 - INFO - FOLLOWING SCRAPER: DEBUG: Processing link #2/53: https://www.instagram.com/catsoupai/
2025-03-26 22:15:11,890 - INFO - FOLLOWING SCRAPER: DEBUG: Before processing - 1861 links in queue
2025-03-26 22:15:11,890 - INFO - FOLLOWING SCRAPER: DEBUG: Account catsoupai in progress data with rate_limited=False
2025-03-26 22:15:11,890 - INFO - FOLLOWING SCRAPER: Processing: https://www.instagram.com/catsoupai/
2025-03-26 22:15:11,890 - INFO - FOLLOWING SCRAPER: Account catsoupai already fully processed. Skipping.
2025-03-26 22:15:11,890 - INFO - FOLLOWING SCRAPER: DEBUG: Removing link from queue: https://www.instagram.com/catsoupai/
2025-03-26 22:15:11,890 - INFO - FOLLOWING SCRAPER: DEBUG: Link removed. Queue size now: 1860
2025-03-26 22:15:11,890 - INFO - FOLLOWING SCRAPER: DEBUG: Sanitizing and saving 1860 links
2025-03-26 22:15:11,890 - INFO - FOLLOWING SCRAPER: DEBUG: After sanitization: 1860 links (removed 0)
2025-03-26 22:15:11,890 - INFO - FOLLOWING SCRAPER: DEBUG: Successfully saved 1860 links to instagram_data/followingLinks.txt
2025-03-26 22:15:11,890 - INFO - FOLLOWING SCRAPER: DEBUG: Links saved
2025-03-26 22:15:11,890 - INFO - FOLLOWING SCRAPER: Added 0 new relationships to adjacency list (total: 25008)
2025-03-26 22:15:11,890 - INFO - FOLLOWING SCRAPER: Completed 2/53 accounts. 1860 remaining in queue.
2025-03-26 22:15:11,890 - INFO - FOLLOWING SCRAPER: Waiting 5 seconds before next account...
2025-03-26 22:15:11,890 - INFO - FOLLOWING SCRAPER: DEBUG: Processing link #3/53: https://www.instagram.com/soloslop.memes/
2025-03-26 22:15:11,890 - INFO - FOLLOWING SCRAPER: DEBUG: Before processing - 1860 links in queue
2025-03-26 22:15:11,890 - INFO - FOLLOWING SCRAPER: DEBUG: Account soloslop.memes in progress data with rate_limited=False
2025-03-26 22:15:11,890 - INFO - FOLLOWING SCRAPER: Processing: https://www.instagram.com/soloslop.memes/
2025-03-26 22:15:11,890 - INFO - FOLLOWING SCRAPER: Account soloslop.memes already fully processed. Skipping.
2025-03-26 22:15:11,890 - INFO - FOLLOWING SCRAPER: DEBUG: Removing link from queue: https://www.instagram.com/soloslop.memes/
2025-03-26 22:15:11,890 - INFO - FOLLOWING SCRAPER: DEBUG: Link removed. Queue size now: 1859
2025-03-26 22:15:11,890 - INFO - FOLLOWING SCRAPER: DEBUG: Sanitizing and saving 1859 links
2025-03-26 22:15:11,890 - INFO - FOLLOWING SCRAPER: DEBUG: After sanitization: 1859 links (removed 0)
2025-03-26 22:15:11,890 - INFO - FOLLOWING SCRAPER: DEBUG: Successfully saved 1859 links to instagram_data/followingLinks.txt
2025-03-26 22:15:11,890 - INFO - FOLLOWING SCRAPER: DEBUG: Links saved
2025-03-26 22:15:11,890 - INFO - FOLLOWING SCRAPER: Added 0 new relationships to adjacency list (total: 25008)
2025-03-26 22:15:11,890 - INFO - FOLLOWING SCRAPER: Completed 3/53 accounts. 1859 remaining in queue.
2025-03-26 22:15:11,890 - INFO - FOLLOWING SCRAPER: Waiting 5 seconds before next account...
2025-03-26 22:15:11,890 - INFO - FOLLOWING SCRAPER: DEBUG: Processing link #4/53: https://www.instagram.com/phillipsauction/
2025-03-26 22:15:11,890 - INFO - FOLLOWING SCRAPER: DEBUG: Before processing - 1859 links in queue
2025-03-26 22:15:11,890 - INFO - FOLLOWING SCRAPER: DEBUG: Account phillipsauction in progress data with rate_limited=False
2025-03-26 22:15:11,890 - INFO - FOLLOWING SCRAPER: Processing: https://www.instagram.com/phillipsauction/
2025-03-26 22:15:11,890 - INFO - FOLLOWING SCRAPER: Account phillipsauction already fully processed. Skipping.
2025-03-26 22:15:11,890 - INFO - FOLLOWING SCRAPER: DEBUG: Removing link from queue: https://www.instagram.com/phillipsauction/
2025-03-26 22:15:11,891 - INFO - FOLLOWING SCRAPER: DEBUG: Link removed. Queue size now: 1858
2025-03-26 22:15:11,891 - INFO - FOLLOWING SCRAPER: DEBUG: Sanitizing and saving 1858 links
2025-03-26 22:15:11,891 - INFO - FOLLOWING SCRAPER: DEBUG: After sanitization: 1858 links (removed 0)
2025-03-26 22:15:11,891 - INFO - FOLLOWING SCRAPER: DEBUG: Successfully saved 1858 links to instagram_data/followingLinks.txt
2025-03-26 22:15:11,891 - INFO - FOLLOWING SCRAPER: DEBUG: Links saved
2025-03-26 22:15:11,891 - INFO - FOLLOWING SCRAPER: Added 0 new relationships to adjacency list (total: 25008)
2025-03-26 22:15:11,891 - INFO - FOLLOWING SCRAPER: Completed 4/53 accounts. 1858 remaining in queue.
2025-03-26 22:15:11,891 - INFO - FOLLOWING SCRAPER: Waiting 5 seconds before next account...
2025-03-26 22:15:11,891 - INFO - FOLLOWING SCRAPER: DEBUG: Processing link #5/53: https://www.instagram.com/filmmovement/
2025-03-26 22:15:11,891 - INFO - FOLLOWING SCRAPER: DEBUG: Before processing - 1858 links in queue
2025-03-26 22:15:11,891 - INFO - FOLLOWING SCRAPER: DEBUG: Account filmmovement in progress data with rate_limited=False
2025-03-26 22:15:11,891 - INFO - FOLLOWING SCRAPER: Processing: https://www.instagram.com/filmmovement/
2025-03-26 22:15:11,891 - INFO - FOLLOWING SCRAPER: Account filmmovement already fully processed. Skipping.
2025-03-26 22:15:11,891 - INFO - FOLLOWING SCRAPER: DEBUG: Removing link from queue: https://www.instagram.com/filmmovement/
2025-03-26 22:15:11,891 - INFO - FOLLOWING SCRAPER: DEBUG: Link removed. Queue size now: 1857
2025-03-26 22:15:11,891 - INFO - FOLLOWING SCRAPER: DEBUG: Sanitizing and saving 1857 links
2025-03-26 22:15:11,891 - INFO - FOLLOWING SCRAPER: DEBUG: After sanitization: 1857 links (removed 0)
2025-03-26 22:15:11,891 - INFO - FOLLOWING SCRAPER: DEBUG: Successfully saved 1857 links to instagram_data/followingLinks.txt
2025-03-26 22:15:11,891 - INFO - FOLLOWING SCRAPER: DEBUG: Links saved
2025-03-26 22:15:11,891 - INFO - FOLLOWING SCRAPER: Added 0 new relationships to adjacency list (total: 25008)
2025-03-26 22:15:11,891 - INFO - FOLLOWING SCRAPER: Completed 5/53 accounts. 1857 remaining in queue.
2025-03-26 22:15:11,891 - INFO - FOLLOWING SCRAPER: Waiting 5 seconds before next account...
2025-03-26 22:15:11,891 - INFO - FOLLOWING SCRAPER: DEBUG: Processing link #6/53: https://www.instagram.com/asian_redbozicowboy/
2025-03-26 22:15:11,891 - INFO - FOLLOWING SCRAPER: DEBUG: Before processing - 1857 links in queue
2025-03-26 22:15:11,891 - INFO - FOLLOWING SCRAPER: DEBUG: Account asian_redbozicowboy in progress data with rate_limited=False
2025-03-26 22:15:11,891 - INFO - FOLLOWING SCRAPER: Processing: https://www.instagram.com/asian_redbozicowboy/
2025-03-26 22:15:11,891 - INFO - FOLLOWING SCRAPER: Account asian_redbozicowboy already fully processed. Skipping.
2025-03-26 22:15:11,891 - INFO - FOLLOWING SCRAPER: DEBUG: Removing link from queue: https://www.instagram.com/asian_redbozicowboy/
2025-03-26 22:15:11,891 - INFO - FOLLOWING SCRAPER: DEBUG: Link removed. Queue size now: 1856
2025-03-26 22:15:11,891 - INFO - FOLLOWING SCRAPER: DEBUG: Sanitizing and saving 1856 links
2025-03-26 22:15:11,891 - INFO - FOLLOWING SCRAPER: DEBUG: After sanitization: 1856 links (removed 0)
2025-03-26 22:15:11,891 - INFO - FOLLOWING SCRAPER: DEBUG: Successfully saved 1856 links to instagram_data/followingLinks.txt
2025-03-26 22:15:11,891 - INFO - FOLLOWING SCRAPER: DEBUG: Links saved
2025-03-26 22:15:11,891 - INFO - FOLLOWING SCRAPER: Added 0 new relationships to adjacency list (total: 25008)
2025-03-26 22:15:11,891 - INFO - FOLLOWING SCRAPER: Completed 6/53 accounts. 1856 remaining in queue.
2025-03-26 22:15:11,891 - INFO - FOLLOWING SCRAPER: Waiting 5 seconds before next account...
2025-03-26 22:15:11,891 - INFO - FOLLOWING SCRAPER: DEBUG: Processing link #7/53: https://www.instagram.com/ccpxi_8964/
2025-03-26 22:15:11,891 - INFO - FOLLOWING SCRAPER: DEBUG: Before processing - 1856 links in queue
2025-03-26 22:15:11,891 - INFO - FOLLOWING SCRAPER: DEBUG: Account ccpxi_8964 in progress data with rate_limited=False
2025-03-26 22:15:11,891 - INFO - FOLLOWING SCRAPER: Processing: https://www.instagram.com/ccpxi_8964/
2025-03-26 22:15:11,891 - INFO - FOLLOWING SCRAPER: Account ccpxi_8964 already fully processed. Skipping.
2025-03-26 22:15:11,891 - INFO - FOLLOWING SCRAPER: DEBUG: Removing link from queue: https://www.instagram.com/ccpxi_8964/
2025-03-26 22:15:11,891 - INFO - FOLLOWING SCRAPER: DEBUG: Link removed. Queue size now: 1855
2025-03-26 22:15:11,891 - INFO - FOLLOWING SCRAPER: DEBUG: Sanitizing and saving 1855 links
2025-03-26 22:15:11,891 - INFO - FOLLOWING SCRAPER: DEBUG: After sanitization: 1855 links (removed 0)
2025-03-26 22:15:11,891 - INFO - FOLLOWING SCRAPER: DEBUG: Successfully saved 1855 links to instagram_data/followingLinks.txt
2025-03-26 22:15:11,891 - INFO - FOLLOWING SCRAPER: DEBUG: Links saved
2025-03-26 22:15:11,891 - INFO - FOLLOWING SCRAPER: Added 0 new relationships to adjacency list (total: 25008)
2025-03-26 22:15:11,891 - INFO - FOLLOWING SCRAPER: Completed 7/53 accounts. 1855 remaining in queue.
2025-03-26 22:15:11,891 - INFO - FOLLOWING SCRAPER: Waiting 5 seconds before next account...
2025-03-26 22:15:11,891 - INFO - FOLLOWING SCRAPER: DEBUG: Processing link #8/53: https://www.instagram.com/ngr.ev/
2025-03-26 22:15:11,891 - INFO - FOLLOWING SCRAPER: DEBUG: Before processing - 1855 links in queue
2025-03-26 22:15:11,891 - INFO - FOLLOWING SCRAPER: DEBUG: Account ngr.ev in progress data with rate_limited=False
2025-03-26 22:15:11,891 - INFO - FOLLOWING SCRAPER: Processing: https://www.instagram.com/ngr.ev/
2025-03-26 22:15:11,891 - INFO - FOLLOWING SCRAPER: Account ngr.ev already fully processed. Skipping.
2025-03-26 22:15:11,891 - INFO - FOLLOWING SCRAPER: DEBUG: Removing link from queue: https://www.instagram.com/ngr.ev/
2025-03-26 22:15:11,891 - INFO - FOLLOWING SCRAPER: DEBUG: Link removed. Queue size now: 1854
2025-03-26 22:15:11,891 - INFO - FOLLOWING SCRAPER: DEBUG: Sanitizing and saving 1854 links
2025-03-26 22:15:11,891 - INFO - FOLLOWING SCRAPER: DEBUG: After sanitization: 1854 links (removed 0)
2025-03-26 22:15:11,891 - INFO - FOLLOWING SCRAPER: DEBUG: Successfully saved 1854 links to instagram_data/followingLinks.txt
2025-03-26 22:15:11,891 - INFO - FOLLOWING SCRAPER: DEBUG: Links saved
2025-03-26 22:15:11,891 - INFO - FOLLOWING SCRAPER: Added 0 new relationships to adjacency list (total: 25008)
2025-03-26 22:15:11,891 - INFO - FOLLOWING SCRAPER: Completed 8/53 accounts. 1854 remaining in queue.
2025-03-26 22:15:11,891 - INFO - FOLLOWING SCRAPER: Waiting 5 seconds before next account...
2025-03-26 22:15:11,891 - INFO - FOLLOWING SCRAPER: DEBUG: Processing link #9/53: https://www.instagram.com/cinema_nighttt/
2025-03-26 22:15:11,891 - INFO - FOLLOWING SCRAPER: DEBUG: Before processing - 1854 links in queue
2025-03-26 22:15:11,891 - INFO - FOLLOWING SCRAPER: DEBUG: Account cinema_nighttt in progress data with rate_limited=False
2025-03-26 22:15:11,891 - INFO - FOLLOWING SCRAPER: Processing: https://www.instagram.com/cinema_nighttt/
2025-03-26 22:15:11,891 - INFO - FOLLOWING SCRAPER: Account cinema_nighttt already fully processed. Skipping.
2025-03-26 22:15:11,891 - INFO - FOLLOWING SCRAPER: DEBUG: Removing link from queue: https://www.instagram.com/cinema_nighttt/
2025-03-26 22:15:11,892 - INFO - FOLLOWING SCRAPER: DEBUG: Link removed. Queue size now: 1853
2025-03-26 22:15:11,892 - INFO - FOLLOWING SCRAPER: DEBUG: Sanitizing and saving 1853 links
2025-03-26 22:15:11,892 - INFO - FOLLOWING SCRAPER: DEBUG: After sanitization: 1853 links (removed 0)
2025-03-26 22:15:11,892 - INFO - FOLLOWING SCRAPER: DEBUG: Successfully saved 1853 links to instagram_data/followingLinks.txt
2025-03-26 22:15:11,892 - INFO - FOLLOWING SCRAPER: DEBUG: Links saved
2025-03-26 22:15:11,892 - INFO - FOLLOWING SCRAPER: Added 0 new relationships to adjacency list (total: 25008)
2025-03-26 22:15:11,892 - INFO - FOLLOWING SCRAPER: Completed 9/53 accounts. 1853 remaining in queue.
2025-03-26 22:15:11,892 - INFO - FOLLOWING SCRAPER: Waiting 5 seconds before next account...
2025-03-26 22:15:11,892 - INFO - FOLLOWING SCRAPER: DEBUG: Processing link #10/53: https://www.instagram.com/thedizzyviper/
2025-03-26 22:15:11,892 - INFO - FOLLOWING SCRAPER: DEBUG: Before processing - 1853 links in queue
2025-03-26 22:15:11,892 - INFO - FOLLOWING SCRAPER: DEBUG: Account thedizzyviper in progress data with rate_limited=False
2025-03-26 22:15:11,892 - INFO - FOLLOWING SCRAPER: Processing: https://www.instagram.com/thedizzyviper/
2025-03-26 22:15:11,892 - INFO - FOLLOWING SCRAPER: Account thedizzyviper already fully processed. Skipping.
2025-03-26 22:15:11,892 - INFO - FOLLOWING SCRAPER: DEBUG: Removing link from queue: https://www.instagram.com/thedizzyviper/
2025-03-26 22:15:11,892 - INFO - FOLLOWING SCRAPER: DEBUG: Link removed. Queue size now: 1852
2025-03-26 22:15:11,892 - INFO - FOLLOWING SCRAPER: DEBUG: Sanitizing and saving 1852 links
2025-03-26 22:15:11,892 - INFO - FOLLOWING SCRAPER: DEBUG: After sanitization: 1852 links (removed 0)
2025-03-26 22:15:11,892 - INFO - FOLLOWING SCRAPER: DEBUG: Successfully saved 1852 links to instagram_data/followingLinks.txt
2025-03-26 22:15:11,892 - INFO - FOLLOWING SCRAPER: DEBUG: Links saved
2025-03-26 22:15:11,892 - INFO - FOLLOWING SCRAPER: Added 0 new relationships to adjacency list (total: 25008)
2025-03-26 22:15:11,892 - INFO - FOLLOWING SCRAPER: Completed 10/53 accounts. 1852 remaining in queue.
2025-03-26 22:15:11,892 - INFO - FOLLOWING SCRAPER: Waiting 5 seconds before next account...
2025-03-26 22:15:11,892 - INFO - FOLLOWING SCRAPER: DEBUG: Processing link #11/53: https://www.instagram.com/laclefrevival/
2025-03-26 22:15:11,892 - INFO - FOLLOWING SCRAPER: DEBUG: Before processing - 1852 links in queue
2025-03-26 22:15:11,892 - INFO - FOLLOWING SCRAPER: DEBUG: Account laclefrevival in progress data with rate_limited=False
2025-03-26 22:15:11,892 - INFO - FOLLOWING SCRAPER: Processing: https://www.instagram.com/laclefrevival/
2025-03-26 22:15:11,892 - INFO - FOLLOWING SCRAPER: Account laclefrevival already fully processed. Skipping.
2025-03-26 22:15:11,892 - INFO - FOLLOWING SCRAPER: DEBUG: Removing link from queue: https://www.instagram.com/laclefrevival/
2025-03-26 22:15:11,892 - INFO - FOLLOWING SCRAPER: DEBUG: Link removed. Queue size now: 1851
2025-03-26 22:15:11,892 - INFO - FOLLOWING SCRAPER: DEBUG: Sanitizing and saving 1851 links
2025-03-26 22:15:11,892 - INFO - FOLLOWING SCRAPER: DEBUG: After sanitization: 1851 links (removed 0)
2025-03-26 22:15:11,892 - INFO - FOLLOWING SCRAPER: DEBUG: Successfully saved 1851 links to instagram_data/followingLinks.txt
2025-03-26 22:15:11,892 - INFO - FOLLOWING SCRAPER: DEBUG: Links saved
2025-03-26 22:15:11,892 - INFO - FOLLOWING SCRAPER: Added 0 new relationships to adjacency list (total: 25008)
2025-03-26 22:15:11,892 - INFO - FOLLOWING SCRAPER: Completed 11/53 accounts. 1851 remaining in queue.
2025-03-26 22:15:11,892 - INFO - FOLLOWING SCRAPER: Waiting 5 seconds before next account...
2025-03-26 22:15:11,892 - INFO - FOLLOWING SCRAPER: DEBUG: Processing link #12/53: https://www.instagram.com/byboyfantasy/
2025-03-26 22:15:11,892 - INFO - FOLLOWING SCRAPER: DEBUG: Before processing - 1851 links in queue
2025-03-26 22:15:11,892 - INFO - FOLLOWING SCRAPER: DEBUG: Account byboyfantasy in progress data with rate_limited=False
2025-03-26 22:15:11,892 - INFO - FOLLOWING SCRAPER: Processing: https://www.instagram.com/byboyfantasy/
2025-03-26 22:15:11,892 - INFO - FOLLOWING SCRAPER: Account byboyfantasy already fully processed. Skipping.
2025-03-26 22:15:11,892 - INFO - FOLLOWING SCRAPER: DEBUG: Removing link from queue: https://www.instagram.com/byboyfantasy/
2025-03-26 22:15:11,892 - INFO - FOLLOWING SCRAPER: DEBUG: Link removed. Queue size now: 1850
2025-03-26 22:15:11,892 - INFO - FOLLOWING SCRAPER: DEBUG: Sanitizing and saving 1850 links
2025-03-26 22:15:11,892 - INFO - FOLLOWING SCRAPER: DEBUG: After sanitization: 1850 links (removed 0)
2025-03-26 22:15:11,892 - INFO - FOLLOWING SCRAPER: DEBUG: Successfully saved 1850 links to instagram_data/followingLinks.txt
2025-03-26 22:15:11,892 - INFO - FOLLOWING SCRAPER: DEBUG: Links saved
2025-03-26 22:15:11,892 - INFO - FOLLOWING SCRAPER: Added 0 new relationships to adjacency list (total: 25008)
2025-03-26 22:15:11,892 - INFO - FOLLOWING SCRAPER: Completed 12/53 accounts. 1850 remaining in queue.
2025-03-26 22:15:11,892 - INFO - FOLLOWING SCRAPER: Waiting 5 seconds before next account...
2025-03-26 22:15:11,892 - INFO - FOLLOWING SCRAPER: DEBUG: Processing link #13/53: https://www.instagram.com/manofdutch/
2025-03-26 22:15:11,892 - INFO - FOLLOWING SCRAPER: DEBUG: Before processing - 1850 links in queue
2025-03-26 22:15:11,892 - INFO - FOLLOWING SCRAPER: DEBUG: Account manofdutch in progress data with rate_limited=False
2025-03-26 22:15:11,892 - INFO - FOLLOWING SCRAPER: Processing: https://www.instagram.com/manofdutch/
2025-03-26 22:15:11,892 - INFO - FOLLOWING SCRAPER: Account manofdutch already fully processed. Skipping.
2025-03-26 22:15:11,892 - INFO - FOLLOWING SCRAPER: DEBUG: Removing link from queue: https://www.instagram.com/manofdutch/
2025-03-26 22:15:11,892 - INFO - FOLLOWING SCRAPER: DEBUG: Link removed. Queue size now: 1849
2025-03-26 22:15:11,892 - INFO - FOLLOWING SCRAPER: DEBUG: Sanitizing and saving 1849 links
2025-03-26 22:15:11,892 - INFO - FOLLOWING SCRAPER: DEBUG: After sanitization: 1849 links (removed 0)
2025-03-26 22:15:11,892 - INFO - FOLLOWING SCRAPER: DEBUG: Successfully saved 1849 links to instagram_data/followingLinks.txt
2025-03-26 22:15:11,892 - INFO - FOLLOWING SCRAPER: DEBUG: Links saved
2025-03-26 22:15:11,892 - INFO - FOLLOWING SCRAPER: Added 0 new relationships to adjacency list (total: 25008)
2025-03-26 22:15:11,892 - INFO - FOLLOWING SCRAPER: Completed 13/53 accounts. 1849 remaining in queue.
2025-03-26 22:15:11,892 - INFO - FOLLOWING SCRAPER: Waiting 5 seconds before next account...
2025-03-26 22:15:11,892 - INFO - FOLLOWING SCRAPER: DEBUG: Processing link #14/53: https://www.instagram.com/thefineartcollective/
2025-03-26 22:15:11,892 - INFO - FOLLOWING SCRAPER: DEBUG: Before processing - 1849 links in queue
2025-03-26 22:15:11,893 - INFO - FOLLOWING SCRAPER: DEBUG: Account thefineartcollective in progress data with rate_limited=False
2025-03-26 22:15:11,893 - INFO - FOLLOWING SCRAPER: Processing: https://www.instagram.com/thefineartcollective/
2025-03-26 22:15:11,893 - INFO - FOLLOWING SCRAPER: Account thefineartcollective already fully processed. Skipping.
2025-03-26 22:15:11,893 - INFO - FOLLOWING SCRAPER: DEBUG: Removing link from queue: https://www.instagram.com/thefineartcollective/
2025-03-26 22:15:11,893 - INFO - FOLLOWING SCRAPER: DEBUG: Link removed. Queue size now: 1848
2025-03-26 22:15:11,893 - INFO - FOLLOWING SCRAPER: DEBUG: Sanitizing and saving 1848 links
2025-03-26 22:15:11,893 - INFO - FOLLOWING SCRAPER: DEBUG: After sanitization: 1848 links (removed 0)
2025-03-26 22:15:11,893 - INFO - FOLLOWING SCRAPER: DEBUG: Successfully saved 1848 links to instagram_data/followingLinks.txt
2025-03-26 22:15:11,893 - INFO - FOLLOWING SCRAPER: DEBUG: Links saved
2025-03-26 22:15:11,893 - INFO - FOLLOWING SCRAPER: Added 0 new relationships to adjacency list (total: 25008)
2025-03-26 22:15:11,893 - INFO - FOLLOWING SCRAPER: Completed 14/53 accounts. 1848 remaining in queue.
2025-03-26 22:15:11,893 - INFO - FOLLOWING SCRAPER: Waiting 5 seconds before next account...
2025-03-26 22:15:11,893 - INFO - FOLLOWING SCRAPER: DEBUG: Processing link #15/53: https://www.instagram.com/ccclare_/
2025-03-26 22:15:11,893 - INFO - FOLLOWING SCRAPER: DEBUG: Before processing - 1848 links in queue
2025-03-26 22:15:11,893 - INFO - FOLLOWING SCRAPER: DEBUG: Account ccclare_ in progress data with rate_limited=False
2025-03-26 22:15:11,893 - INFO - FOLLOWING SCRAPER: DEBUG: Skipping already processed account: ccclare_
2025-03-26 22:15:11,893 - INFO - FOLLOWING SCRAPER: DEBUG: Sanitizing and saving 1847 links
2025-03-26 22:15:11,893 - INFO - FOLLOWING SCRAPER: DEBUG: After sanitization: 1847 links (removed 0)
2025-03-26 22:15:11,893 - INFO - FOLLOWING SCRAPER: DEBUG: Successfully saved 1847 links to instagram_data/followingLinks.txt
2025-03-26 22:15:11,893 - INFO - FOLLOWING SCRAPER: DEBUG: Processing link #16/53: https://www.instagram.com/rubyyyyyying/
2025-03-26 22:15:11,893 - INFO - FOLLOWING SCRAPER: DEBUG: Before processing - 1847 links in queue
2025-03-26 22:15:11,893 - INFO - FOLLOWING SCRAPER: DEBUG: Account rubyyyyyying in progress data with rate_limited=False
2025-03-26 22:15:11,893 - INFO - FOLLOWING SCRAPER: DEBUG: Skipping already processed account: rubyyyyyying
2025-03-26 22:15:11,893 - INFO - FOLLOWING SCRAPER: DEBUG: Sanitizing and saving 1846 links
2025-03-26 22:15:11,893 - INFO - FOLLOWING SCRAPER: DEBUG: After sanitization: 1846 links (removed 0)
2025-03-26 22:15:11,893 - INFO - FOLLOWING SCRAPER: DEBUG: Successfully saved 1846 links to instagram_data/followingLinks.txt
2025-03-26 22:15:11,894 - INFO - FOLLOWING SCRAPER: DEBUG: Processing link #17/53: https://www.instagram.com/yitingzhang/
2025-03-26 22:15:11,894 - INFO - FOLLOWING SCRAPER: DEBUG: Before processing - 1846 links in queue
2025-03-26 22:15:11,894 - INFO - FOLLOWING SCRAPER: DEBUG: Account yitingzhang in progress data with rate_limited=False
2025-03-26 22:15:11,894 - INFO - FOLLOWING SCRAPER: DEBUG: Skipping already processed account: yitingzhang
2025-03-26 22:15:11,894 - INFO - FOLLOWING SCRAPER: DEBUG: Sanitizing and saving 1845 links
2025-03-26 22:15:11,894 - INFO - FOLLOWING SCRAPER: DEBUG: After sanitization: 1845 links (removed 0)
2025-03-26 22:15:11,894 - INFO - FOLLOWING SCRAPER: DEBUG: Successfully saved 1845 links to instagram_data/followingLinks.txt
2025-03-26 22:15:11,894 - INFO - FOLLOWING SCRAPER: DEBUG: Processing link #18/53: https://www.instagram.com/claire.qiu_/
2025-03-26 22:15:11,894 - INFO - FOLLOWING SCRAPER: DEBUG: Before processing - 1845 links in queue
2025-03-26 22:15:11,894 - INFO - FOLLOWING SCRAPER: DEBUG: Account claire.qiu_ in progress data with rate_limited=False
2025-03-26 22:15:11,894 - INFO - FOLLOWING SCRAPER: DEBUG: Skipping already processed account: claire.qiu_
2025-03-26 22:15:11,894 - INFO - FOLLOWING SCRAPER: DEBUG: Sanitizing and saving 1844 links
2025-03-26 22:15:11,894 - INFO - FOLLOWING SCRAPER: DEBUG: After sanitization: 1844 links (removed 0)
2025-03-26 22:15:11,894 - INFO - FOLLOWING SCRAPER: DEBUG: Successfully saved 1844 links to instagram_data/followingLinks.txt
2025-03-26 22:15:11,894 - INFO - FOLLOWING SCRAPER: DEBUG: Processing link #19/53: https://www.instagram.com/jialuu__/
2025-03-26 22:15:11,894 - INFO - FOLLOWING SCRAPER: DEBUG: Before processing - 1844 links in queue
2025-03-26 22:15:11,895 - INFO - FOLLOWING SCRAPER: DEBUG: Account jialuu__ in progress data with rate_limited=False
2025-03-26 22:15:11,895 - INFO - FOLLOWING SCRAPER: DEBUG: Skipping already processed account: jialuu__
2025-03-26 22:15:11,895 - INFO - FOLLOWING SCRAPER: DEBUG: Sanitizing and saving 1843 links
2025-03-26 22:15:11,895 - INFO - FOLLOWING SCRAPER: DEBUG: After sanitization: 1843 links (removed 0)
2025-03-26 22:15:11,895 - INFO - FOLLOWING SCRAPER: DEBUG: Successfully saved 1843 links to instagram_data/followingLinks.txt
2025-03-26 22:15:11,895 - INFO - FOLLOWING SCRAPER: DEBUG: Processing link #20/53: https://www.instagram.com/dawn_rz_/
2025-03-26 22:15:11,895 - INFO - FOLLOWING SCRAPER: DEBUG: Before processing - 1843 links in queue
2025-03-26 22:15:11,895 - INFO - FOLLOWING SCRAPER: DEBUG: Account dawn_rz_ in progress data with rate_limited=False
2025-03-26 22:15:11,895 - INFO - FOLLOWING SCRAPER: DEBUG: Skipping already processed account: dawn_rz_
2025-03-26 22:15:11,895 - INFO - FOLLOWING SCRAPER: DEBUG: Sanitizing and saving 1842 links
2025-03-26 22:15:11,895 - INFO - FOLLOWING SCRAPER: DEBUG: After sanitization: 1842 links (removed 0)
2025-03-26 22:15:11,896 - INFO - FOLLOWING SCRAPER: DEBUG: Successfully saved 1842 links to instagram_data/followingLinks.txt
2025-03-26 22:15:11,896 - INFO - FOLLOWING SCRAPER: DEBUG: Processing link #21/53: https://www.instagram.com/archer222arc/
2025-03-26 22:15:11,896 - INFO - FOLLOWING SCRAPER: DEBUG: Before processing - 1842 links in queue
2025-03-26 22:15:11,896 - INFO - FOLLOWING SCRAPER: DEBUG: Account archer222arc in progress data with rate_limited=False
2025-03-26 22:15:11,896 - INFO - FOLLOWING SCRAPER: DEBUG: Skipping already processed account: archer222arc
2025-03-26 22:15:11,896 - INFO - FOLLOWING SCRAPER: DEBUG: Sanitizing and saving 1841 links
2025-03-26 22:15:11,896 - INFO - FOLLOWING SCRAPER: DEBUG: After sanitization: 1841 links (removed 0)
2025-03-26 22:15:11,896 - INFO - FOLLOWING SCRAPER: DEBUG: Successfully saved 1841 links to instagram_data/followingLinks.txt
2025-03-26 22:15:11,896 - INFO - FOLLOWING SCRAPER: DEBUG: Processing link #22/53: https://www.instagram.com/aaannie_wang/
2025-03-26 22:15:11,896 - INFO - FOLLOWING SCRAPER: DEBUG: Before processing - 1841 links in queue
2025-03-26 22:16:15,627 - INFO - FOLLOWING SCRAPER: DEBUG: Account aaannie_wang in progress data with rate_limited=False
2025-03-26 22:16:15,627 - INFO - FOLLOWING SCRAPER: DEBUG: Skipping already processed account: aaannie_wang
2025-03-26 22:16:15,627 - INFO - FOLLOWING SCRAPER: DEBUG: Sanitizing and saving 1840 links
2025-03-26 22:16:15,627 - INFO - FOLLOWING SCRAPER: DEBUG: After sanitization: 1840 links (removed 0)
2025-03-26 22:16:15,627 - INFO - FOLLOWING SCRAPER: DEBUG: Successfully saved 1840 links to instagram_data/followingLinks.txt
2025-03-26 22:16:15,627 - INFO - FOLLOWING SCRAPER: DEBUG: Processing link #23/53: https://www.instagram.com/ivyyyl_/
2025-03-26 22:16:15,627 - INFO - FOLLOWING SCRAPER: DEBUG: Before processing - 1840 links in queue
2025-03-26 22:16:15,627 - INFO - FOLLOWING SCRAPER: DEBUG: Account ivyyyl_ in progress data with rate_limited=False
2025-03-26 22:16:15,627 - INFO - FOLLOWING SCRAPER: DEBUG: Skipping already processed account: ivyyyl_
2025-03-26 22:16:15,627 - INFO - FOLLOWING SCRAPER: DEBUG: Sanitizing and saving 1839 links
2025-03-26 22:16:15,627 - INFO - FOLLOWING SCRAPER: DEBUG: After sanitization: 1839 links (removed 0)
2025-03-26 22:16:15,627 - INFO - FOLLOWING SCRAPER: DEBUG: Successfully saved 1839 links to instagram_data/followingLinks.txt
2025-03-26 22:16:15,627 - INFO - FOLLOWING SCRAPER: DEBUG: Processing link #24/53: https://www.instagram.com/yezirong/
2025-03-26 22:16:15,628 - INFO - FOLLOWING SCRAPER: DEBUG: Before processing - 1839 links in queue
2025-03-26 22:16:15,628 - INFO - FOLLOWING SCRAPER: DEBUG: Account yezirong in progress data with rate_limited=False
2025-03-26 22:16:15,628 - INFO - FOLLOWING SCRAPER: DEBUG: Skipping already processed account: yezirong
2025-03-26 22:16:15,628 - INFO - FOLLOWING SCRAPER: DEBUG: Sanitizing and saving 1838 links
2025-03-26 22:16:15,628 - INFO - FOLLOWING SCRAPER: DEBUG: After sanitization: 1838 links (removed 0)
2025-03-26 22:16:15,628 - INFO - FOLLOWING SCRAPER: DEBUG: Successfully saved 1838 links to instagram_data/followingLinks.txt
2025-03-26 22:16:15,628 - INFO - FOLLOWING SCRAPER: DEBUG: Processing link #25/53: https://www.instagram.com/hesens05/
2025-03-26 22:16:15,628 - INFO - FOLLOWING SCRAPER: DEBUG: Before processing - 1838 links in queue
2025-03-26 22:16:15,628 - INFO - FOLLOWING SCRAPER: DEBUG: Account hesens05 in progress data with rate_limited=False
2025-03-26 22:16:15,628 - INFO - FOLLOWING SCRAPER: DEBUG: Skipping already processed account: hesens05
2025-03-26 22:16:15,628 - INFO - FOLLOWING SCRAPER: DEBUG: Sanitizing and saving 1837 links
2025-03-26 22:16:15,628 - INFO - FOLLOWING SCRAPER: DEBUG: After sanitization: 1837 links (removed 0)
2025-03-26 22:16:15,628 - INFO - FOLLOWING SCRAPER: DEBUG: Successfully saved 1837 links to instagram_data/followingLinks.txt
2025-03-26 22:16:15,628 - INFO - FOLLOWING SCRAPER: DEBUG: Processing link #26/53: https://www.instagram.com/angelakkk_/
2025-03-26 22:16:15,628 - INFO - FOLLOWING SCRAPER: DEBUG: Before processing - 1837 links in queue
2025-03-26 22:16:15,628 - INFO - FOLLOWING SCRAPER: DEBUG: Account angelakkk_ in progress data with rate_limited=False
2025-03-26 22:16:15,628 - INFO - FOLLOWING SCRAPER: DEBUG: Skipping already processed account: angelakkk_
2025-03-26 22:16:15,628 - INFO - FOLLOWING SCRAPER: DEBUG: Sanitizing and saving 1836 links
2025-03-26 22:16:15,628 - INFO - FOLLOWING SCRAPER: DEBUG: After sanitization: 1836 links (removed 0)
2025-03-26 22:16:15,628 - INFO - FOLLOWING SCRAPER: DEBUG: Successfully saved 1836 links to instagram_data/followingLinks.txt
2025-03-26 22:16:15,628 - INFO - FOLLOWING SCRAPER: DEBUG: Processing link #27/53: https://www.instagram.com/as_cool_as_cucumber_amber/
2025-03-26 22:16:15,628 - INFO - FOLLOWING SCRAPER: DEBUG: Before processing - 1836 links in queue
2025-03-26 22:16:15,628 - INFO - FOLLOWING SCRAPER: DEBUG: Account as_cool_as_cucumber_amber in progress data with rate_limited=False
2025-03-26 22:16:15,628 - INFO - FOLLOWING SCRAPER: DEBUG: Skipping already processed account: as_cool_as_cucumber_amber
2025-03-26 22:16:15,628 - INFO - FOLLOWING SCRAPER: DEBUG: Sanitizing and saving 1835 links
2025-03-26 22:16:15,628 - INFO - FOLLOWING SCRAPER: DEBUG: After sanitization: 1835 links (removed 0)
2025-03-26 22:16:15,628 - INFO - FOLLOWING SCRAPER: DEBUG: Successfully saved 1835 links to instagram_data/followingLinks.txt
2025-03-26 22:16:15,628 - INFO - FOLLOWING SCRAPER: DEBUG: Processing link #28/53: https://www.instagram.com/schuwii_z/
2025-03-26 22:16:15,628 - INFO - FOLLOWING SCRAPER: DEBUG: Before processing - 1835 links in queue
2025-03-26 22:16:15,628 - INFO - FOLLOWING SCRAPER: DEBUG: Account schuwii_z in progress data with rate_limited=False
2025-03-26 22:16:15,628 - INFO - FOLLOWING SCRAPER: DEBUG: Skipping already processed account: schuwii_z
2025-03-26 22:16:15,628 - INFO - FOLLOWING SCRAPER: DEBUG: Sanitizing and saving 1834 links
2025-03-26 22:16:15,629 - INFO - FOLLOWING SCRAPER: DEBUG: After sanitization: 1834 links (removed 0)
2025-03-26 22:16:15,629 - INFO - FOLLOWING SCRAPER: DEBUG: Successfully saved 1834 links to instagram_data/followingLinks.txt
2025-03-26 22:16:15,629 - INFO - FOLLOWING SCRAPER: DEBUG: Processing link #29/53: https://www.instagram.com/khriswu8/
2025-03-26 22:16:15,629 - INFO - FOLLOWING SCRAPER: DEBUG: Before processing - 1834 links in queue
2025-03-26 22:16:15,629 - INFO - FOLLOWING SCRAPER: DEBUG: Account khriswu8 in progress data with rate_limited=False
2025-03-26 22:16:15,629 - INFO - FOLLOWING SCRAPER: DEBUG: Skipping already processed account: khriswu8
2025-03-26 22:16:15,629 - INFO - FOLLOWING SCRAPER: DEBUG: Sanitizing and saving 1833 links
2025-03-26 22:16:15,629 - INFO - FOLLOWING SCRAPER: DEBUG: After sanitization: 1833 links (removed 0)
2025-03-26 22:16:15,629 - INFO - FOLLOWING SCRAPER: DEBUG: Successfully saved 1833 links to instagram_data/followingLinks.txt
2025-03-26 22:16:15,629 - INFO - FOLLOWING SCRAPER: DEBUG: Processing link #30/53: https://www.instagram.com/karena88888/
2025-03-26 22:16:15,629 - INFO - FOLLOWING SCRAPER: DEBUG: Before processing - 1833 links in queue
2025-03-26 22:16:15,629 - INFO - FOLLOWING SCRAPER: DEBUG: Account karena88888 in progress data with rate_limited=False
2025-03-26 22:16:15,629 - INFO - FOLLOWING SCRAPER: DEBUG: Skipping already processed account: karena88888
2025-03-26 22:16:15,629 - INFO - FOLLOWING SCRAPER: DEBUG: Sanitizing and saving 1832 links
2025-03-26 22:16:15,629 - INFO - FOLLOWING SCRAPER: DEBUG: After sanitization: 1832 links (removed 0)
2025-03-26 22:16:15,629 - INFO - FOLLOWING SCRAPER: DEBUG: Successfully saved 1832 links to instagram_data/followingLinks.txt
2025-03-26 22:16:15,629 - INFO - FOLLOWING SCRAPER: DEBUG: Processing link #31/53: https://www.instagram.com/donsonn/
2025-03-26 22:16:15,629 - INFO - FOLLOWING SCRAPER: DEBUG: Before processing - 1832 links in queue
2025-03-26 22:16:15,629 - INFO - FOLLOWING SCRAPER: DEBUG: Account donsonn in progress data with rate_limited=False
2025-03-26 22:16:15,629 - INFO - FOLLOWING SCRAPER: DEBUG: Skipping already processed account: donsonn
2025-03-26 22:16:15,629 - INFO - FOLLOWING SCRAPER: DEBUG: Sanitizing and saving 1831 links
2025-03-26 22:16:15,629 - INFO - FOLLOWING SCRAPER: DEBUG: After sanitization: 1831 links (removed 0)
2025-03-26 22:16:15,629 - INFO - FOLLOWING SCRAPER: DEBUG: Successfully saved 1831 links to instagram_data/followingLinks.txt
2025-03-26 22:16:15,629 - INFO - FOLLOWING SCRAPER: DEBUG: Processing link #32/53: https://www.instagram.com/chenggao1999/
2025-03-26 22:16:15,629 - INFO - FOLLOWING SCRAPER: DEBUG: Before processing - 1831 links in queue
2025-03-26 22:16:15,629 - INFO - FOLLOWING SCRAPER: DEBUG: Account chenggao1999 in progress data with rate_limited=False
2025-03-26 22:16:15,629 - INFO - FOLLOWING SCRAPER: DEBUG: Skipping already processed account: chenggao1999
2025-03-26 22:16:15,629 - INFO - FOLLOWING SCRAPER: DEBUG: Sanitizing and saving 1830 links
2025-03-26 22:16:15,629 - INFO - FOLLOWING SCRAPER: DEBUG: After sanitization: 1830 links (removed 0)
2025-03-26 22:16:15,629 - INFO - FOLLOWING SCRAPER: DEBUG: Successfully saved 1830 links to instagram_data/followingLinks.txt
2025-03-26 22:16:15,629 - INFO - FOLLOWING SCRAPER: DEBUG: Processing link #33/53: https://www.instagram.com/whitehouse/
2025-03-26 22:16:15,629 - INFO - FOLLOWING SCRAPER: DEBUG: Before processing - 1830 links in queue
2025-03-26 22:16:15,629 - INFO - FOLLOWING SCRAPER: DEBUG: Account whitehouse in progress data with rate_limited=False
2025-03-26 22:16:15,629 - INFO - FOLLOWING SCRAPER: DEBUG: Skipping already processed account: whitehouse
2025-03-26 22:16:15,629 - INFO - FOLLOWING SCRAPER: DEBUG: Sanitizing and saving 1829 links
2025-03-26 22:16:15,629 - INFO - FOLLOWING SCRAPER: DEBUG: After sanitization: 1829 links (removed 0)
2025-03-26 22:16:15,629 - INFO - FOLLOWING SCRAPER: DEBUG: Successfully saved 1829 links to instagram_data/followingLinks.txt
2025-03-26 22:16:15,629 - INFO - FOLLOWING SCRAPER: DEBUG: Processing link #34/53: https://www.instagram.com/the_sstan/
2025-03-26 22:16:15,629 - INFO - FOLLOWING SCRAPER: DEBUG: Before processing - 1829 links in queue
2025-03-26 22:16:15,629 - INFO - FOLLOWING SCRAPER: DEBUG: Account the_sstan in progress data with rate_limited=False
2025-03-26 22:16:15,629 - INFO - FOLLOWING SCRAPER: DEBUG: Skipping already processed account: the_sstan
2025-03-26 22:16:15,629 - INFO - FOLLOWING SCRAPER: DEBUG: Sanitizing and saving 1828 links
2025-03-26 22:16:15,629 - INFO - FOLLOWING SCRAPER: DEBUG: After sanitization: 1828 links (removed 0)
2025-03-26 22:16:15,629 - INFO - FOLLOWING SCRAPER: DEBUG: Successfully saved 1828 links to instagram_data/followingLinks.txt
2025-03-26 22:16:15,629 - INFO - FOLLOWING SCRAPER: DEBUG: Processing link #35/53: https://www.instagram.com/jeanne_andreaa/
2025-03-26 22:16:15,629 - INFO - FOLLOWING SCRAPER: DEBUG: Before processing - 1828 links in queue
2025-03-26 22:16:15,629 - INFO - FOLLOWING SCRAPER: DEBUG: Account jeanne_andreaa in progress data with rate_limited=False
2025-03-26 22:16:15,629 - INFO - FOLLOWING SCRAPER: DEBUG: Skipping already processed account: jeanne_andreaa
2025-03-26 22:16:15,629 - INFO - FOLLOWING SCRAPER: DEBUG: Sanitizing and saving 1827 links
2025-03-26 22:16:15,629 - INFO - FOLLOWING SCRAPER: DEBUG: After sanitization: 1827 links (removed 0)
2025-03-26 22:16:15,629 - INFO - FOLLOWING SCRAPER: DEBUG: Successfully saved 1827 links to instagram_data/followingLinks.txt
2025-03-26 22:16:15,629 - INFO - FOLLOWING SCRAPER: DEBUG: Processing link #36/53: https://www.instagram.com/xuleqi926/
2025-03-26 22:16:15,629 - INFO - FOLLOWING SCRAPER: DEBUG: Before processing - 1827 links in queue
2025-03-26 22:16:15,630 - INFO - FOLLOWING SCRAPER: DEBUG: Account xuleqi926 in progress data with rate_limited=False
2025-03-26 22:16:15,630 - INFO - FOLLOWING SCRAPER: DEBUG: Skipping already processed account: xuleqi926
2025-03-26 22:16:15,630 - INFO - FOLLOWING SCRAPER: DEBUG: Sanitizing and saving 1826 links
2025-03-26 22:16:15,630 - INFO - FOLLOWING SCRAPER: DEBUG: After sanitization: 1826 links (removed 0)
2025-03-26 22:16:15,630 - INFO - FOLLOWING SCRAPER: DEBUG: Successfully saved 1826 links to instagram_data/followingLinks.txt
2025-03-26 22:16:15,630 - INFO - FOLLOWING SCRAPER: DEBUG: Processing link #37/53: https://www.instagram.com/electronicartsintermix/
2025-03-26 22:16:15,630 - INFO - FOLLOWING SCRAPER: DEBUG: Before processing - 1826 links in queue
2025-03-26 22:16:15,630 - INFO - FOLLOWING SCRAPER: DEBUG: Account electronicartsintermix in progress data with rate_limited=False
2025-03-26 22:16:15,630 - INFO - FOLLOWING SCRAPER: DEBUG: Skipping already processed account: electronicartsintermix
2025-03-26 22:16:15,630 - INFO - FOLLOWING SCRAPER: DEBUG: Sanitizing and saving 1825 links
2025-03-26 22:16:15,630 - INFO - FOLLOWING SCRAPER: DEBUG: After sanitization: 1825 links (removed 0)
2025-03-26 22:16:15,630 - INFO - FOLLOWING SCRAPER: DEBUG: Successfully saved 1825 links to instagram_data/followingLinks.txt
2025-03-26 22:16:15,630 - INFO - FOLLOWING SCRAPER: DEBUG: Processing link #38/53: https://www.instagram.com/parissfch/
2025-03-26 22:16:15,630 - INFO - FOLLOWING SCRAPER: DEBUG: Before processing - 1825 links in queue
2025-03-26 22:16:15,630 - INFO - FOLLOWING SCRAPER: DEBUG: Account parissfch in progress data with rate_limited=False
2025-03-26 22:16:15,630 - INFO - FOLLOWING SCRAPER: DEBUG: Skipping already processed account: parissfch
2025-03-26 22:16:15,630 - INFO - FOLLOWING SCRAPER: DEBUG: Sanitizing and saving 1824 links
2025-03-26 22:16:15,630 - INFO - FOLLOWING SCRAPER: DEBUG: After sanitization: 1824 links (removed 0)
2025-03-26 22:16:15,630 - INFO - FOLLOWING SCRAPER: DEBUG: Successfully saved 1824 links to instagram_data/followingLinks.txt
2025-03-26 22:16:15,630 - INFO - FOLLOWING SCRAPER: DEBUG: Processing link #39/53: https://www.instagram.com/nytimestravel/
2025-03-26 22:16:15,630 - INFO - FOLLOWING SCRAPER: DEBUG: Before processing - 1824 links in queue
2025-03-26 22:16:15,630 - INFO - FOLLOWING SCRAPER: DEBUG: Account nytimestravel in progress data with rate_limited=False
2025-03-26 22:16:15,630 - INFO - FOLLOWING SCRAPER: DEBUG: Skipping already processed account: nytimestravel
2025-03-26 22:16:15,630 - INFO - FOLLOWING SCRAPER: DEBUG: Sanitizing and saving 1823 links
2025-03-26 22:16:15,630 - INFO - FOLLOWING SCRAPER: DEBUG: After sanitization: 1823 links (removed 0)
2025-03-26 22:16:15,630 - INFO - FOLLOWING SCRAPER: DEBUG: Successfully saved 1823 links to instagram_data/followingLinks.txt
2025-03-26 22:16:15,630 - INFO - FOLLOWING SCRAPER: DEBUG: Processing link #40/53: https://www.instagram.com/nytimes/
2025-03-26 22:16:15,630 - INFO - FOLLOWING SCRAPER: DEBUG: Before processing - 1823 links in queue
2025-03-26 22:16:15,630 - INFO - FOLLOWING SCRAPER: DEBUG: Account nytimes in progress data with rate_limited=False
2025-03-26 22:16:15,630 - INFO - FOLLOWING SCRAPER: DEBUG: Skipping already processed account: nytimes
2025-03-26 22:16:15,630 - INFO - FOLLOWING SCRAPER: DEBUG: Sanitizing and saving 1822 links
2025-03-26 22:16:15,630 - INFO - FOLLOWING SCRAPER: DEBUG: After sanitization: 1822 links (removed 0)
2025-03-26 22:16:15,630 - INFO - FOLLOWING SCRAPER: DEBUG: Successfully saved 1822 links to instagram_data/followingLinks.txt
2025-03-26 22:16:15,630 - INFO - FOLLOWING SCRAPER: DEBUG: Processing link #41/53: https://www.instagram.com/a24/
2025-03-26 22:16:15,630 - INFO - FOLLOWING SCRAPER: DEBUG: Before processing - 1822 links in queue
2025-03-26 22:16:15,630 - INFO - FOLLOWING SCRAPER: DEBUG: Account a24 in progress data with rate_limited=False
2025-03-26 22:16:15,630 - INFO - FOLLOWING SCRAPER: DEBUG: Skipping already processed account: a24
2025-03-26 22:16:15,630 - INFO - FOLLOWING SCRAPER: DEBUG: Sanitizing and saving 1821 links
2025-03-26 22:16:15,630 - INFO - FOLLOWING SCRAPER: DEBUG: After sanitization: 1821 links (removed 0)
2025-03-26 22:16:15,630 - INFO - FOLLOWING SCRAPER: DEBUG: Successfully saved 1821 links to instagram_data/followingLinks.txt
2025-03-26 22:16:15,630 - INFO - FOLLOWING SCRAPER: DEBUG: Processing link #42/53: https://www.instagram.com/classaholic/
2025-03-26 22:16:15,630 - INFO - FOLLOWING SCRAPER: DEBUG: Before processing - 1821 links in queue
2025-03-26 22:16:15,630 - INFO - FOLLOWING SCRAPER: DEBUG: Account classaholic in progress data with rate_limited=False
2025-03-26 22:16:15,630 - INFO - FOLLOWING SCRAPER: DEBUG: Skipping already processed account: classaholic
2025-03-26 22:16:15,630 - INFO - FOLLOWING SCRAPER: DEBUG: Sanitizing and saving 1820 links
2025-03-26 22:16:15,630 - INFO - FOLLOWING SCRAPER: DEBUG: After sanitization: 1820 links (removed 0)
2025-03-26 22:16:15,630 - INFO - FOLLOWING SCRAPER: DEBUG: Successfully saved 1820 links to instagram_data/followingLinks.txt
2025-03-26 22:16:15,631 - INFO - FOLLOWING SCRAPER: DEBUG: Processing link #43/53: https://www.instagram.com/linda_linked/
2025-03-26 22:16:15,631 - INFO - FOLLOWING SCRAPER: DEBUG: Before processing - 1820 links in queue
2025-03-26 22:16:15,631 - INFO - FOLLOWING SCRAPER: DEBUG: Account linda_linked in progress data with rate_limited=False
2025-03-26 22:16:15,631 - INFO - FOLLOWING SCRAPER: DEBUG: Skipping already processed account: linda_linked
2025-03-26 22:16:15,631 - INFO - FOLLOWING SCRAPER: DEBUG: Sanitizing and saving 1819 links
2025-03-26 22:16:15,631 - INFO - FOLLOWING SCRAPER: DEBUG: After sanitization: 1819 links (removed 0)
2025-03-26 22:16:15,631 - INFO - FOLLOWING SCRAPER: DEBUG: Successfully saved 1819 links to instagram_data/followingLinks.txt
2025-03-26 22:16:15,631 - INFO - FOLLOWING SCRAPER: DEBUG: Processing link #44/53: https://www.instagram.com/ysl/
2025-03-26 22:16:15,631 - INFO - FOLLOWING SCRAPER: DEBUG: Before processing - 1819 links in queue
2025-03-26 22:16:15,631 - INFO - FOLLOWING SCRAPER: DEBUG: Account ysl in progress data with rate_limited=False
2025-03-26 22:16:15,631 - INFO - FOLLOWING SCRAPER: DEBUG: Skipping already processed account: ysl
2025-03-26 22:16:15,631 - INFO - FOLLOWING SCRAPER: DEBUG: Sanitizing and saving 1818 links
2025-03-26 22:16:15,631 - INFO - FOLLOWING SCRAPER: DEBUG: After sanitization: 1818 links (removed 0)
2025-03-26 22:16:15,631 - INFO - FOLLOWING SCRAPER: DEBUG: Successfully saved 1818 links to instagram_data/followingLinks.txt
2025-03-26 22:16:15,631 - INFO - FOLLOWING SCRAPER: DEBUG: Processing link #45/53: https://www.instagram.com/jane_chen1221/
2025-03-26 22:16:15,631 - INFO - FOLLOWING SCRAPER: DEBUG: Before processing - 1818 links in queue
2025-03-26 22:16:15,631 - INFO - FOLLOWING SCRAPER: DEBUG: Account jane_chen1221 in progress data with rate_limited=False
2025-03-26 22:16:15,631 - INFO - FOLLOWING SCRAPER: DEBUG: Skipping already processed account: jane_chen1221
2025-03-26 22:16:15,631 - INFO - FOLLOWING SCRAPER: DEBUG: Sanitizing and saving 1817 links
2025-03-26 22:16:15,631 - INFO - FOLLOWING SCRAPER: DEBUG: After sanitization: 1817 links (removed 0)
2025-03-26 22:16:15,631 - INFO - FOLLOWING SCRAPER: DEBUG: Successfully saved 1817 links to instagram_data/followingLinks.txt
2025-03-26 22:16:15,631 - INFO - FOLLOWING SCRAPER: DEBUG: Processing link #46/53: https://www.instagram.com/prophetconsulting/
2025-03-26 22:16:15,631 - INFO - FOLLOWING SCRAPER: DEBUG: Before processing - 1817 links in queue
2025-03-26 22:16:15,631 - INFO - FOLLOWING SCRAPER: DEBUG: Account prophetconsulting in progress data with rate_limited=False
2025-03-26 22:16:15,631 - INFO - FOLLOWING SCRAPER: Processing: https://www.instagram.com/prophetconsulting/
2025-03-26 22:16:15,631 - INFO - FOLLOWING SCRAPER: Account prophetconsulting already fully processed. Skipping.
2025-03-26 22:16:15,631 - INFO - FOLLOWING SCRAPER: DEBUG: Removing link from queue: https://www.instagram.com/prophetconsulting/
2025-03-26 22:16:15,631 - INFO - FOLLOWING SCRAPER: DEBUG: Link removed. Queue size now: 1816
2025-03-26 22:16:15,631 - INFO - FOLLOWING SCRAPER: DEBUG: Sanitizing and saving 1816 links
2025-03-26 22:16:15,631 - INFO - FOLLOWING SCRAPER: DEBUG: After sanitization: 1816 links (removed 0)
2025-03-26 22:16:15,631 - INFO - FOLLOWING SCRAPER: DEBUG: Successfully saved 1816 links to instagram_data/followingLinks.txt
2025-03-26 22:16:15,631 - INFO - FOLLOWING SCRAPER: DEBUG: Links saved
2025-03-26 22:16:15,631 - INFO - FOLLOWING SCRAPER: Added 0 new relationships to adjacency list (total: 25008)
2025-03-26 22:16:15,631 - INFO - FOLLOWING SCRAPER: Completed 15/53 accounts. 1816 remaining in queue.
2025-03-26 22:16:15,631 - INFO - FOLLOWING SCRAPER: Waiting 5 seconds before next account...
2025-03-26 22:16:15,631 - INFO - FOLLOWING SCRAPER: DEBUG: Processing link #47/53: https://www.instagram.com/nationalgallery/
2025-03-26 22:16:15,631 - INFO - FOLLOWING SCRAPER: DEBUG: Before processing - 1816 links in queue
2025-03-26 22:16:15,631 - INFO - FOLLOWING SCRAPER: DEBUG: Account nationalgallery in progress data with rate_limited=False
2025-03-26 22:16:15,631 - INFO - FOLLOWING SCRAPER: DEBUG: Skipping already processed account: nationalgallery
2025-03-26 22:16:15,631 - INFO - FOLLOWING SCRAPER: DEBUG: Sanitizing and saving 1815 links
2025-03-26 22:16:15,631 - INFO - FOLLOWING SCRAPER: DEBUG: After sanitization: 1815 links (removed 0)
2025-03-26 22:16:15,631 - INFO - FOLLOWING SCRAPER: DEBUG: Successfully saved 1815 links to instagram_data/followingLinks.txt
2025-03-26 22:16:15,631 - INFO - FOLLOWING SCRAPER: DEBUG: Processing link #48/53: https://www.instagram.com/chelsea.films_/
2025-03-26 22:16:15,631 - INFO - FOLLOWING SCRAPER: DEBUG: Before processing - 1815 links in queue
2025-03-26 22:16:15,631 - INFO - FOLLOWING SCRAPER: DEBUG: Account chelsea.films_ in progress data with rate_limited=False
2025-03-26 22:16:15,631 - INFO - FOLLOWING SCRAPER: DEBUG: Skipping already processed account: chelsea.films_
2025-03-26 22:16:15,631 - INFO - FOLLOWING SCRAPER: DEBUG: Sanitizing and saving 1814 links
2025-03-26 22:16:15,631 - INFO - FOLLOWING SCRAPER: DEBUG: After sanitization: 1814 links (removed 0)
2025-03-26 22:16:15,631 - INFO - FOLLOWING SCRAPER: DEBUG: Successfully saved 1814 links to instagram_data/followingLinks.txt
2025-03-26 22:16:15,631 - INFO - FOLLOWING SCRAPER: DEBUG: Processing link #49/53: https://www.instagram.com/tinapi.x/
2025-03-26 22:16:15,631 - INFO - FOLLOWING SCRAPER: DEBUG: Before processing - 1814 links in queue
2025-03-26 22:16:15,631 - INFO - FOLLOWING SCRAPER: DEBUG: Account tinapi.x in progress data with rate_limited=False
2025-03-26 22:16:15,631 - INFO - FOLLOWING SCRAPER: Processing: https://www.instagram.com/tinapi.x/
2025-03-26 22:16:15,631 - INFO - FOLLOWING SCRAPER: Account tinapi.x already fully processed. Skipping.
2025-03-26 22:16:15,631 - INFO - FOLLOWING SCRAPER: DEBUG: Removing link from queue: https://www.instagram.com/tinapi.x/
2025-03-26 22:16:15,631 - INFO - FOLLOWING SCRAPER: DEBUG: Link removed. Queue size now: 1813
2025-03-26 22:16:15,631 - INFO - FOLLOWING SCRAPER: DEBUG: Sanitizing and saving 1813 links
2025-03-26 22:16:15,631 - INFO - FOLLOWING SCRAPER: DEBUG: After sanitization: 1813 links (removed 0)
2025-03-26 22:16:15,631 - INFO - FOLLOWING SCRAPER: DEBUG: Successfully saved 1813 links to instagram_data/followingLinks.txt
2025-03-26 22:16:15,631 - INFO - FOLLOWING SCRAPER: DEBUG: Links saved
2025-03-26 22:16:15,632 - INFO - FOLLOWING SCRAPER: Added 0 new relationships to adjacency list (total: 25008)
2025-03-26 22:16:15,632 - INFO - FOLLOWING SCRAPER: Completed 16/53 accounts. 1813 remaining in queue.
2025-03-26 22:16:15,632 - INFO - FOLLOWING SCRAPER: Waiting 5 seconds before next account...
2025-03-26 22:16:15,632 - INFO - FOLLOWING SCRAPER: DEBUG: Processing link #50/53: https://www.instagram.com/sonymusicsoundtracks/
2025-03-26 22:16:15,632 - INFO - FOLLOWING SCRAPER: DEBUG: Before processing - 1813 links in queue
2025-03-26 22:16:15,632 - INFO - FOLLOWING SCRAPER: DEBUG: Account sonymusicsoundtracks in progress data with rate_limited=False
2025-03-26 22:16:15,632 - INFO - FOLLOWING SCRAPER: DEBUG: Skipping already processed account: sonymusicsoundtracks
2025-03-26 22:16:15,632 - INFO - FOLLOWING SCRAPER: DEBUG: Sanitizing and saving 1812 links
2025-03-26 22:16:15,632 - INFO - FOLLOWING SCRAPER: DEBUG: After sanitization: 1812 links (removed 0)
2025-03-26 22:16:15,632 - INFO - FOLLOWING SCRAPER: DEBUG: Successfully saved 1812 links to instagram_data/followingLinks.txt
2025-03-26 22:16:15,632 - INFO - FOLLOWING SCRAPER: DEBUG: Processing link #51/53: https://www.instagram.com/benton.down/
2025-03-26 22:16:15,632 - INFO - FOLLOWING SCRAPER: DEBUG: Before processing - 1812 links in queue
2025-03-26 22:16:15,632 - INFO - FOLLOWING SCRAPER: DEBUG: Account benton.down in progress data with rate_limited=True
2025-03-26 22:16:15,632 - INFO - FOLLOWING SCRAPER: Account benton.down was previously rate-limited. Will re-attempt scraping.
2025-03-26 22:16:15,632 - INFO - FOLLOWING SCRAPER: Processing: https://www.instagram.com/benton.down/
2025-03-26 22:16:15,632 - INFO - FOLLOWING SCRAPER: Account benton.down was previously rate-limited - retrieved only 1/15 followers and 10/1188 following. Re-attempting scrape.
2025-03-26 22:16:15,632 - INFO - FOLLOWING SCRAPER: Scraping benton.down
2025-03-26 22:16:15,632 - INFO - FOLLOWING SCRAPER: benton.down: Followers: 15, Following: 1188
2025-03-26 22:16:15,632 - INFO - FOLLOWING SCRAPER: Scraping 15 followers for benton.down...
2025-03-26 22:16:15,632 - INFO - FOLLOWING SCRAPER: Scrolling page 1/10 for followers
2025-03-26 22:16:15,632 - INFO - FOLLOWING SCRAPER: Added 1 new users (filtered 0 duplicates)
2025-03-26 22:16:15,633 - INFO - FOLLOWING SCRAPER: Attempted fixed-distance scroll to bypass potential UI limitations
2025-03-26 22:16:15,633 - INFO - FOLLOWING SCRAPER: Scrolling page 2/10 for followers
2025-03-26 22:16:15,633 - INFO - FOLLOWING SCRAPER: Added 0 new users (filtered 1 duplicates)
2025-03-26 22:16:15,633 - INFO - FOLLOWING SCRAPER: Attempted fixed-distance scroll to bypass potential UI limitations
2025-03-26 22:16:15,633 - INFO - FOLLOWING SCRAPER: Reached the end of the list or no new content loading. Ending pagination.
2025-03-26 22:16:15,633 - INFO - FOLLOWING SCRAPER: Total followers retrieved: 1 (1 new in this session)
2025-03-26 22:16:15,633 - INFO - FOLLOWING SCRAPER: Retrieved 1 followers
2025-03-26 22:16:15,633 - INFO - FOLLOWING SCRAPER: Scraping 1188 following for benton.down...
2025-03-26 22:16:15,634 - INFO - FOLLOWING SCRAPER: Scrolling page 1/10 for following
2025-03-26 22:16:15,634 - INFO - FOLLOWING SCRAPER: Added 10 new users (filtered 4 duplicates)
2025-03-26 22:16:15,634 - INFO - FOLLOWING SCRAPER: Attempted fixed-distance scroll to bypass potential UI limitations
2025-03-26 22:16:15,634 - INFO - FOLLOWING SCRAPER: Scrolling page 2/10 for following
2025-03-26 22:16:15,634 - INFO - FOLLOWING SCRAPER: Added 0 new users (filtered 14 duplicates)
2025-03-26 22:16:15,634 - INFO - FOLLOWING SCRAPER: Attempted fixed-distance scroll to bypass potential UI limitations
2025-03-26 22:16:15,634 - INFO - FOLLOWING SCRAPER: Reached the end of the list or no new content loading. Ending pagination.
2025-03-26 22:16:15,634 - INFO - FOLLOWING SCRAPER: Total following retrieved: 10 (10 new in this session)
2025-03-26 22:16:15,634 - INFO - FOLLOWING SCRAPER: Retrieved 10 following
2025-03-26 22:16:15,634 - INFO - FOLLOWING SCRAPER: RATE LIMIT DETECTED: Retrieved exactly 10 following when account has 1188
2025-03-26 22:16:15,634 - INFO - FOLLOWING SCRAPER: Saved data to instagram_data/scraping_progress.json
2025-03-26 22:16:15,634 - INFO - FOLLOWING SCRAPER: Account benton.down was rate-limited. Will retry in a future session.
2025-03-26 22:16:15,634 - INFO - FOLLOWING SCRAPER: DEBUG: Removing link from queue: https://www.instagram.com/benton.down/
2025-03-26 22:16:15,634 - INFO - FOLLOWING SCRAPER: DEBUG: Link removed. Queue size now: 1811
2025-03-26 22:16:15,634 - INFO - FOLLOWING SCRAPER: DEBUG: Sanitizing and saving 1811 links
2025-03-26 22:16:15,634 - INFO - FOLLOWING SCRAPER: DEBUG: After sanitization: 1811 links (removed 0)
2025-03-26 22:16:15,634 - INFO - FOLLOWING SCRAPER: DEBUG: Successfully saved 1811 links to instagram_data/followingLinks.txt
2025-03-26 22:16:15,634 - INFO - FOLLOWING SCRAPER: DEBUG: Links saved
2025-03-26 22:16:15,635 - INFO - FOLLOWING SCRAPER: Added 0 new relationships to adjacency list (total: 25008)
2025-03-26 22:16:15,635 - INFO - FOLLOWING SCRAPER: Completed 17/53 accounts. 1811 remaining in queue.
2025-03-26 22:16:15,635 - INFO - FOLLOWING SCRAPER: Waiting 5 seconds before next account...
2025-03-26 22:16:15,635 - INFO - FOLLOWING SCRAPER: DEBUG: Processing link #52/53: https://www.instagram.com/ralphlauren/
2025-03-26 22:16:15,635 - INFO - FOLLOWING SCRAPER: DEBUG: Before processing - 1811 links in queue
2025-03-26 22:16:15,635 - INFO - FOLLOWING SCRAPER: DEBUG: Account ralphlauren in progress data with rate_limited=False
2025-03-26 22:16:15,635 - INFO - FOLLOWING SCRAPER: DEBUG: Skipping already processed account: ralphlauren
2025-03-26 22:16:15,635 - INFO - FOLLOWING SCRAPER: DEBUG: Sanitizing and saving 1810 links
2025-03-26 22:16:15,635 - INFO - FOLLOWING SCRAPER: DEBUG: After sanitization: 1810 links (removed 0)
2025-03-26 22:16:15,635 - INFO - FOLLOWING SCRAPER: DEBUG: Successfully saved 1810 links to instagram_data/followingLinks.txt
2025-03-26 22:16:15,635 - INFO - FOLLOWING SCRAPER: DEBUG: Processing link #53/53: https://www.instagram.com/eleganza_classica/
2025-03-26 22:16:15,635 - INFO - FOLLOWING SCRAPER: DEBUG: Before processing - 1810 links in queue
2025-03-26 22:16:15,635 - INFO - FOLLOWING SCRAPER: DEBUG: Account eleganza_classica in progress data with rate_limited=False
2025-03-26 22:16:15,635 - INFO - FOLLOWING SCRAPER: Processing: https://www.instagram.com/eleganza_classica/
2025-03-26 22:16:15,635 - INFO - FOLLOWING SCRAPER: Account eleganza_classica already fully processed. Skipping.
2025-03-26 22:16:15,635 - INFO - FOLLOWING SCRAPER: DEBUG: Removing link from queue: https://www.instagram.com/eleganza_classica/
2025-03-26 22:16:15,635 - INFO - FOLLOWING SCRAPER: DEBUG: Link removed. Queue size now: 1809
2025-03-26 22:16:15,635 - INFO - FOLLOWING SCRAPER: DEBUG: Sanitizing and saving 1809 links
2025-03-26 22:16:15,635 - INFO - FOLLOWING SCRAPER: DEBUG: After sanitization: 1809 links (removed 0)
2025-03-26 22:16:15,635 - INFO - FOLLOWING SCRAPER: DEBUG: Successfully saved 1809 links to instagram_data/followingLinks.txt
2025-03-26 22:16:15,635 - INFO - FOLLOWING SCRAPER: DEBUG: Links saved
2025-03-26 22:16:15,636 - INFO - FOLLOWING SCRAPER: Added 0 new relationships to adjacency list (total: 25008)
2025-03-26 22:16:15,636 - INFO - FOLLOWING SCRAPER: Completed 18/53 accounts. 1809 remaining in queue.
2025-03-26 22:16:15,636 - INFO - FOLLOWING SCRAPER: Waiting 5 seconds before next account...
2025-03-26 22:16:15,636 - INFO - FOLLOWING SCRAPER: Batch complete! Processed 18 accounts (1 were rate-limited and will be retried later).
2025-03-26 22:16:15,636 - INFO - FOLLOWING SCRAPER: 1809 links remaining for future sessions.
2025-03-26 22:16:15,636 - INFO - FOLLOWING SCRAPER: Browser closed. Script complete.
2025-03-26 22:16:16,006 - INFO - DEBUG: After processing - 1809 accounts in queue (removed 53)
2025-03-26 22:16:16,006 - INFO - DEBUG: Checking for duplicates after processing
2025-03-26 22:16:16,007 - INFO - No duplicate links found in instagram_data/followingLinks.txt
2025-03-26 22:16:16,007 - INFO - remove_processed_links function is disabled to allow re-scraping of potential rate-limited accounts
2025-03-26 22:16:16,007 - INFO - Following accounts scraping session completed with result: True
2025-03-26 22:16:16,007 - INFO - Sessions completed. Waiting 0 hours and 34 minutes before next sessions...
2025-03-26 22:50:41,982 - INFO - Current counts in status file - Followers: 881, Following: 1868
2025-03-26 22:50:41,984 - INFO - Current counts in status file - Followers: 881, Following: 1868
2025-03-26 22:50:41,985 - INFO - Randomly skipping this session to create a more human-like pattern
2025-03-26 22:50:41,985 - INFO - Will check again in 45 minutes
2025-03-26 23:35:41,939 - INFO - Not safe to run right now. Waiting 60 minutes before checking again
2025-03-26 23:55:41,934 - INFO - Current counts in status file - Followers: 881, Following: 1868
2025-03-26 23:55:41,937 - INFO - Current counts in status file - Followers: 881, Following: 1868
2025-03-26 23:55:41,939 - INFO - Starting new scraping session
2025-03-26 23:55:41,940 - INFO - Current counts in status file - Followers: 881, Following: 1868
2025-03-26 23:55:41,940 - INFO - Need to collect more following accounts: 1862/1868
2025-03-26 23:55:41,940 - INFO - Need to collect more followers: 879/881
2025-03-26 23:55:41,940 - INFO - Using 8 max pages for this session
2025-03-26 23:56:15,389 - INFO - SCRAPER: Logged in using button: //button[contains(.,'Log in')]
2025-03-26 23:56:15,390 - INFO - SCRAPER: Logged in successfully!
2025-03-26 23:56:15,390 - INFO - SCRAPER: Logged in as fretin98
2025-03-26 23:56:15,390 - INFO - SCRAPER: Resuming previous session...
2025-03-26 23:56:15,390 - INFO - SCRAPER: Loaded 879 followers and 1862 following from previous session
2025-03-26 23:56:15,390 - INFO - SCRAPER: Profile Stats: {'followers': 881, 'following': 1868, 'posts': 241}
2025-03-26 23:56:15,390 - INFO - Found profile stats line
2025-03-26 23:56:15,390 - INFO - SCRAPER: Followers: 881, Following: 1868
2025-03-26 23:56:15,390 - INFO - Extracted total followers: 881
2025-03-26 23:56:15,390 - INFO - Extracted total following: 1868
2025-03-26 23:56:15,390 - INFO - SCRAPER: Scraping followers...
2025-03-26 23:56:15,390 - INFO - SCRAPER: Already collected 879/881 followers (≥95%). Skipping followers scraping.
2025-03-26 23:56:15,390 - INFO - SCRAPER: Scraping following...
2025-03-26 23:56:15,407 - INFO - SCRAPER: Already collected 1862/1868 following accounts (≥95%). Skipping following scraping.
2025-03-26 23:56:15,407 - INFO - SCRAPER: Getting links to following accounts...
2025-03-26 23:56:15,407 - INFO - SCRAPER: Created 1862 following links from usernames
2025-03-26 23:56:15,407 - INFO - SCRAPER: Updated following links file: instagram_data/followingLinks.txt
2025-03-26 23:56:15,407 - INFO - SCRAPER: Updated adjacency list file: instagram_data/adjList.txt
2025-03-26 23:56:15,407 - INFO - SCRAPER: Added 0 new relationships (total: 25008)
2025-03-26 23:56:15,407 - INFO - SCRAPER: Retrieved 1862 following links
2025-03-26 23:56:15,407 - INFO - SCRAPER: Session completed successfully!
2025-03-26 23:56:15,407 - INFO - SCRAPER: Browser closed.
2025-03-26 23:56:15,636 - INFO - Updating status with dynamic counts - Followers: 881, Following: 1868
2025-03-26 23:56:15,639 - INFO - Saved data to instagram_data/auto_scrape_status.json
2025-03-26 23:56:15,639 - INFO - Now running a session to scrape following accounts network data...
2025-03-26 23:56:15,639 - INFO - Starting following accounts scraping session
2025-03-26 23:56:15,639 - INFO - remove_processed_links function is disabled to allow re-scraping of potential rate-limited accounts
2025-03-26 23:56:15,639 - INFO - DEBUG: Checking for duplicates before processing
2025-03-26 23:56:15,640 - INFO - No duplicate links found in instagram_data/followingLinks.txt
2025-03-26 23:56:15,642 - INFO - DEBUG: Before processing - 1862 accounts in queue
2025-03-26 23:56:15,651 - INFO - Using random batch size of 46 accounts for this session
2025-03-26 23:59:03,693 - INFO - FOLLOWING SCRAPER: DEBUG MODE ENABLED
2025-03-26 23:59:03,694 - INFO - FOLLOWING SCRAPER: Loaded scraping progress: 1472 accounts processed
2025-03-26 23:59:03,694 - INFO - FOLLOWING SCRAPER: Will process 46 accounts in this session
2025-03-26 23:59:03,694 - INFO - FOLLOWING SCRAPER: Logged in using button: //button[contains(.,'Log in')]
2025-03-26 23:59:03,694 - INFO - FOLLOWING SCRAPER: Logged in successfully!
2025-03-26 23:59:03,694 - INFO - FOLLOWING SCRAPER: Rate limit statistics: 1 accounts marked as rate-limited
2025-03-26 23:59:03,694 - INFO - FOLLOWING SCRAPER: Examples of rate-limited accounts: ['benton.down']
2025-03-26 23:59:03,694 - INFO - FOLLOWING SCRAPER: Loaded 1862 links from instagram_data/followingLinks.txt
2025-03-26 23:59:03,694 - INFO - FOLLOWING SCRAPER: Loaded adjacency list from instagram_data/adjList.txt
2025-03-26 23:59:03,694 - INFO - FOLLOWING SCRAPER: Deduplicating adjacency list...
2025-03-26 23:59:03,694 - INFO - FOLLOWING SCRAPER: No duplicates found in adjList.txt
2025-03-26 23:59:03,694 - INFO - FOLLOWING SCRAPER: DEBUG: Found 6149 already processed accounts in adjList.txt
2025-03-26 23:59:03,694 - INFO - FOLLOWING SCRAPER: Found 6149 accounts that have already been processed
2025-03-26 23:59:03,694 - INFO - FOLLOWING SCRAPER: Starting batch processing of 46 accounts
2025-03-26 23:59:03,694 - INFO - FOLLOWING SCRAPER: Pre-checking accounts to prioritize ones with reasonable follower/following counts...
2025-03-26 23:59:03,694 - INFO - FOLLOWING SCRAPER: ✓ shuheisakaue: Good candidate with 18 followers, 895 following
2025-03-26 23:59:03,694 - INFO - FOLLOWING SCRAPER: ✓ catsoupai: Good candidate with 189 followers, 188 following
2025-03-26 23:59:03,694 - INFO - FOLLOWING SCRAPER: ✓ soloslop.memes: Good candidate with 70 followers, 67 following
2025-03-26 23:59:03,694 - INFO - FOLLOWING SCRAPER: ✓ phillipsauction: Good candidate with 428 followers, 434 following
2025-03-26 23:59:03,694 - INFO - FOLLOWING SCRAPER: ✓ filmmovement: Good candidate with 12 followers, 708 following
2025-03-26 23:59:03,694 - INFO - FOLLOWING SCRAPER: ✗ rubahitam_: Too many connections (48 followers, 1153 following)
2025-03-26 23:59:03,694 - INFO - FOLLOWING SCRAPER: ✗ chinatown_cowboy.mp4: Too many connections (2382 followers, 0 following)
2025-03-26 23:59:03,694 - INFO - FOLLOWING SCRAPER: ✓ asian_redbozicowboy: Good candidate with 29 followers, 250 following
2025-03-26 23:59:03,694 - INFO - FOLLOWING SCRAPER: ✓ ccpxi_8964: Good candidate with 10 followers, 97 following
2025-03-26 23:59:03,694 - INFO - FOLLOWING SCRAPER: ✓ ngr.ev: Good candidate with 113 followers, 187 following
2025-03-26 23:59:03,694 - INFO - FOLLOWING SCRAPER: ✓ cinema_nighttt: Good candidate with 401 followers, 15 following
2025-03-26 23:59:03,694 - INFO - FOLLOWING SCRAPER: ✓ thedizzyviper: Good candidate with 179 followers, 901 following
2025-03-26 23:59:03,694 - INFO - FOLLOWING SCRAPER: ✗ arabbitsfoot: Too many connections (62 followers, 1566 following)
2025-03-26 23:59:03,694 - INFO - FOLLOWING SCRAPER: ✓ laclefrevival: Good candidate with 23 followers, 503 following
2025-03-26 23:59:03,694 - INFO - FOLLOWING SCRAPER: ✓ byboyfantasy: Good candidate with 83 followers, 609 following
2025-03-26 23:59:03,694 - INFO - FOLLOWING SCRAPER: ✓ manofdutch: Good candidate with 29 followers, 55 following
2025-03-26 23:59:03,694 - INFO - FOLLOWING SCRAPER: ✗ fernandosev7n: Too many connections (235 followers, 1534 following)
2025-03-26 23:59:03,694 - INFO - FOLLOWING SCRAPER: ✓ thefineartcollective: Good candidate with 673 followers, 918 following
2025-03-26 23:59:03,694 - INFO - FOLLOWING SCRAPER: ✗ xidan_zhang: Too many connections (2743 followers, 901 following)
2025-03-26 23:59:03,694 - INFO - FOLLOWING SCRAPER: ✗ zihaosong: Too many connections (10 followers, 2448 following)
2025-03-26 23:59:03,694 - INFO - FOLLOWING SCRAPER: ✗ young.brando: Too many connections (17 followers, 2455 following)
2025-03-26 23:59:03,694 - INFO - FOLLOWING SCRAPER: ✗ gentleman.gasmask: Too many connections (364 followers, 1660 following)
2025-03-26 23:59:03,694 - INFO - FOLLOWING SCRAPER: ✗ yuukakazami0: Too many connections (1343 followers, 518 following)
2025-03-26 23:59:03,694 - INFO - FOLLOWING SCRAPER: ✗ cucny: Too many connections (2784 followers, 38 following)
2025-03-26 23:59:03,694 - INFO - FOLLOWING SCRAPER: ✗ thepennclub: Too many connections (4055 followers, 632 following)
2025-03-26 23:59:03,694 - INFO - FOLLOWING SCRAPER: ✗ lsmartfund: Too many connections (4169 followers, 586 following)
2025-03-26 23:59:03,694 - INFO - FOLLOWING SCRAPER: ✗ perpetual.passion: Too many connections (38 followers, 2352 following)
2025-03-26 23:59:03,694 - INFO - FOLLOWING SCRAPER: Found 14 accounts with reasonable follower/following counts
2025-03-26 23:59:03,694 - INFO - FOLLOWING SCRAPER: DEBUG: Sanitizing and saving 1862 links
2025-03-26 23:59:03,694 - INFO - FOLLOWING SCRAPER: DEBUG: After sanitization: 1862 links (removed 0)
2025-03-26 23:59:03,694 - INFO - FOLLOWING SCRAPER: DEBUG: Successfully saved 1862 links to instagram_data/followingLinks.txt
2025-03-26 23:59:03,694 - INFO - FOLLOWING SCRAPER: Links reordered to prioritize accounts with reasonable follower/following counts
2025-03-26 23:59:03,694 - INFO - FOLLOWING SCRAPER: DEBUG: Processing link #1/46: https://www.instagram.com/shuheisakaue/
2025-03-26 23:59:03,694 - INFO - FOLLOWING SCRAPER: DEBUG: Before processing - 1862 links in queue
2025-03-26 23:59:03,694 - INFO - FOLLOWING SCRAPER: DEBUG: Account shuheisakaue in progress data with rate_limited=False
2025-03-26 23:59:03,694 - INFO - FOLLOWING SCRAPER: Processing: https://www.instagram.com/shuheisakaue/
2025-03-26 23:59:03,694 - INFO - FOLLOWING SCRAPER: Account shuheisakaue already fully processed. Skipping.
2025-03-26 23:59:03,695 - INFO - FOLLOWING SCRAPER: DEBUG: Removing link from queue: https://www.instagram.com/shuheisakaue/
2025-03-26 23:59:03,695 - INFO - FOLLOWING SCRAPER: DEBUG: Link removed. Queue size now: 1861
2025-03-26 23:59:03,695 - INFO - FOLLOWING SCRAPER: DEBUG: Sanitizing and saving 1861 links
2025-03-26 23:59:03,695 - INFO - FOLLOWING SCRAPER: DEBUG: After sanitization: 1861 links (removed 0)
2025-03-26 23:59:03,695 - INFO - FOLLOWING SCRAPER: DEBUG: Successfully saved 1861 links to instagram_data/followingLinks.txt
2025-03-26 23:59:03,695 - INFO - FOLLOWING SCRAPER: DEBUG: Links saved
2025-03-26 23:59:03,695 - INFO - FOLLOWING SCRAPER: Added 1 new relationships to adjacency list (total: 25009)
2025-03-26 23:59:03,695 - INFO - FOLLOWING SCRAPER: Completed 1/46 accounts. 1861 remaining in queue.
2025-03-26 23:59:03,695 - INFO - FOLLOWING SCRAPER: Waiting 5 seconds before next account...
2025-03-26 23:59:03,695 - INFO - FOLLOWING SCRAPER: DEBUG: Processing link #2/46: https://www.instagram.com/catsoupai/
2025-03-26 23:59:03,695 - INFO - FOLLOWING SCRAPER: DEBUG: Before processing - 1861 links in queue
2025-03-26 23:59:03,695 - INFO - FOLLOWING SCRAPER: DEBUG: Account catsoupai in progress data with rate_limited=False
2025-03-26 23:59:03,695 - INFO - FOLLOWING SCRAPER: Processing: https://www.instagram.com/catsoupai/
2025-03-26 23:59:03,695 - INFO - FOLLOWING SCRAPER: Account catsoupai already fully processed. Skipping.
2025-03-26 23:59:03,695 - INFO - FOLLOWING SCRAPER: DEBUG: Removing link from queue: https://www.instagram.com/catsoupai/
2025-03-26 23:59:03,695 - INFO - FOLLOWING SCRAPER: DEBUG: Link removed. Queue size now: 1860
2025-03-26 23:59:03,695 - INFO - FOLLOWING SCRAPER: DEBUG: Sanitizing and saving 1860 links
2025-03-26 23:59:03,695 - INFO - FOLLOWING SCRAPER: DEBUG: After sanitization: 1860 links (removed 0)
2025-03-26 23:59:03,695 - INFO - FOLLOWING SCRAPER: DEBUG: Successfully saved 1860 links to instagram_data/followingLinks.txt
2025-03-26 23:59:03,695 - INFO - FOLLOWING SCRAPER: DEBUG: Links saved
2025-03-26 23:59:03,695 - INFO - FOLLOWING SCRAPER: Added 0 new relationships to adjacency list (total: 25009)
2025-03-26 23:59:03,695 - INFO - FOLLOWING SCRAPER: Completed 2/46 accounts. 1860 remaining in queue.
2025-03-26 23:59:03,695 - INFO - FOLLOWING SCRAPER: Waiting 5 seconds before next account...
2025-03-26 23:59:03,695 - INFO - FOLLOWING SCRAPER: DEBUG: Processing link #3/46: https://www.instagram.com/soloslop.memes/
2025-03-26 23:59:03,695 - INFO - FOLLOWING SCRAPER: DEBUG: Before processing - 1860 links in queue
2025-03-26 23:59:03,695 - INFO - FOLLOWING SCRAPER: DEBUG: Account soloslop.memes in progress data with rate_limited=False
2025-03-26 23:59:03,695 - INFO - FOLLOWING SCRAPER: Processing: https://www.instagram.com/soloslop.memes/
2025-03-26 23:59:03,695 - INFO - FOLLOWING SCRAPER: Account soloslop.memes already fully processed. Skipping.
2025-03-26 23:59:03,695 - INFO - FOLLOWING SCRAPER: DEBUG: Removing link from queue: https://www.instagram.com/soloslop.memes/
2025-03-26 23:59:03,695 - INFO - FOLLOWING SCRAPER: DEBUG: Link removed. Queue size now: 1859
2025-03-26 23:59:03,695 - INFO - FOLLOWING SCRAPER: DEBUG: Sanitizing and saving 1859 links
2025-03-26 23:59:03,695 - INFO - FOLLOWING SCRAPER: DEBUG: After sanitization: 1859 links (removed 0)
2025-03-26 23:59:03,695 - INFO - FOLLOWING SCRAPER: DEBUG: Successfully saved 1859 links to instagram_data/followingLinks.txt
2025-03-26 23:59:03,695 - INFO - FOLLOWING SCRAPER: DEBUG: Links saved
2025-03-26 23:59:03,695 - INFO - FOLLOWING SCRAPER: Added 0 new relationships to adjacency list (total: 25009)
2025-03-26 23:59:03,695 - INFO - FOLLOWING SCRAPER: Completed 3/46 accounts. 1859 remaining in queue.
2025-03-26 23:59:03,695 - INFO - FOLLOWING SCRAPER: Waiting 5 seconds before next account...
2025-03-26 23:59:03,695 - INFO - FOLLOWING SCRAPER: DEBUG: Processing link #4/46: https://www.instagram.com/phillipsauction/
2025-03-26 23:59:03,695 - INFO - FOLLOWING SCRAPER: DEBUG: Before processing - 1859 links in queue
2025-03-26 23:59:03,695 - INFO - FOLLOWING SCRAPER: DEBUG: Account phillipsauction in progress data with rate_limited=False
2025-03-26 23:59:03,695 - INFO - FOLLOWING SCRAPER: Processing: https://www.instagram.com/phillipsauction/
2025-03-26 23:59:03,695 - INFO - FOLLOWING SCRAPER: Account phillipsauction already fully processed. Skipping.
2025-03-26 23:59:03,695 - INFO - FOLLOWING SCRAPER: DEBUG: Removing link from queue: https://www.instagram.com/phillipsauction/
2025-03-26 23:59:03,695 - INFO - FOLLOWING SCRAPER: DEBUG: Link removed. Queue size now: 1858
2025-03-26 23:59:03,695 - INFO - FOLLOWING SCRAPER: DEBUG: Sanitizing and saving 1858 links
2025-03-26 23:59:03,695 - INFO - FOLLOWING SCRAPER: DEBUG: After sanitization: 1858 links (removed 0)
2025-03-26 23:59:03,695 - INFO - FOLLOWING SCRAPER: DEBUG: Successfully saved 1858 links to instagram_data/followingLinks.txt
2025-03-26 23:59:03,695 - INFO - FOLLOWING SCRAPER: DEBUG: Links saved
2025-03-26 23:59:03,695 - INFO - FOLLOWING SCRAPER: Added 0 new relationships to adjacency list (total: 25009)
2025-03-26 23:59:03,695 - INFO - FOLLOWING SCRAPER: Completed 4/46 accounts. 1858 remaining in queue.
2025-03-26 23:59:03,695 - INFO - FOLLOWING SCRAPER: Waiting 5 seconds before next account...
2025-03-26 23:59:03,695 - INFO - FOLLOWING SCRAPER: DEBUG: Processing link #5/46: https://www.instagram.com/filmmovement/
2025-03-26 23:59:03,695 - INFO - FOLLOWING SCRAPER: DEBUG: Before processing - 1858 links in queue
2025-03-26 23:59:03,695 - INFO - FOLLOWING SCRAPER: DEBUG: Account filmmovement in progress data with rate_limited=False
2025-03-26 23:59:03,695 - INFO - FOLLOWING SCRAPER: Processing: https://www.instagram.com/filmmovement/
2025-03-26 23:59:03,695 - INFO - FOLLOWING SCRAPER: Account filmmovement already fully processed. Skipping.
2025-03-26 23:59:03,695 - INFO - FOLLOWING SCRAPER: DEBUG: Removing link from queue: https://www.instagram.com/filmmovement/
2025-03-26 23:59:03,695 - INFO - FOLLOWING SCRAPER: DEBUG: Link removed. Queue size now: 1857
2025-03-26 23:59:03,695 - INFO - FOLLOWING SCRAPER: DEBUG: Sanitizing and saving 1857 links
2025-03-26 23:59:03,695 - INFO - FOLLOWING SCRAPER: DEBUG: After sanitization: 1857 links (removed 0)
2025-03-26 23:59:03,695 - INFO - FOLLOWING SCRAPER: DEBUG: Successfully saved 1857 links to instagram_data/followingLinks.txt
2025-03-26 23:59:03,695 - INFO - FOLLOWING SCRAPER: DEBUG: Links saved
2025-03-26 23:59:03,695 - INFO - FOLLOWING SCRAPER: Added 0 new relationships to adjacency list (total: 25009)
2025-03-26 23:59:03,695 - INFO - FOLLOWING SCRAPER: Completed 5/46 accounts. 1857 remaining in queue.
2025-03-26 23:59:03,695 - INFO - FOLLOWING SCRAPER: Waiting 5 seconds before next account...
2025-03-26 23:59:03,695 - INFO - FOLLOWING SCRAPER: DEBUG: Processing link #6/46: https://www.instagram.com/asian_redbozicowboy/
2025-03-26 23:59:03,695 - INFO - FOLLOWING SCRAPER: DEBUG: Before processing - 1857 links in queue
2025-03-26 23:59:03,695 - INFO - FOLLOWING SCRAPER: DEBUG: Account asian_redbozicowboy in progress data with rate_limited=False
2025-03-26 23:59:03,695 - INFO - FOLLOWING SCRAPER: Processing: https://www.instagram.com/asian_redbozicowboy/
2025-03-26 23:59:03,695 - INFO - FOLLOWING SCRAPER: Account asian_redbozicowboy already fully processed. Skipping.
2025-03-26 23:59:03,695 - INFO - FOLLOWING SCRAPER: DEBUG: Removing link from queue: https://www.instagram.com/asian_redbozicowboy/
2025-03-26 23:59:03,695 - INFO - FOLLOWING SCRAPER: DEBUG: Link removed. Queue size now: 1856
2025-03-26 23:59:03,695 - INFO - FOLLOWING SCRAPER: DEBUG: Sanitizing and saving 1856 links
2025-03-26 23:59:03,695 - INFO - FOLLOWING SCRAPER: DEBUG: After sanitization: 1856 links (removed 0)
2025-03-26 23:59:03,696 - INFO - FOLLOWING SCRAPER: DEBUG: Successfully saved 1856 links to instagram_data/followingLinks.txt
2025-03-26 23:59:03,696 - INFO - FOLLOWING SCRAPER: DEBUG: Links saved
2025-03-26 23:59:03,696 - INFO - FOLLOWING SCRAPER: Added 0 new relationships to adjacency list (total: 25009)
2025-03-26 23:59:03,696 - INFO - FOLLOWING SCRAPER: Completed 6/46 accounts. 1856 remaining in queue.
2025-03-26 23:59:03,696 - INFO - FOLLOWING SCRAPER: Waiting 5 seconds before next account...
2025-03-26 23:59:03,696 - INFO - FOLLOWING SCRAPER: DEBUG: Processing link #7/46: https://www.instagram.com/ccpxi_8964/
2025-03-26 23:59:03,696 - INFO - FOLLOWING SCRAPER: DEBUG: Before processing - 1856 links in queue
2025-03-26 23:59:03,696 - INFO - FOLLOWING SCRAPER: DEBUG: Account ccpxi_8964 in progress data with rate_limited=False
2025-03-26 23:59:03,696 - INFO - FOLLOWING SCRAPER: Processing: https://www.instagram.com/ccpxi_8964/
2025-03-26 23:59:03,696 - INFO - FOLLOWING SCRAPER: Account ccpxi_8964 already fully processed. Skipping.
2025-03-26 23:59:03,696 - INFO - FOLLOWING SCRAPER: DEBUG: Removing link from queue: https://www.instagram.com/ccpxi_8964/
2025-03-26 23:59:03,696 - INFO - FOLLOWING SCRAPER: DEBUG: Link removed. Queue size now: 1855
2025-03-26 23:59:03,696 - INFO - FOLLOWING SCRAPER: DEBUG: Sanitizing and saving 1855 links
2025-03-26 23:59:03,696 - INFO - FOLLOWING SCRAPER: DEBUG: After sanitization: 1855 links (removed 0)
2025-03-26 23:59:03,696 - INFO - FOLLOWING SCRAPER: DEBUG: Successfully saved 1855 links to instagram_data/followingLinks.txt
2025-03-26 23:59:03,696 - INFO - FOLLOWING SCRAPER: DEBUG: Links saved
2025-03-26 23:59:03,696 - INFO - FOLLOWING SCRAPER: Added 0 new relationships to adjacency list (total: 25009)
2025-03-26 23:59:03,696 - INFO - FOLLOWING SCRAPER: Completed 7/46 accounts. 1855 remaining in queue.
2025-03-26 23:59:03,696 - INFO - FOLLOWING SCRAPER: Waiting 5 seconds before next account...
2025-03-26 23:59:03,696 - INFO - FOLLOWING SCRAPER: DEBUG: Processing link #8/46: https://www.instagram.com/ngr.ev/
2025-03-26 23:59:03,696 - INFO - FOLLOWING SCRAPER: DEBUG: Before processing - 1855 links in queue
2025-03-26 23:59:03,696 - INFO - FOLLOWING SCRAPER: DEBUG: Account ngr.ev in progress data with rate_limited=False
2025-03-26 23:59:03,696 - INFO - FOLLOWING SCRAPER: Processing: https://www.instagram.com/ngr.ev/
2025-03-26 23:59:03,696 - INFO - FOLLOWING SCRAPER: Account ngr.ev already fully processed. Skipping.
2025-03-26 23:59:03,696 - INFO - FOLLOWING SCRAPER: DEBUG: Removing link from queue: https://www.instagram.com/ngr.ev/
2025-03-26 23:59:03,696 - INFO - FOLLOWING SCRAPER: DEBUG: Link removed. Queue size now: 1854
2025-03-26 23:59:03,696 - INFO - FOLLOWING SCRAPER: DEBUG: Sanitizing and saving 1854 links
2025-03-26 23:59:03,696 - INFO - FOLLOWING SCRAPER: DEBUG: After sanitization: 1854 links (removed 0)
2025-03-26 23:59:03,696 - INFO - FOLLOWING SCRAPER: DEBUG: Successfully saved 1854 links to instagram_data/followingLinks.txt
2025-03-26 23:59:03,696 - INFO - FOLLOWING SCRAPER: DEBUG: Links saved
2025-03-26 23:59:03,696 - INFO - FOLLOWING SCRAPER: Added 0 new relationships to adjacency list (total: 25009)
2025-03-26 23:59:03,696 - INFO - FOLLOWING SCRAPER: Completed 8/46 accounts. 1854 remaining in queue.
2025-03-26 23:59:03,696 - INFO - FOLLOWING SCRAPER: Waiting 5 seconds before next account...
2025-03-26 23:59:03,696 - INFO - FOLLOWING SCRAPER: DEBUG: Processing link #9/46: https://www.instagram.com/cinema_nighttt/
2025-03-26 23:59:03,696 - INFO - FOLLOWING SCRAPER: DEBUG: Before processing - 1854 links in queue
2025-03-26 23:59:03,696 - INFO - FOLLOWING SCRAPER: DEBUG: Account cinema_nighttt in progress data with rate_limited=False
2025-03-26 23:59:03,696 - INFO - FOLLOWING SCRAPER: Processing: https://www.instagram.com/cinema_nighttt/
2025-03-26 23:59:03,696 - INFO - FOLLOWING SCRAPER: Account cinema_nighttt already fully processed. Skipping.
2025-03-26 23:59:03,696 - INFO - FOLLOWING SCRAPER: DEBUG: Removing link from queue: https://www.instagram.com/cinema_nighttt/
2025-03-26 23:59:03,696 - INFO - FOLLOWING SCRAPER: DEBUG: Link removed. Queue size now: 1853
2025-03-26 23:59:03,696 - INFO - FOLLOWING SCRAPER: DEBUG: Sanitizing and saving 1853 links
2025-03-26 23:59:03,696 - INFO - FOLLOWING SCRAPER: DEBUG: After sanitization: 1853 links (removed 0)
2025-03-26 23:59:03,696 - INFO - FOLLOWING SCRAPER: DEBUG: Successfully saved 1853 links to instagram_data/followingLinks.txt
2025-03-26 23:59:03,696 - INFO - FOLLOWING SCRAPER: DEBUG: Links saved
2025-03-26 23:59:03,696 - INFO - FOLLOWING SCRAPER: Added 0 new relationships to adjacency list (total: 25009)
2025-03-26 23:59:03,696 - INFO - FOLLOWING SCRAPER: Completed 9/46 accounts. 1853 remaining in queue.
2025-03-26 23:59:03,696 - INFO - FOLLOWING SCRAPER: Waiting 5 seconds before next account...
2025-03-26 23:59:03,696 - INFO - FOLLOWING SCRAPER: DEBUG: Processing link #10/46: https://www.instagram.com/thedizzyviper/
2025-03-26 23:59:03,696 - INFO - FOLLOWING SCRAPER: DEBUG: Before processing - 1853 links in queue
2025-03-26 23:59:03,696 - INFO - FOLLOWING SCRAPER: DEBUG: Account thedizzyviper in progress data with rate_limited=False
2025-03-26 23:59:03,696 - INFO - FOLLOWING SCRAPER: Processing: https://www.instagram.com/thedizzyviper/
2025-03-26 23:59:03,696 - INFO - FOLLOWING SCRAPER: Account thedizzyviper already fully processed. Skipping.
2025-03-26 23:59:03,696 - INFO - FOLLOWING SCRAPER: DEBUG: Removing link from queue: https://www.instagram.com/thedizzyviper/
2025-03-26 23:59:03,696 - INFO - FOLLOWING SCRAPER: DEBUG: Link removed. Queue size now: 1852
2025-03-26 23:59:03,696 - INFO - FOLLOWING SCRAPER: DEBUG: Sanitizing and saving 1852 links
2025-03-26 23:59:03,696 - INFO - FOLLOWING SCRAPER: DEBUG: After sanitization: 1852 links (removed 0)
2025-03-26 23:59:03,696 - INFO - FOLLOWING SCRAPER: DEBUG: Successfully saved 1852 links to instagram_data/followingLinks.txt
2025-03-26 23:59:03,696 - INFO - FOLLOWING SCRAPER: DEBUG: Links saved
2025-03-26 23:59:03,696 - INFO - FOLLOWING SCRAPER: Added 0 new relationships to adjacency list (total: 25009)
2025-03-26 23:59:03,696 - INFO - FOLLOWING SCRAPER: Completed 10/46 accounts. 1852 remaining in queue.
2025-03-26 23:59:03,696 - INFO - FOLLOWING SCRAPER: Waiting 5 seconds before next account...
2025-03-26 23:59:03,696 - INFO - FOLLOWING SCRAPER: DEBUG: Processing link #11/46: https://www.instagram.com/laclefrevival/
2025-03-26 23:59:03,696 - INFO - FOLLOWING SCRAPER: DEBUG: Before processing - 1852 links in queue
2025-03-26 23:59:03,696 - INFO - FOLLOWING SCRAPER: DEBUG: Account laclefrevival in progress data with rate_limited=False
2025-03-26 23:59:03,696 - INFO - FOLLOWING SCRAPER: Processing: https://www.instagram.com/laclefrevival/
2025-03-26 23:59:03,696 - INFO - FOLLOWING SCRAPER: Account laclefrevival already fully processed. Skipping.
2025-03-26 23:59:03,696 - INFO - FOLLOWING SCRAPER: DEBUG: Removing link from queue: https://www.instagram.com/laclefrevival/
2025-03-26 23:59:03,696 - INFO - FOLLOWING SCRAPER: DEBUG: Link removed. Queue size now: 1851
2025-03-26 23:59:03,696 - INFO - FOLLOWING SCRAPER: DEBUG: Sanitizing and saving 1851 links
2025-03-26 23:59:03,696 - INFO - FOLLOWING SCRAPER: DEBUG: After sanitization: 1851 links (removed 0)
2025-03-26 23:59:03,696 - INFO - FOLLOWING SCRAPER: DEBUG: Successfully saved 1851 links to instagram_data/followingLinks.txt
2025-03-26 23:59:03,696 - INFO - FOLLOWING SCRAPER: DEBUG: Links saved
2025-03-26 23:59:03,697 - INFO - FOLLOWING SCRAPER: Added 0 new relationships to adjacency list (total: 25009)
2025-03-26 23:59:03,697 - INFO - FOLLOWING SCRAPER: Completed 11/46 accounts. 1851 remaining in queue.
2025-03-26 23:59:03,697 - INFO - FOLLOWING SCRAPER: Waiting 5 seconds before next account...
2025-03-26 23:59:03,697 - INFO - FOLLOWING SCRAPER: DEBUG: Processing link #12/46: https://www.instagram.com/byboyfantasy/
2025-03-26 23:59:03,697 - INFO - FOLLOWING SCRAPER: DEBUG: Before processing - 1851 links in queue
2025-03-26 23:59:03,697 - INFO - FOLLOWING SCRAPER: DEBUG: Account byboyfantasy in progress data with rate_limited=False
2025-03-26 23:59:03,697 - INFO - FOLLOWING SCRAPER: Processing: https://www.instagram.com/byboyfantasy/
2025-03-26 23:59:03,697 - INFO - FOLLOWING SCRAPER: Account byboyfantasy already fully processed. Skipping.
2025-03-26 23:59:03,697 - INFO - FOLLOWING SCRAPER: DEBUG: Removing link from queue: https://www.instagram.com/byboyfantasy/
2025-03-26 23:59:03,697 - INFO - FOLLOWING SCRAPER: DEBUG: Link removed. Queue size now: 1850
2025-03-26 23:59:03,697 - INFO - FOLLOWING SCRAPER: DEBUG: Sanitizing and saving 1850 links
2025-03-26 23:59:03,697 - INFO - FOLLOWING SCRAPER: DEBUG: After sanitization: 1850 links (removed 0)
2025-03-26 23:59:03,697 - INFO - FOLLOWING SCRAPER: DEBUG: Successfully saved 1850 links to instagram_data/followingLinks.txt
2025-03-26 23:59:03,697 - INFO - FOLLOWING SCRAPER: DEBUG: Links saved
2025-03-26 23:59:03,697 - INFO - FOLLOWING SCRAPER: Added 0 new relationships to adjacency list (total: 25009)
2025-03-26 23:59:03,697 - INFO - FOLLOWING SCRAPER: Completed 12/46 accounts. 1850 remaining in queue.
2025-03-26 23:59:03,697 - INFO - FOLLOWING SCRAPER: Waiting 5 seconds before next account...
2025-03-26 23:59:03,697 - INFO - FOLLOWING SCRAPER: DEBUG: Processing link #13/46: https://www.instagram.com/manofdutch/
2025-03-26 23:59:03,697 - INFO - FOLLOWING SCRAPER: DEBUG: Before processing - 1850 links in queue
2025-03-26 23:59:03,697 - INFO - FOLLOWING SCRAPER: DEBUG: Account manofdutch in progress data with rate_limited=False
2025-03-26 23:59:03,697 - INFO - FOLLOWING SCRAPER: Processing: https://www.instagram.com/manofdutch/
2025-03-26 23:59:03,697 - INFO - FOLLOWING SCRAPER: Account manofdutch already fully processed. Skipping.
2025-03-26 23:59:03,697 - INFO - FOLLOWING SCRAPER: DEBUG: Removing link from queue: https://www.instagram.com/manofdutch/
2025-03-26 23:59:03,697 - INFO - FOLLOWING SCRAPER: DEBUG: Link removed. Queue size now: 1849
2025-03-26 23:59:03,697 - INFO - FOLLOWING SCRAPER: DEBUG: Sanitizing and saving 1849 links
2025-03-26 23:59:03,697 - INFO - FOLLOWING SCRAPER: DEBUG: After sanitization: 1849 links (removed 0)
2025-03-26 23:59:03,697 - INFO - FOLLOWING SCRAPER: DEBUG: Successfully saved 1849 links to instagram_data/followingLinks.txt
2025-03-26 23:59:03,697 - INFO - FOLLOWING SCRAPER: DEBUG: Links saved
2025-03-26 23:59:03,697 - INFO - FOLLOWING SCRAPER: Added 0 new relationships to adjacency list (total: 25009)
2025-03-26 23:59:03,697 - INFO - FOLLOWING SCRAPER: Completed 13/46 accounts. 1849 remaining in queue.
2025-03-26 23:59:03,697 - INFO - FOLLOWING SCRAPER: Waiting 5 seconds before next account...
2025-03-26 23:59:03,697 - INFO - FOLLOWING SCRAPER: DEBUG: Processing link #14/46: https://www.instagram.com/thefineartcollective/
2025-03-26 23:59:03,697 - INFO - FOLLOWING SCRAPER: DEBUG: Before processing - 1849 links in queue
2025-03-26 23:59:03,697 - INFO - FOLLOWING SCRAPER: DEBUG: Account thefineartcollective in progress data with rate_limited=False
2025-03-26 23:59:03,697 - INFO - FOLLOWING SCRAPER: Processing: https://www.instagram.com/thefineartcollective/
2025-03-26 23:59:03,697 - INFO - FOLLOWING SCRAPER: Account thefineartcollective already fully processed. Skipping.
2025-03-26 23:59:03,697 - INFO - FOLLOWING SCRAPER: DEBUG: Removing link from queue: https://www.instagram.com/thefineartcollective/
2025-03-26 23:59:03,697 - INFO - FOLLOWING SCRAPER: DEBUG: Link removed. Queue size now: 1848
2025-03-26 23:59:03,697 - INFO - FOLLOWING SCRAPER: DEBUG: Sanitizing and saving 1848 links
2025-03-26 23:59:03,697 - INFO - FOLLOWING SCRAPER: DEBUG: After sanitization: 1848 links (removed 0)
2025-03-26 23:59:03,697 - INFO - FOLLOWING SCRAPER: DEBUG: Successfully saved 1848 links to instagram_data/followingLinks.txt
2025-03-26 23:59:03,697 - INFO - FOLLOWING SCRAPER: DEBUG: Links saved
2025-03-26 23:59:03,697 - INFO - FOLLOWING SCRAPER: Added 0 new relationships to adjacency list (total: 25009)
2025-03-26 23:59:03,697 - INFO - FOLLOWING SCRAPER: Completed 14/46 accounts. 1848 remaining in queue.
2025-03-26 23:59:03,697 - INFO - FOLLOWING SCRAPER: Waiting 5 seconds before next account...
2025-03-26 23:59:03,697 - INFO - FOLLOWING SCRAPER: DEBUG: Processing link #15/46: https://www.instagram.com/ccclare_/
2025-03-26 23:59:03,697 - INFO - FOLLOWING SCRAPER: DEBUG: Before processing - 1848 links in queue
2025-03-26 23:59:03,697 - INFO - FOLLOWING SCRAPER: DEBUG: Account ccclare_ in progress data with rate_limited=False
2025-03-26 23:59:03,697 - INFO - FOLLOWING SCRAPER: DEBUG: Skipping already processed account: ccclare_
2025-03-26 23:59:03,697 - INFO - FOLLOWING SCRAPER: DEBUG: Sanitizing and saving 1847 links
2025-03-26 23:59:03,697 - INFO - FOLLOWING SCRAPER: DEBUG: After sanitization: 1847 links (removed 0)
2025-03-26 23:59:03,697 - INFO - FOLLOWING SCRAPER: DEBUG: Successfully saved 1847 links to instagram_data/followingLinks.txt
2025-03-26 23:59:03,697 - INFO - FOLLOWING SCRAPER: DEBUG: Processing link #16/46: https://www.instagram.com/rubyyyyyying/
2025-03-26 23:59:03,697 - INFO - FOLLOWING SCRAPER: DEBUG: Before processing - 1847 links in queue
2025-03-26 23:59:03,697 - INFO - FOLLOWING SCRAPER: DEBUG: Account rubyyyyyying in progress data with rate_limited=False
2025-03-26 23:59:03,697 - INFO - FOLLOWING SCRAPER: DEBUG: Skipping already processed account: rubyyyyyying
2025-03-26 23:59:03,697 - INFO - FOLLOWING SCRAPER: DEBUG: Sanitizing and saving 1846 links
2025-03-26 23:59:03,697 - INFO - FOLLOWING SCRAPER: DEBUG: After sanitization: 1846 links (removed 0)
2025-03-26 23:59:03,697 - INFO - FOLLOWING SCRAPER: DEBUG: Successfully saved 1846 links to instagram_data/followingLinks.txt
2025-03-26 23:59:03,697 - INFO - FOLLOWING SCRAPER: DEBUG: Processing link #17/46: https://www.instagram.com/yitingzhang/
2025-03-26 23:59:03,697 - INFO - FOLLOWING SCRAPER: DEBUG: Before processing - 1846 links in queue
2025-03-26 23:59:03,697 - INFO - FOLLOWING SCRAPER: DEBUG: Account yitingzhang in progress data with rate_limited=False
2025-03-26 23:59:03,697 - INFO - FOLLOWING SCRAPER: DEBUG: Skipping already processed account: yitingzhang
2025-03-26 23:59:03,697 - INFO - FOLLOWING SCRAPER: DEBUG: Sanitizing and saving 1845 links
2025-03-26 23:59:03,697 - INFO - FOLLOWING SCRAPER: DEBUG: After sanitization: 1845 links (removed 0)
2025-03-26 23:59:03,697 - INFO - FOLLOWING SCRAPER: DEBUG: Successfully saved 1845 links to instagram_data/followingLinks.txt
2025-03-26 23:59:03,697 - INFO - FOLLOWING SCRAPER: DEBUG: Processing link #18/46: https://www.instagram.com/claire.qiu_/
2025-03-26 23:59:03,697 - INFO - FOLLOWING SCRAPER: DEBUG: Before processing - 1845 links in queue
2025-03-26 23:59:03,697 - INFO - FOLLOWING SCRAPER: DEBUG: Account claire.qiu_ in progress data with rate_limited=False
2025-03-26 23:59:03,697 - INFO - FOLLOWING SCRAPER: DEBUG: Skipping already processed account: claire.qiu_
2025-03-26 23:59:03,697 - INFO - FOLLOWING SCRAPER: DEBUG: Sanitizing and saving 1844 links
2025-03-26 23:59:03,698 - INFO - FOLLOWING SCRAPER: DEBUG: After sanitization: 1844 links (removed 0)
2025-03-26 23:59:03,698 - INFO - FOLLOWING SCRAPER: DEBUG: Successfully saved 1844 links to instagram_data/followingLinks.txt
2025-03-26 23:59:03,698 - INFO - FOLLOWING SCRAPER: DEBUG: Processing link #19/46: https://www.instagram.com/jialuu__/
2025-03-26 23:59:03,698 - INFO - FOLLOWING SCRAPER: DEBUG: Before processing - 1844 links in queue
2025-03-26 23:59:03,698 - INFO - FOLLOWING SCRAPER: DEBUG: Account jialuu__ in progress data with rate_limited=False
2025-03-26 23:59:03,698 - INFO - FOLLOWING SCRAPER: DEBUG: Skipping already processed account: jialuu__
2025-03-26 23:59:03,698 - INFO - FOLLOWING SCRAPER: DEBUG: Sanitizing and saving 1843 links
2025-03-26 23:59:03,698 - INFO - FOLLOWING SCRAPER: DEBUG: After sanitization: 1843 links (removed 0)
2025-03-26 23:59:03,698 - INFO - FOLLOWING SCRAPER: DEBUG: Successfully saved 1843 links to instagram_data/followingLinks.txt
2025-03-26 23:59:03,698 - INFO - FOLLOWING SCRAPER: DEBUG: Processing link #20/46: https://www.instagram.com/dawn_rz_/
2025-03-26 23:59:03,698 - INFO - FOLLOWING SCRAPER: DEBUG: Before processing - 1843 links in queue
2025-03-26 23:59:03,698 - INFO - FOLLOWING SCRAPER: DEBUG: Account dawn_rz_ in progress data with rate_limited=False
2025-03-26 23:59:03,698 - INFO - FOLLOWING SCRAPER: DEBUG: Skipping already processed account: dawn_rz_
2025-03-26 23:59:03,698 - INFO - FOLLOWING SCRAPER: DEBUG: Sanitizing and saving 1842 links
2025-03-26 23:59:03,698 - INFO - FOLLOWING SCRAPER: DEBUG: After sanitization: 1842 links (removed 0)
2025-03-26 23:59:03,698 - INFO - FOLLOWING SCRAPER: DEBUG: Successfully saved 1842 links to instagram_data/followingLinks.txt
2025-03-26 23:59:03,698 - INFO - FOLLOWING SCRAPER: DEBUG: Processing link #21/46: https://www.instagram.com/archer222arc/
2025-03-26 23:59:03,698 - INFO - FOLLOWING SCRAPER: DEBUG: Before processing - 1842 links in queue
2025-03-26 23:59:03,698 - INFO - FOLLOWING SCRAPER: DEBUG: Account archer222arc in progress data with rate_limited=False
2025-03-26 23:59:03,698 - INFO - FOLLOWING SCRAPER: DEBUG: Skipping already processed account: archer222arc
2025-03-26 23:59:03,698 - INFO - FOLLOWING SCRAPER: DEBUG: Sanitizing and saving 1841 links
2025-03-26 23:59:03,698 - INFO - FOLLOWING SCRAPER: DEBUG: After sanitization: 1841 links (removed 0)
2025-03-26 23:59:03,698 - INFO - FOLLOWING SCRAPER: DEBUG: Successfully saved 1841 links to instagram_data/followingLinks.txt
2025-03-26 23:59:03,698 - INFO - FOLLOWING SCRAPER: DEBUG: Processing link #22/46: https://www.instagram.com/aaannie_wang/
2025-03-26 23:59:03,698 - INFO - FOLLOWING SCRAPER: DEBUG: Before processing - 1841 links in queue
2025-03-26 23:59:03,698 - INFO - FOLLOWING SCRAPER: DEBUG: Account aaannie_wang in progress data with rate_limited=False
2025-03-26 23:59:08,805 - INFO - FOLLOWING SCRAPER: DEBUG: Skipping already processed account: aaannie_wang
2025-03-26 23:59:08,806 - INFO - FOLLOWING SCRAPER: DEBUG: Sanitizing and saving 1840 links
2025-03-26 23:59:08,806 - INFO - FOLLOWING SCRAPER: DEBUG: After sanitization: 1840 links (removed 0)
2025-03-26 23:59:08,806 - INFO - FOLLOWING SCRAPER: DEBUG: Successfully saved 1840 links to instagram_data/followingLinks.txt
2025-03-26 23:59:08,806 - INFO - FOLLOWING SCRAPER: DEBUG: Processing link #23/46: https://www.instagram.com/ivyyyl_/
2025-03-26 23:59:08,806 - INFO - FOLLOWING SCRAPER: DEBUG: Before processing - 1840 links in queue
2025-03-26 23:59:08,806 - INFO - FOLLOWING SCRAPER: DEBUG: Account ivyyyl_ in progress data with rate_limited=False
2025-03-26 23:59:08,806 - INFO - FOLLOWING SCRAPER: DEBUG: Skipping already processed account: ivyyyl_
2025-03-26 23:59:08,806 - INFO - FOLLOWING SCRAPER: DEBUG: Sanitizing and saving 1839 links
2025-03-26 23:59:08,806 - INFO - FOLLOWING SCRAPER: DEBUG: After sanitization: 1839 links (removed 0)
2025-03-26 23:59:08,806 - INFO - FOLLOWING SCRAPER: DEBUG: Successfully saved 1839 links to instagram_data/followingLinks.txt
2025-03-26 23:59:08,806 - INFO - FOLLOWING SCRAPER: DEBUG: Processing link #24/46: https://www.instagram.com/yezirong/
2025-03-26 23:59:08,806 - INFO - FOLLOWING SCRAPER: DEBUG: Before processing - 1839 links in queue
2025-03-26 23:59:08,806 - INFO - FOLLOWING SCRAPER: DEBUG: Account yezirong in progress data with rate_limited=False
2025-03-26 23:59:08,806 - INFO - FOLLOWING SCRAPER: DEBUG: Skipping already processed account: yezirong
2025-03-26 23:59:08,806 - INFO - FOLLOWING SCRAPER: DEBUG: Sanitizing and saving 1838 links
2025-03-26 23:59:08,806 - INFO - FOLLOWING SCRAPER: DEBUG: After sanitization: 1838 links (removed 0)
2025-03-26 23:59:08,806 - INFO - FOLLOWING SCRAPER: DEBUG: Successfully saved 1838 links to instagram_data/followingLinks.txt
2025-03-26 23:59:08,806 - INFO - FOLLOWING SCRAPER: DEBUG: Processing link #25/46: https://www.instagram.com/hesens05/
2025-03-26 23:59:08,806 - INFO - FOLLOWING SCRAPER: DEBUG: Before processing - 1838 links in queue
2025-03-26 23:59:08,806 - INFO - FOLLOWING SCRAPER: DEBUG: Account hesens05 in progress data with rate_limited=False
2025-03-26 23:59:08,806 - INFO - FOLLOWING SCRAPER: DEBUG: Skipping already processed account: hesens05
2025-03-26 23:59:08,806 - INFO - FOLLOWING SCRAPER: DEBUG: Sanitizing and saving 1837 links
2025-03-26 23:59:08,806 - INFO - FOLLOWING SCRAPER: DEBUG: After sanitization: 1837 links (removed 0)
2025-03-26 23:59:08,806 - INFO - FOLLOWING SCRAPER: DEBUG: Successfully saved 1837 links to instagram_data/followingLinks.txt
2025-03-26 23:59:08,806 - INFO - FOLLOWING SCRAPER: DEBUG: Processing link #26/46: https://www.instagram.com/angelakkk_/
2025-03-26 23:59:08,806 - INFO - FOLLOWING SCRAPER: DEBUG: Before processing - 1837 links in queue
2025-03-26 23:59:08,806 - INFO - FOLLOWING SCRAPER: DEBUG: Account angelakkk_ in progress data with rate_limited=False
2025-03-26 23:59:08,806 - INFO - FOLLOWING SCRAPER: DEBUG: Skipping already processed account: angelakkk_
2025-03-26 23:59:08,806 - INFO - FOLLOWING SCRAPER: DEBUG: Sanitizing and saving 1836 links
2025-03-26 23:59:08,806 - INFO - FOLLOWING SCRAPER: DEBUG: After sanitization: 1836 links (removed 0)
2025-03-26 23:59:08,806 - INFO - FOLLOWING SCRAPER: DEBUG: Successfully saved 1836 links to instagram_data/followingLinks.txt
2025-03-26 23:59:08,806 - INFO - FOLLOWING SCRAPER: DEBUG: Processing link #27/46: https://www.instagram.com/as_cool_as_cucumber_amber/
2025-03-26 23:59:08,807 - INFO - FOLLOWING SCRAPER: DEBUG: Before processing - 1836 links in queue
2025-03-26 23:59:08,807 - INFO - FOLLOWING SCRAPER: DEBUG: Account as_cool_as_cucumber_amber in progress data with rate_limited=False
2025-03-26 23:59:08,807 - INFO - FOLLOWING SCRAPER: DEBUG: Skipping already processed account: as_cool_as_cucumber_amber
2025-03-26 23:59:08,807 - INFO - FOLLOWING SCRAPER: DEBUG: Sanitizing and saving 1835 links
2025-03-26 23:59:08,807 - INFO - FOLLOWING SCRAPER: DEBUG: After sanitization: 1835 links (removed 0)
2025-03-26 23:59:08,807 - INFO - FOLLOWING SCRAPER: DEBUG: Successfully saved 1835 links to instagram_data/followingLinks.txt
2025-03-26 23:59:08,807 - INFO - FOLLOWING SCRAPER: DEBUG: Processing link #28/46: https://www.instagram.com/schuwii_z/
2025-03-26 23:59:08,807 - INFO - FOLLOWING SCRAPER: DEBUG: Before processing - 1835 links in queue
2025-03-26 23:59:08,807 - INFO - FOLLOWING SCRAPER: DEBUG: Account schuwii_z in progress data with rate_limited=False
2025-03-26 23:59:08,807 - INFO - FOLLOWING SCRAPER: DEBUG: Skipping already processed account: schuwii_z
2025-03-26 23:59:08,807 - INFO - FOLLOWING SCRAPER: DEBUG: Sanitizing and saving 1834 links
2025-03-26 23:59:08,807 - INFO - FOLLOWING SCRAPER: DEBUG: After sanitization: 1834 links (removed 0)
2025-03-26 23:59:08,807 - INFO - FOLLOWING SCRAPER: DEBUG: Successfully saved 1834 links to instagram_data/followingLinks.txt
2025-03-26 23:59:08,807 - INFO - FOLLOWING SCRAPER: DEBUG: Processing link #29/46: https://www.instagram.com/khriswu8/
2025-03-26 23:59:08,807 - INFO - FOLLOWING SCRAPER: DEBUG: Before processing - 1834 links in queue
2025-03-26 23:59:08,807 - INFO - FOLLOWING SCRAPER: DEBUG: Account khriswu8 in progress data with rate_limited=False
2025-03-26 23:59:08,807 - INFO - FOLLOWING SCRAPER: DEBUG: Skipping already processed account: khriswu8
2025-03-26 23:59:08,807 - INFO - FOLLOWING SCRAPER: DEBUG: Sanitizing and saving 1833 links
2025-03-26 23:59:08,807 - INFO - FOLLOWING SCRAPER: DEBUG: After sanitization: 1833 links (removed 0)
2025-03-26 23:59:08,807 - INFO - FOLLOWING SCRAPER: DEBUG: Successfully saved 1833 links to instagram_data/followingLinks.txt
2025-03-26 23:59:08,807 - INFO - FOLLOWING SCRAPER: DEBUG: Processing link #30/46: https://www.instagram.com/karena88888/
2025-03-26 23:59:08,807 - INFO - FOLLOWING SCRAPER: DEBUG: Before processing - 1833 links in queue
2025-03-26 23:59:08,807 - INFO - FOLLOWING SCRAPER: DEBUG: Account karena88888 in progress data with rate_limited=False
2025-03-26 23:59:08,807 - INFO - FOLLOWING SCRAPER: DEBUG: Skipping already processed account: karena88888
2025-03-26 23:59:08,807 - INFO - FOLLOWING SCRAPER: DEBUG: Sanitizing and saving 1832 links
2025-03-26 23:59:08,807 - INFO - FOLLOWING SCRAPER: DEBUG: After sanitization: 1832 links (removed 0)
2025-03-26 23:59:08,807 - INFO - FOLLOWING SCRAPER: DEBUG: Successfully saved 1832 links to instagram_data/followingLinks.txt
2025-03-26 23:59:08,807 - INFO - FOLLOWING SCRAPER: DEBUG: Processing link #31/46: https://www.instagram.com/donsonn/
2025-03-26 23:59:08,807 - INFO - FOLLOWING SCRAPER: DEBUG: Before processing - 1832 links in queue
2025-03-26 23:59:08,807 - INFO - FOLLOWING SCRAPER: DEBUG: Account donsonn in progress data with rate_limited=False
2025-03-26 23:59:08,807 - INFO - FOLLOWING SCRAPER: DEBUG: Skipping already processed account: donsonn
2025-03-26 23:59:08,807 - INFO - FOLLOWING SCRAPER: DEBUG: Sanitizing and saving 1831 links
2025-03-26 23:59:08,807 - INFO - FOLLOWING SCRAPER: DEBUG: After sanitization: 1831 links (removed 0)
2025-03-26 23:59:08,807 - INFO - FOLLOWING SCRAPER: DEBUG: Successfully saved 1831 links to instagram_data/followingLinks.txt
2025-03-26 23:59:08,807 - INFO - FOLLOWING SCRAPER: DEBUG: Processing link #32/46: https://www.instagram.com/chenggao1999/
2025-03-26 23:59:08,807 - INFO - FOLLOWING SCRAPER: DEBUG: Before processing - 1831 links in queue
2025-03-26 23:59:08,807 - INFO - FOLLOWING SCRAPER: DEBUG: Account chenggao1999 in progress data with rate_limited=False
2025-03-26 23:59:08,807 - INFO - FOLLOWING SCRAPER: DEBUG: Skipping already processed account: chenggao1999
2025-03-26 23:59:08,807 - INFO - FOLLOWING SCRAPER: DEBUG: Sanitizing and saving 1830 links
2025-03-26 23:59:08,807 - INFO - FOLLOWING SCRAPER: DEBUG: After sanitization: 1830 links (removed 0)
2025-03-26 23:59:08,807 - INFO - FOLLOWING SCRAPER: DEBUG: Successfully saved 1830 links to instagram_data/followingLinks.txt
2025-03-26 23:59:08,808 - INFO - FOLLOWING SCRAPER: DEBUG: Processing link #33/46: https://www.instagram.com/whitehouse/
2025-03-26 23:59:08,808 - INFO - FOLLOWING SCRAPER: DEBUG: Before processing - 1830 links in queue
2025-03-26 23:59:08,808 - INFO - FOLLOWING SCRAPER: DEBUG: Account whitehouse in progress data with rate_limited=False
2025-03-26 23:59:08,808 - INFO - FOLLOWING SCRAPER: DEBUG: Skipping already processed account: whitehouse
2025-03-26 23:59:08,808 - INFO - FOLLOWING SCRAPER: DEBUG: Sanitizing and saving 1829 links
2025-03-26 23:59:08,808 - INFO - FOLLOWING SCRAPER: DEBUG: After sanitization: 1829 links (removed 0)
2025-03-26 23:59:08,808 - INFO - FOLLOWING SCRAPER: DEBUG: Successfully saved 1829 links to instagram_data/followingLinks.txt
2025-03-26 23:59:08,808 - INFO - FOLLOWING SCRAPER: DEBUG: Processing link #34/46: https://www.instagram.com/the_sstan/
2025-03-26 23:59:08,808 - INFO - FOLLOWING SCRAPER: DEBUG: Before processing - 1829 links in queue
2025-03-26 23:59:08,808 - INFO - FOLLOWING SCRAPER: DEBUG: Account the_sstan in progress data with rate_limited=False
2025-03-26 23:59:08,808 - INFO - FOLLOWING SCRAPER: DEBUG: Skipping already processed account: the_sstan
2025-03-26 23:59:08,808 - INFO - FOLLOWING SCRAPER: DEBUG: Sanitizing and saving 1828 links
2025-03-26 23:59:08,808 - INFO - FOLLOWING SCRAPER: DEBUG: After sanitization: 1828 links (removed 0)
2025-03-26 23:59:08,808 - INFO - FOLLOWING SCRAPER: DEBUG: Successfully saved 1828 links to instagram_data/followingLinks.txt
2025-03-26 23:59:08,808 - INFO - FOLLOWING SCRAPER: DEBUG: Processing link #35/46: https://www.instagram.com/jeanne_andreaa/
2025-03-26 23:59:08,808 - INFO - FOLLOWING SCRAPER: DEBUG: Before processing - 1828 links in queue
2025-03-26 23:59:08,808 - INFO - FOLLOWING SCRAPER: DEBUG: Account jeanne_andreaa in progress data with rate_limited=False
2025-03-26 23:59:08,808 - INFO - FOLLOWING SCRAPER: DEBUG: Skipping already processed account: jeanne_andreaa
2025-03-26 23:59:08,808 - INFO - FOLLOWING SCRAPER: DEBUG: Sanitizing and saving 1827 links
2025-03-26 23:59:08,808 - INFO - FOLLOWING SCRAPER: DEBUG: After sanitization: 1827 links (removed 0)
2025-03-26 23:59:08,808 - INFO - FOLLOWING SCRAPER: DEBUG: Successfully saved 1827 links to instagram_data/followingLinks.txt
2025-03-26 23:59:08,808 - INFO - FOLLOWING SCRAPER: DEBUG: Processing link #36/46: https://www.instagram.com/xuleqi926/
2025-03-26 23:59:08,808 - INFO - FOLLOWING SCRAPER: DEBUG: Before processing - 1827 links in queue
2025-03-26 23:59:08,808 - INFO - FOLLOWING SCRAPER: DEBUG: Account xuleqi926 in progress data with rate_limited=False
2025-03-26 23:59:08,808 - INFO - FOLLOWING SCRAPER: DEBUG: Skipping already processed account: xuleqi926
2025-03-26 23:59:08,808 - INFO - FOLLOWING SCRAPER: DEBUG: Sanitizing and saving 1826 links
2025-03-26 23:59:08,808 - INFO - FOLLOWING SCRAPER: DEBUG: After sanitization: 1826 links (removed 0)
2025-03-26 23:59:08,808 - INFO - FOLLOWING SCRAPER: DEBUG: Successfully saved 1826 links to instagram_data/followingLinks.txt
2025-03-26 23:59:08,808 - INFO - FOLLOWING SCRAPER: DEBUG: Processing link #37/46: https://www.instagram.com/electronicartsintermix/
2025-03-26 23:59:08,808 - INFO - FOLLOWING SCRAPER: DEBUG: Before processing - 1826 links in queue
2025-03-26 23:59:08,808 - INFO - FOLLOWING SCRAPER: DEBUG: Account electronicartsintermix in progress data with rate_limited=False
2025-03-26 23:59:08,808 - INFO - FOLLOWING SCRAPER: DEBUG: Skipping already processed account: electronicartsintermix
2025-03-26 23:59:08,808 - INFO - FOLLOWING SCRAPER: DEBUG: Sanitizing and saving 1825 links
2025-03-26 23:59:08,808 - INFO - FOLLOWING SCRAPER: DEBUG: After sanitization: 1825 links (removed 0)
2025-03-26 23:59:08,808 - INFO - FOLLOWING SCRAPER: DEBUG: Successfully saved 1825 links to instagram_data/followingLinks.txt
2025-03-26 23:59:08,808 - INFO - FOLLOWING SCRAPER: DEBUG: Processing link #38/46: https://www.instagram.com/parissfch/
2025-03-26 23:59:08,808 - INFO - FOLLOWING SCRAPER: DEBUG: Before processing - 1825 links in queue
2025-03-26 23:59:08,808 - INFO - FOLLOWING SCRAPER: DEBUG: Account parissfch in progress data with rate_limited=False
2025-03-26 23:59:08,808 - INFO - FOLLOWING SCRAPER: DEBUG: Skipping already processed account: parissfch
2025-03-26 23:59:08,808 - INFO - FOLLOWING SCRAPER: DEBUG: Sanitizing and saving 1824 links
2025-03-26 23:59:08,808 - INFO - FOLLOWING SCRAPER: DEBUG: After sanitization: 1824 links (removed 0)
2025-03-26 23:59:08,809 - INFO - FOLLOWING SCRAPER: DEBUG: Successfully saved 1824 links to instagram_data/followingLinks.txt
2025-03-26 23:59:08,809 - INFO - FOLLOWING SCRAPER: DEBUG: Processing link #39/46: https://www.instagram.com/nytimestravel/
2025-03-26 23:59:08,809 - INFO - FOLLOWING SCRAPER: DEBUG: Before processing - 1824 links in queue
2025-03-26 23:59:08,809 - INFO - FOLLOWING SCRAPER: DEBUG: Account nytimestravel in progress data with rate_limited=False
2025-03-26 23:59:08,809 - INFO - FOLLOWING SCRAPER: DEBUG: Skipping already processed account: nytimestravel
2025-03-26 23:59:08,809 - INFO - FOLLOWING SCRAPER: DEBUG: Sanitizing and saving 1823 links
2025-03-26 23:59:08,809 - INFO - FOLLOWING SCRAPER: DEBUG: After sanitization: 1823 links (removed 0)
2025-03-26 23:59:08,809 - INFO - FOLLOWING SCRAPER: DEBUG: Successfully saved 1823 links to instagram_data/followingLinks.txt
2025-03-26 23:59:08,809 - INFO - FOLLOWING SCRAPER: DEBUG: Processing link #40/46: https://www.instagram.com/nytimes/
2025-03-26 23:59:08,809 - INFO - FOLLOWING SCRAPER: DEBUG: Before processing - 1823 links in queue
2025-03-26 23:59:08,809 - INFO - FOLLOWING SCRAPER: DEBUG: Account nytimes in progress data with rate_limited=False
2025-03-26 23:59:08,809 - INFO - FOLLOWING SCRAPER: DEBUG: Skipping already processed account: nytimes
2025-03-26 23:59:08,809 - INFO - FOLLOWING SCRAPER: DEBUG: Sanitizing and saving 1822 links
2025-03-26 23:59:08,809 - INFO - FOLLOWING SCRAPER: DEBUG: After sanitization: 1822 links (removed 0)
2025-03-26 23:59:08,809 - INFO - FOLLOWING SCRAPER: DEBUG: Successfully saved 1822 links to instagram_data/followingLinks.txt
2025-03-26 23:59:08,809 - INFO - FOLLOWING SCRAPER: DEBUG: Processing link #41/46: https://www.instagram.com/milanrecords/
2025-03-26 23:59:08,809 - INFO - FOLLOWING SCRAPER: DEBUG: Before processing - 1822 links in queue
2025-03-26 23:59:08,809 - INFO - FOLLOWING SCRAPER: DEBUG: Account milanrecords in progress data with rate_limited=False
2025-03-26 23:59:08,809 - INFO - FOLLOWING SCRAPER: Processing: https://www.instagram.com/milanrecords/
2025-03-26 23:59:08,809 - INFO - FOLLOWING SCRAPER: Account milanrecords already fully processed. Skipping.
2025-03-26 23:59:08,809 - INFO - FOLLOWING SCRAPER: DEBUG: Removing link from queue: https://www.instagram.com/milanrecords/
2025-03-26 23:59:08,809 - INFO - FOLLOWING SCRAPER: DEBUG: Link removed. Queue size now: 1821
2025-03-26 23:59:08,809 - INFO - FOLLOWING SCRAPER: DEBUG: Sanitizing and saving 1821 links
2025-03-26 23:59:08,809 - INFO - FOLLOWING SCRAPER: DEBUG: After sanitization: 1821 links (removed 0)
2025-03-26 23:59:08,810 - INFO - FOLLOWING SCRAPER: DEBUG: Successfully saved 1821 links to instagram_data/followingLinks.txt
2025-03-26 23:59:08,810 - INFO - FOLLOWING SCRAPER: DEBUG: Links saved
2025-03-26 23:59:08,810 - INFO - FOLLOWING SCRAPER: Added 0 new relationships to adjacency list (total: 25009)
2025-03-26 23:59:08,810 - INFO - FOLLOWING SCRAPER: Completed 15/46 accounts. 1821 remaining in queue.
2025-03-26 23:59:08,810 - INFO - FOLLOWING SCRAPER: Waiting 5 seconds before next account...
2025-03-26 23:59:08,810 - INFO - FOLLOWING SCRAPER: DEBUG: Processing link #42/46: https://www.instagram.com/a24/
2025-03-26 23:59:08,810 - INFO - FOLLOWING SCRAPER: DEBUG: Before processing - 1821 links in queue
2025-03-26 23:59:08,810 - INFO - FOLLOWING SCRAPER: DEBUG: Account a24 in progress data with rate_limited=False
2025-03-26 23:59:08,810 - INFO - FOLLOWING SCRAPER: DEBUG: Skipping already processed account: a24
2025-03-26 23:59:08,810 - INFO - FOLLOWING SCRAPER: DEBUG: Sanitizing and saving 1820 links
2025-03-26 23:59:08,810 - INFO - FOLLOWING SCRAPER: DEBUG: After sanitization: 1820 links (removed 0)
2025-03-26 23:59:08,810 - INFO - FOLLOWING SCRAPER: DEBUG: Successfully saved 1820 links to instagram_data/followingLinks.txt
2025-03-26 23:59:08,810 - INFO - FOLLOWING SCRAPER: DEBUG: Processing link #43/46: https://www.instagram.com/classaholic/
2025-03-26 23:59:08,810 - INFO - FOLLOWING SCRAPER: DEBUG: Before processing - 1820 links in queue
2025-03-26 23:59:08,810 - INFO - FOLLOWING SCRAPER: DEBUG: Account classaholic in progress data with rate_limited=False
2025-03-26 23:59:08,810 - INFO - FOLLOWING SCRAPER: DEBUG: Skipping already processed account: classaholic
2025-03-26 23:59:08,810 - INFO - FOLLOWING SCRAPER: DEBUG: Sanitizing and saving 1819 links
2025-03-26 23:59:08,810 - INFO - FOLLOWING SCRAPER: DEBUG: After sanitization: 1819 links (removed 0)
2025-03-26 23:59:08,810 - INFO - FOLLOWING SCRAPER: DEBUG: Successfully saved 1819 links to instagram_data/followingLinks.txt
2025-03-26 23:59:08,810 - INFO - FOLLOWING SCRAPER: DEBUG: Processing link #44/46: https://www.instagram.com/linda_linked/
2025-03-26 23:59:08,810 - INFO - FOLLOWING SCRAPER: DEBUG: Before processing - 1819 links in queue
2025-03-26 23:59:08,810 - INFO - FOLLOWING SCRAPER: DEBUG: Account linda_linked in progress data with rate_limited=False
2025-03-26 23:59:08,810 - INFO - FOLLOWING SCRAPER: DEBUG: Skipping already processed account: linda_linked
2025-03-26 23:59:08,810 - INFO - FOLLOWING SCRAPER: DEBUG: Sanitizing and saving 1818 links
2025-03-26 23:59:08,810 - INFO - FOLLOWING SCRAPER: DEBUG: After sanitization: 1818 links (removed 0)
2025-03-26 23:59:08,810 - INFO - FOLLOWING SCRAPER: DEBUG: Successfully saved 1818 links to instagram_data/followingLinks.txt
2025-03-26 23:59:08,810 - INFO - FOLLOWING SCRAPER: DEBUG: Processing link #45/46: https://www.instagram.com/ysl/
2025-03-26 23:59:08,810 - INFO - FOLLOWING SCRAPER: DEBUG: Before processing - 1818 links in queue
2025-03-26 23:59:08,810 - INFO - FOLLOWING SCRAPER: DEBUG: Account ysl in progress data with rate_limited=False
2025-03-26 23:59:08,810 - INFO - FOLLOWING SCRAPER: DEBUG: Skipping already processed account: ysl
2025-03-26 23:59:08,810 - INFO - FOLLOWING SCRAPER: DEBUG: Sanitizing and saving 1817 links
2025-03-26 23:59:08,810 - INFO - FOLLOWING SCRAPER: DEBUG: After sanitization: 1817 links (removed 0)
2025-03-26 23:59:08,810 - INFO - FOLLOWING SCRAPER: DEBUG: Successfully saved 1817 links to instagram_data/followingLinks.txt
2025-03-26 23:59:08,810 - INFO - FOLLOWING SCRAPER: DEBUG: Processing link #46/46: https://www.instagram.com/jane_chen1221/
2025-03-26 23:59:08,810 - INFO - FOLLOWING SCRAPER: DEBUG: Before processing - 1817 links in queue
2025-03-26 23:59:08,810 - INFO - FOLLOWING SCRAPER: DEBUG: Account jane_chen1221 in progress data with rate_limited=False
2025-03-26 23:59:08,810 - INFO - FOLLOWING SCRAPER: DEBUG: Skipping already processed account: jane_chen1221
2025-03-26 23:59:08,810 - INFO - FOLLOWING SCRAPER: DEBUG: Sanitizing and saving 1816 links
2025-03-26 23:59:08,811 - INFO - FOLLOWING SCRAPER: DEBUG: After sanitization: 1816 links (removed 0)
2025-03-26 23:59:08,811 - INFO - FOLLOWING SCRAPER: DEBUG: Successfully saved 1816 links to instagram_data/followingLinks.txt
2025-03-26 23:59:08,811 - INFO - FOLLOWING SCRAPER: Batch complete! Processed 15 accounts (0 were rate-limited and will be retried later).
2025-03-26 23:59:08,811 - INFO - FOLLOWING SCRAPER: 1816 links remaining for future sessions.
2025-03-26 23:59:08,811 - INFO - FOLLOWING SCRAPER: Browser closed. Script complete.
2025-03-26 23:59:09,034 - INFO - DEBUG: After processing - 1816 accounts in queue (removed 46)
2025-03-26 23:59:09,034 - INFO - DEBUG: Checking for duplicates after processing
2025-03-26 23:59:09,038 - INFO - No duplicate links found in instagram_data/followingLinks.txt
2025-03-26 23:59:09,093 - INFO - remove_processed_links function is disabled to allow re-scraping of potential rate-limited accounts
2025-03-26 23:59:09,093 - INFO - Following accounts scraping session completed with result: True
2025-03-26 23:59:09,094 - INFO - Sessions completed. Waiting 0 hours and 20 minutes before next sessions...
2025-03-27 09:08:18,450 - INFO - Current counts in status file - Followers: 881, Following: 1868
2025-03-27 09:08:18,453 - INFO - Current counts in status file - Followers: 881, Following: 1868
2025-03-27 09:08:18,456 - INFO - Set today's natural break window to 16:00-18:00
2025-03-27 09:08:18,459 - INFO - Saved data to instagram_data/auto_scrape_status.json
2025-03-27 09:08:18,460 - INFO - Saved data to instagram_data/auto_scrape_status.json
2025-03-27 09:08:18,460 - INFO - Starting new scraping session
2025-03-27 09:08:18,462 - INFO - Current counts in status file - Followers: 881, Following: 1868
2025-03-27 09:08:18,462 - INFO - Need to collect more following accounts: 1862/1868
2025-03-27 09:08:18,462 - INFO - Need to collect more followers: 879/881
2025-03-27 09:08:18,462 - INFO - Using 5 max pages for this session
2025-03-27 09:08:52,206 - INFO - SCRAPER: Logged in using button: //button[contains(.,'Log in')]
2025-03-27 09:08:52,206 - INFO - SCRAPER: Logged in successfully!
2025-03-27 09:08:52,206 - INFO - SCRAPER: Logged in as fretin98
2025-03-27 09:08:52,206 - INFO - SCRAPER: Resuming previous session...
2025-03-27 09:08:52,206 - INFO - SCRAPER: Loaded 879 followers and 1862 following from previous session
2025-03-27 09:08:52,207 - INFO - SCRAPER: Profile Stats: {'followers': 881, 'following': 1868, 'posts': 241}
2025-03-27 09:08:52,207 - INFO - Found profile stats line
2025-03-27 09:08:52,207 - INFO - SCRAPER: Followers: 881, Following: 1868
2025-03-27 09:08:52,207 - INFO - Extracted total followers: 881
2025-03-27 09:08:52,207 - INFO - Extracted total following: 1868
2025-03-27 09:08:52,207 - INFO - SCRAPER: Scraping followers...
2025-03-27 09:08:52,207 - INFO - SCRAPER: Already collected 879/881 followers (≥95%). Skipping followers scraping.
2025-03-27 09:08:52,207 - INFO - SCRAPER: Scraping following...
2025-03-27 09:08:52,207 - INFO - SCRAPER: Already collected 1862/1868 following accounts (≥95%). Skipping following scraping.
2025-03-27 09:08:52,207 - INFO - SCRAPER: Getting links to following accounts...
2025-03-27 09:08:52,207 - INFO - SCRAPER: Created 1862 following links from usernames
2025-03-27 09:08:52,207 - INFO - SCRAPER: Updated following links file: instagram_data/followingLinks.txt
2025-03-27 09:08:52,207 - INFO - SCRAPER: Updated adjacency list file: instagram_data/adjList.txt
2025-03-27 09:08:52,207 - INFO - SCRAPER: Added 0 new relationships (total: 25009)
2025-03-27 09:08:52,207 - INFO - SCRAPER: Retrieved 1862 following links
2025-03-27 09:08:52,207 - INFO - SCRAPER: Session completed successfully!
2025-03-27 09:08:52,207 - INFO - SCRAPER: Browser closed.
2025-03-27 09:08:52,278 - INFO - Updating status with dynamic counts - Followers: 881, Following: 1868
2025-03-27 09:08:52,279 - INFO - Saved data to instagram_data/auto_scrape_status.json
2025-03-27 09:08:52,279 - INFO - Now running a session to scrape following accounts network data...
2025-03-27 09:08:52,279 - INFO - Starting following accounts scraping session
2025-03-27 09:08:52,279 - INFO - remove_processed_links function is disabled to allow re-scraping of potential rate-limited accounts
2025-03-27 09:08:52,279 - INFO - DEBUG: Checking for duplicates before processing
2025-03-27 09:08:52,280 - INFO - No duplicate links found in instagram_data/followingLinks.txt
2025-03-27 09:08:52,280 - INFO - DEBUG: Before processing - 1862 accounts in queue
2025-03-27 09:08:52,284 - INFO - Using random batch size of 47 accounts for this session
2025-03-27 09:11:46,181 - INFO - FOLLOWING SCRAPER: DEBUG MODE ENABLED
2025-03-27 09:11:46,183 - INFO - FOLLOWING SCRAPER: Loaded scraping progress: 1472 accounts processed
2025-03-27 09:11:46,183 - INFO - FOLLOWING SCRAPER: Will process 47 accounts in this session
2025-03-27 09:11:46,183 - INFO - FOLLOWING SCRAPER: Logged in using button: //button[contains(.,'Log in')]
2025-03-27 09:11:46,183 - INFO - FOLLOWING SCRAPER: Logged in successfully!
2025-03-27 09:11:46,183 - INFO - FOLLOWING SCRAPER: Rate limit statistics: 1 accounts marked as rate-limited
2025-03-27 09:11:46,183 - INFO - FOLLOWING SCRAPER: Examples of rate-limited accounts: ['benton.down']
2025-03-27 09:11:46,183 - INFO - FOLLOWING SCRAPER: Loaded 1862 links from instagram_data/followingLinks.txt
2025-03-27 09:11:46,183 - INFO - FOLLOWING SCRAPER: Loaded adjacency list from instagram_data/adjList.txt
2025-03-27 09:11:46,183 - INFO - FOLLOWING SCRAPER: Deduplicating adjacency list...
2025-03-27 09:11:46,183 - INFO - FOLLOWING SCRAPER: No duplicates found in adjList.txt
2025-03-27 09:11:46,183 - INFO - FOLLOWING SCRAPER: DEBUG: Found 6149 already processed accounts in adjList.txt
2025-03-27 09:11:46,183 - INFO - FOLLOWING SCRAPER: Found 6149 accounts that have already been processed
2025-03-27 09:11:46,183 - INFO - FOLLOWING SCRAPER: Starting batch processing of 47 accounts
2025-03-27 09:11:46,183 - INFO - FOLLOWING SCRAPER: Pre-checking accounts to prioritize ones with reasonable follower/following counts...
2025-03-27 09:11:46,183 - INFO - FOLLOWING SCRAPER: ✓ shuheisakaue: Good candidate with 18 followers, 895 following
2025-03-27 09:11:46,183 - INFO - FOLLOWING SCRAPER: ✓ catsoupai: Good candidate with 189 followers, 189 following
2025-03-27 09:11:46,183 - INFO - FOLLOWING SCRAPER: ✓ soloslop.memes: Good candidate with 70 followers, 67 following
2025-03-27 09:11:46,184 - INFO - FOLLOWING SCRAPER: ✓ phillipsauction: Good candidate with 428 followers, 434 following
2025-03-27 09:11:46,184 - INFO - FOLLOWING SCRAPER: ✓ filmmovement: Good candidate with 12 followers, 708 following
2025-03-27 09:11:46,184 - INFO - FOLLOWING SCRAPER: ✗ rubahitam_: Too many connections (48 followers, 1153 following)
2025-03-27 09:11:46,184 - INFO - FOLLOWING SCRAPER: ✗ chinatown_cowboy.mp4: Too many connections (2383 followers, 0 following)
2025-03-27 09:11:46,184 - INFO - FOLLOWING SCRAPER: ✓ asian_redbozicowboy: Good candidate with 29 followers, 250 following
2025-03-27 09:11:46,184 - INFO - FOLLOWING SCRAPER: ✓ ccpxi_8964: Good candidate with 10 followers, 97 following
2025-03-27 09:11:46,184 - INFO - FOLLOWING SCRAPER: ✓ ngr.ev: Good candidate with 114 followers, 188 following
2025-03-27 09:11:46,184 - INFO - FOLLOWING SCRAPER: ✓ cinema_nighttt: Good candidate with 401 followers, 15 following
2025-03-27 09:11:46,184 - INFO - FOLLOWING SCRAPER: ✓ thedizzyviper: Good candidate with 179 followers, 902 following
2025-03-27 09:11:46,184 - INFO - FOLLOWING SCRAPER: ✗ arabbitsfoot: Too many connections (63 followers, 1570 following)
2025-03-27 09:11:46,184 - INFO - FOLLOWING SCRAPER: ✓ laclefrevival: Good candidate with 23 followers, 503 following
2025-03-27 09:11:46,184 - INFO - FOLLOWING SCRAPER: ✓ byboyfantasy: Good candidate with 83 followers, 609 following
2025-03-27 09:11:46,184 - INFO - FOLLOWING SCRAPER: ✓ manofdutch: Good candidate with 29 followers, 55 following
2025-03-27 09:11:46,184 - INFO - FOLLOWING SCRAPER: ✗ fernandosev7n: Too many connections (235 followers, 1534 following)
2025-03-27 09:11:46,184 - INFO - FOLLOWING SCRAPER: ✓ thefineartcollective: Good candidate with 673 followers, 919 following
2025-03-27 09:11:46,184 - INFO - FOLLOWING SCRAPER: ✗ xidan_zhang: Too many connections (2743 followers, 901 following)
2025-03-27 09:11:46,184 - INFO - FOLLOWING SCRAPER: ✗ zihaosong: Too many connections (10 followers, 2448 following)
2025-03-27 09:11:46,184 - INFO - FOLLOWING SCRAPER: ✗ young.brando: Too many connections (17 followers, 2455 following)
2025-03-27 09:11:46,184 - INFO - FOLLOWING SCRAPER: ✗ gentleman.gasmask: Too many connections (364 followers, 1661 following)
2025-03-27 09:11:46,184 - INFO - FOLLOWING SCRAPER: ✗ yuukakazami0: Too many connections (1343 followers, 519 following)
2025-03-27 09:11:46,184 - INFO - FOLLOWING SCRAPER: ✗ cucny: Too many connections (2783 followers, 38 following)
2025-03-27 09:11:46,184 - INFO - FOLLOWING SCRAPER: ✗ thepennclub: Too many connections (4056 followers, 632 following)
2025-03-27 09:11:46,184 - INFO - FOLLOWING SCRAPER: ✗ lsmartfund: Too many connections (4169 followers, 586 following)
2025-03-27 09:11:46,184 - INFO - FOLLOWING SCRAPER: ✗ perpetual.passion: Too many connections (38 followers, 2352 following)
2025-03-27 09:11:46,185 - INFO - FOLLOWING SCRAPER: Found 14 accounts with reasonable follower/following counts
2025-03-27 09:11:46,185 - INFO - FOLLOWING SCRAPER: DEBUG: Sanitizing and saving 1862 links
2025-03-27 09:11:46,185 - INFO - FOLLOWING SCRAPER: DEBUG: After sanitization: 1862 links (removed 0)
2025-03-27 09:11:46,185 - INFO - FOLLOWING SCRAPER: DEBUG: Successfully saved 1862 links to instagram_data/followingLinks.txt
2025-03-27 09:11:46,185 - INFO - FOLLOWING SCRAPER: Links reordered to prioritize accounts with reasonable follower/following counts
2025-03-27 09:11:46,185 - INFO - FOLLOWING SCRAPER: DEBUG: Processing link #1/47: https://www.instagram.com/shuheisakaue/
2025-03-27 09:11:46,185 - INFO - FOLLOWING SCRAPER: DEBUG: Before processing - 1862 links in queue
2025-03-27 09:11:46,185 - INFO - FOLLOWING SCRAPER: DEBUG: Account shuheisakaue in progress data with rate_limited=False
2025-03-27 09:11:46,185 - INFO - FOLLOWING SCRAPER: Processing: https://www.instagram.com/shuheisakaue/
2025-03-27 09:11:46,185 - INFO - FOLLOWING SCRAPER: Account shuheisakaue already fully processed. Skipping.
2025-03-27 09:11:46,185 - INFO - FOLLOWING SCRAPER: DEBUG: Removing link from queue: https://www.instagram.com/shuheisakaue/
2025-03-27 09:11:46,185 - INFO - FOLLOWING SCRAPER: DEBUG: Link removed. Queue size now: 1861
2025-03-27 09:11:46,185 - INFO - FOLLOWING SCRAPER: DEBUG: Sanitizing and saving 1861 links
2025-03-27 09:11:46,185 - INFO - FOLLOWING SCRAPER: DEBUG: After sanitization: 1861 links (removed 0)
2025-03-27 09:11:46,185 - INFO - FOLLOWING SCRAPER: DEBUG: Successfully saved 1861 links to instagram_data/followingLinks.txt
2025-03-27 09:11:46,185 - INFO - FOLLOWING SCRAPER: DEBUG: Links saved
2025-03-27 09:11:46,185 - INFO - FOLLOWING SCRAPER: Added 1 new relationships to adjacency list (total: 25010)
2025-03-27 09:11:46,185 - INFO - FOLLOWING SCRAPER: Completed 1/47 accounts. 1861 remaining in queue.
2025-03-27 09:11:46,185 - INFO - FOLLOWING SCRAPER: Waiting 5 seconds before next account...
2025-03-27 09:11:46,185 - INFO - FOLLOWING SCRAPER: DEBUG: Processing link #2/47: https://www.instagram.com/catsoupai/
2025-03-27 09:11:46,185 - INFO - FOLLOWING SCRAPER: DEBUG: Before processing - 1861 links in queue
2025-03-27 09:11:46,185 - INFO - FOLLOWING SCRAPER: DEBUG: Account catsoupai in progress data with rate_limited=False
2025-03-27 09:11:46,185 - INFO - FOLLOWING SCRAPER: Processing: https://www.instagram.com/catsoupai/
2025-03-27 09:11:46,185 - INFO - FOLLOWING SCRAPER: Account catsoupai already fully processed. Skipping.
2025-03-27 09:11:46,185 - INFO - FOLLOWING SCRAPER: DEBUG: Removing link from queue: https://www.instagram.com/catsoupai/
2025-03-27 09:11:46,185 - INFO - FOLLOWING SCRAPER: DEBUG: Link removed. Queue size now: 1860
2025-03-27 09:11:46,185 - INFO - FOLLOWING SCRAPER: DEBUG: Sanitizing and saving 1860 links
2025-03-27 09:11:46,185 - INFO - FOLLOWING SCRAPER: DEBUG: After sanitization: 1860 links (removed 0)
2025-03-27 09:11:46,185 - INFO - FOLLOWING SCRAPER: DEBUG: Successfully saved 1860 links to instagram_data/followingLinks.txt
2025-03-27 09:11:46,185 - INFO - FOLLOWING SCRAPER: DEBUG: Links saved
2025-03-27 09:11:46,185 - INFO - FOLLOWING SCRAPER: Added 0 new relationships to adjacency list (total: 25010)
2025-03-27 09:11:46,185 - INFO - FOLLOWING SCRAPER: Completed 2/47 accounts. 1860 remaining in queue.
2025-03-27 09:11:46,185 - INFO - FOLLOWING SCRAPER: Waiting 5 seconds before next account...
2025-03-27 09:11:46,185 - INFO - FOLLOWING SCRAPER: DEBUG: Processing link #3/47: https://www.instagram.com/soloslop.memes/
2025-03-27 09:11:46,186 - INFO - FOLLOWING SCRAPER: DEBUG: Before processing - 1860 links in queue
2025-03-27 09:11:46,186 - INFO - FOLLOWING SCRAPER: DEBUG: Account soloslop.memes in progress data with rate_limited=False
2025-03-27 09:11:46,186 - INFO - FOLLOWING SCRAPER: Processing: https://www.instagram.com/soloslop.memes/
2025-03-27 09:11:46,186 - INFO - FOLLOWING SCRAPER: Account soloslop.memes already fully processed. Skipping.
2025-03-27 09:11:46,186 - INFO - FOLLOWING SCRAPER: DEBUG: Removing link from queue: https://www.instagram.com/soloslop.memes/
2025-03-27 09:11:46,186 - INFO - FOLLOWING SCRAPER: DEBUG: Link removed. Queue size now: 1859
2025-03-27 09:11:46,186 - INFO - FOLLOWING SCRAPER: DEBUG: Sanitizing and saving 1859 links
2025-03-27 09:11:46,186 - INFO - FOLLOWING SCRAPER: DEBUG: After sanitization: 1859 links (removed 0)
2025-03-27 09:11:46,186 - INFO - FOLLOWING SCRAPER: DEBUG: Successfully saved 1859 links to instagram_data/followingLinks.txt
2025-03-27 09:11:46,186 - INFO - FOLLOWING SCRAPER: DEBUG: Links saved
2025-03-27 09:11:46,186 - INFO - FOLLOWING SCRAPER: Added 0 new relationships to adjacency list (total: 25010)
2025-03-27 09:11:46,186 - INFO - FOLLOWING SCRAPER: Completed 3/47 accounts. 1859 remaining in queue.
2025-03-27 09:11:46,186 - INFO - FOLLOWING SCRAPER: Waiting 5 seconds before next account...
2025-03-27 09:11:46,186 - INFO - FOLLOWING SCRAPER: DEBUG: Processing link #4/47: https://www.instagram.com/phillipsauction/
2025-03-27 09:11:46,186 - INFO - FOLLOWING SCRAPER: DEBUG: Before processing - 1859 links in queue
2025-03-27 09:11:46,186 - INFO - FOLLOWING SCRAPER: DEBUG: Account phillipsauction in progress data with rate_limited=False
2025-03-27 09:11:46,186 - INFO - FOLLOWING SCRAPER: Processing: https://www.instagram.com/phillipsauction/
2025-03-27 09:11:46,186 - INFO - FOLLOWING SCRAPER: Account phillipsauction already fully processed. Skipping.
2025-03-27 09:11:46,186 - INFO - FOLLOWING SCRAPER: DEBUG: Removing link from queue: https://www.instagram.com/phillipsauction/
2025-03-27 09:11:46,186 - INFO - FOLLOWING SCRAPER: DEBUG: Link removed. Queue size now: 1858
2025-03-27 09:11:46,186 - INFO - FOLLOWING SCRAPER: DEBUG: Sanitizing and saving 1858 links
2025-03-27 09:11:46,186 - INFO - FOLLOWING SCRAPER: DEBUG: After sanitization: 1858 links (removed 0)
2025-03-27 09:11:46,186 - INFO - FOLLOWING SCRAPER: DEBUG: Successfully saved 1858 links to instagram_data/followingLinks.txt
2025-03-27 09:11:46,186 - INFO - FOLLOWING SCRAPER: DEBUG: Links saved
2025-03-27 09:11:46,186 - INFO - FOLLOWING SCRAPER: Added 0 new relationships to adjacency list (total: 25010)
2025-03-27 09:11:46,186 - INFO - FOLLOWING SCRAPER: Completed 4/47 accounts. 1858 remaining in queue.
2025-03-27 09:11:46,187 - INFO - FOLLOWING SCRAPER: Waiting 5 seconds before next account...
2025-03-27 09:11:46,187 - INFO - FOLLOWING SCRAPER: DEBUG: Processing link #5/47: https://www.instagram.com/filmmovement/
2025-03-27 09:11:46,187 - INFO - FOLLOWING SCRAPER: DEBUG: Before processing - 1858 links in queue
2025-03-27 09:11:46,187 - INFO - FOLLOWING SCRAPER: DEBUG: Account filmmovement in progress data with rate_limited=False
2025-03-27 09:11:46,187 - INFO - FOLLOWING SCRAPER: Processing: https://www.instagram.com/filmmovement/
2025-03-27 09:11:46,187 - INFO - FOLLOWING SCRAPER: Account filmmovement already fully processed. Skipping.
2025-03-27 09:11:46,187 - INFO - FOLLOWING SCRAPER: DEBUG: Removing link from queue: https://www.instagram.com/filmmovement/
2025-03-27 09:11:46,187 - INFO - FOLLOWING SCRAPER: DEBUG: Link removed. Queue size now: 1857
2025-03-27 09:11:46,187 - INFO - FOLLOWING SCRAPER: DEBUG: Sanitizing and saving 1857 links
2025-03-27 09:11:46,187 - INFO - FOLLOWING SCRAPER: DEBUG: After sanitization: 1857 links (removed 0)
2025-03-27 09:11:46,187 - INFO - FOLLOWING SCRAPER: DEBUG: Successfully saved 1857 links to instagram_data/followingLinks.txt
2025-03-27 09:11:46,187 - INFO - FOLLOWING SCRAPER: DEBUG: Links saved
2025-03-27 09:11:46,187 - INFO - FOLLOWING SCRAPER: Added 0 new relationships to adjacency list (total: 25010)
2025-03-27 09:11:46,187 - INFO - FOLLOWING SCRAPER: Completed 5/47 accounts. 1857 remaining in queue.
2025-03-27 09:11:46,187 - INFO - FOLLOWING SCRAPER: Waiting 5 seconds before next account...
2025-03-27 09:11:46,187 - INFO - FOLLOWING SCRAPER: DEBUG: Processing link #6/47: https://www.instagram.com/asian_redbozicowboy/
2025-03-27 09:11:46,187 - INFO - FOLLOWING SCRAPER: DEBUG: Before processing - 1857 links in queue
2025-03-27 09:11:46,187 - INFO - FOLLOWING SCRAPER: DEBUG: Account asian_redbozicowboy in progress data with rate_limited=False
2025-03-27 09:11:46,187 - INFO - FOLLOWING SCRAPER: Processing: https://www.instagram.com/asian_redbozicowboy/
2025-03-27 09:11:46,187 - INFO - FOLLOWING SCRAPER: Account asian_redbozicowboy already fully processed. Skipping.
2025-03-27 09:11:46,187 - INFO - FOLLOWING SCRAPER: DEBUG: Removing link from queue: https://www.instagram.com/asian_redbozicowboy/
2025-03-27 09:11:46,187 - INFO - FOLLOWING SCRAPER: DEBUG: Link removed. Queue size now: 1856
2025-03-27 09:11:46,187 - INFO - FOLLOWING SCRAPER: DEBUG: Sanitizing and saving 1856 links
2025-03-27 09:11:46,187 - INFO - FOLLOWING SCRAPER: DEBUG: After sanitization: 1856 links (removed 0)
2025-03-27 09:11:46,187 - INFO - FOLLOWING SCRAPER: DEBUG: Successfully saved 1856 links to instagram_data/followingLinks.txt
2025-03-27 09:11:46,187 - INFO - FOLLOWING SCRAPER: DEBUG: Links saved
2025-03-27 09:11:46,187 - INFO - FOLLOWING SCRAPER: Added 0 new relationships to adjacency list (total: 25010)
2025-03-27 09:11:46,187 - INFO - FOLLOWING SCRAPER: Completed 6/47 accounts. 1856 remaining in queue.
2025-03-27 09:11:46,187 - INFO - FOLLOWING SCRAPER: Waiting 5 seconds before next account...
2025-03-27 09:11:46,187 - INFO - FOLLOWING SCRAPER: DEBUG: Processing link #7/47: https://www.instagram.com/ccpxi_8964/
2025-03-27 09:11:46,187 - INFO - FOLLOWING SCRAPER: DEBUG: Before processing - 1856 links in queue
2025-03-27 09:11:46,187 - INFO - FOLLOWING SCRAPER: DEBUG: Account ccpxi_8964 in progress data with rate_limited=False
2025-03-27 09:11:46,187 - INFO - FOLLOWING SCRAPER: Processing: https://www.instagram.com/ccpxi_8964/
2025-03-27 09:11:46,187 - INFO - FOLLOWING SCRAPER: Account ccpxi_8964 already fully processed. Skipping.
2025-03-27 09:11:46,187 - INFO - FOLLOWING SCRAPER: DEBUG: Removing link from queue: https://www.instagram.com/ccpxi_8964/
2025-03-27 09:11:46,187 - INFO - FOLLOWING SCRAPER: DEBUG: Link removed. Queue size now: 1855
2025-03-27 09:11:46,187 - INFO - FOLLOWING SCRAPER: DEBUG: Sanitizing and saving 1855 links
2025-03-27 09:11:46,187 - INFO - FOLLOWING SCRAPER: DEBUG: After sanitization: 1855 links (removed 0)
2025-03-27 09:11:46,187 - INFO - FOLLOWING SCRAPER: DEBUG: Successfully saved 1855 links to instagram_data/followingLinks.txt
2025-03-27 09:11:46,187 - INFO - FOLLOWING SCRAPER: DEBUG: Links saved
2025-03-27 09:11:46,187 - INFO - FOLLOWING SCRAPER: Added 0 new relationships to adjacency list (total: 25010)
2025-03-27 09:11:46,187 - INFO - FOLLOWING SCRAPER: Completed 7/47 accounts. 1855 remaining in queue.
2025-03-27 09:11:46,188 - INFO - FOLLOWING SCRAPER: Waiting 5 seconds before next account...
2025-03-27 09:11:46,188 - INFO - FOLLOWING SCRAPER: DEBUG: Processing link #8/47: https://www.instagram.com/ngr.ev/
2025-03-27 09:11:46,188 - INFO - FOLLOWING SCRAPER: DEBUG: Before processing - 1855 links in queue
2025-03-27 09:11:46,188 - INFO - FOLLOWING SCRAPER: DEBUG: Account ngr.ev in progress data with rate_limited=False
2025-03-27 09:11:46,188 - INFO - FOLLOWING SCRAPER: Processing: https://www.instagram.com/ngr.ev/
2025-03-27 09:11:46,188 - INFO - FOLLOWING SCRAPER: Account ngr.ev already fully processed. Skipping.
2025-03-27 09:11:46,188 - INFO - FOLLOWING SCRAPER: DEBUG: Removing link from queue: https://www.instagram.com/ngr.ev/
2025-03-27 09:11:46,188 - INFO - FOLLOWING SCRAPER: DEBUG: Link removed. Queue size now: 1854
2025-03-27 09:11:46,188 - INFO - FOLLOWING SCRAPER: DEBUG: Sanitizing and saving 1854 links
2025-03-27 09:11:46,188 - INFO - FOLLOWING SCRAPER: DEBUG: After sanitization: 1854 links (removed 0)
2025-03-27 09:11:46,188 - INFO - FOLLOWING SCRAPER: DEBUG: Successfully saved 1854 links to instagram_data/followingLinks.txt
2025-03-27 09:11:46,188 - INFO - FOLLOWING SCRAPER: DEBUG: Links saved
2025-03-27 09:11:46,188 - INFO - FOLLOWING SCRAPER: Added 0 new relationships to adjacency list (total: 25010)
2025-03-27 09:11:46,188 - INFO - FOLLOWING SCRAPER: Completed 8/47 accounts. 1854 remaining in queue.
2025-03-27 09:11:46,188 - INFO - FOLLOWING SCRAPER: Waiting 5 seconds before next account...
2025-03-27 09:11:46,188 - INFO - FOLLOWING SCRAPER: DEBUG: Processing link #9/47: https://www.instagram.com/cinema_nighttt/
2025-03-27 09:11:46,189 - INFO - FOLLOWING SCRAPER: DEBUG: Before processing - 1854 links in queue
2025-03-27 09:11:46,189 - INFO - FOLLOWING SCRAPER: DEBUG: Account cinema_nighttt in progress data with rate_limited=False
2025-03-27 09:11:46,189 - INFO - FOLLOWING SCRAPER: Processing: https://www.instagram.com/cinema_nighttt/
2025-03-27 09:11:46,189 - INFO - FOLLOWING SCRAPER: Account cinema_nighttt already fully processed. Skipping.
2025-03-27 09:11:46,189 - INFO - FOLLOWING SCRAPER: DEBUG: Removing link from queue: https://www.instagram.com/cinema_nighttt/
2025-03-27 09:11:46,189 - INFO - FOLLOWING SCRAPER: DEBUG: Link removed. Queue size now: 1853
2025-03-27 09:11:46,189 - INFO - FOLLOWING SCRAPER: DEBUG: Sanitizing and saving 1853 links
2025-03-27 09:11:46,189 - INFO - FOLLOWING SCRAPER: DEBUG: After sanitization: 1853 links (removed 0)
2025-03-27 09:11:46,189 - INFO - FOLLOWING SCRAPER: DEBUG: Successfully saved 1853 links to instagram_data/followingLinks.txt
2025-03-27 09:11:46,189 - INFO - FOLLOWING SCRAPER: DEBUG: Links saved
2025-03-27 09:11:46,189 - INFO - FOLLOWING SCRAPER: Added 0 new relationships to adjacency list (total: 25010)
2025-03-27 09:11:46,189 - INFO - FOLLOWING SCRAPER: Completed 9/47 accounts. 1853 remaining in queue.
2025-03-27 09:11:46,189 - INFO - FOLLOWING SCRAPER: Waiting 5 seconds before next account...
2025-03-27 09:11:46,189 - INFO - FOLLOWING SCRAPER: DEBUG: Processing link #10/47: https://www.instagram.com/thedizzyviper/
2025-03-27 09:11:46,189 - INFO - FOLLOWING SCRAPER: DEBUG: Before processing - 1853 links in queue
2025-03-27 09:11:46,189 - INFO - FOLLOWING SCRAPER: DEBUG: Account thedizzyviper in progress data with rate_limited=False
2025-03-27 09:11:46,189 - INFO - FOLLOWING SCRAPER: Processing: https://www.instagram.com/thedizzyviper/
2025-03-27 09:11:46,189 - INFO - FOLLOWING SCRAPER: Account thedizzyviper already fully processed. Skipping.
2025-03-27 09:11:46,189 - INFO - FOLLOWING SCRAPER: DEBUG: Removing link from queue: https://www.instagram.com/thedizzyviper/
2025-03-27 09:11:46,190 - INFO - FOLLOWING SCRAPER: DEBUG: Link removed. Queue size now: 1852
2025-03-27 09:11:46,190 - INFO - FOLLOWING SCRAPER: DEBUG: Sanitizing and saving 1852 links
2025-03-27 09:11:46,190 - INFO - FOLLOWING SCRAPER: DEBUG: After sanitization: 1852 links (removed 0)
2025-03-27 09:11:46,190 - INFO - FOLLOWING SCRAPER: DEBUG: Successfully saved 1852 links to instagram_data/followingLinks.txt
2025-03-27 09:11:46,190 - INFO - FOLLOWING SCRAPER: DEBUG: Links saved
2025-03-27 09:11:46,190 - INFO - FOLLOWING SCRAPER: Added 0 new relationships to adjacency list (total: 25010)
2025-03-27 09:11:46,190 - INFO - FOLLOWING SCRAPER: Completed 10/47 accounts. 1852 remaining in queue.
2025-03-27 09:11:46,190 - INFO - FOLLOWING SCRAPER: Waiting 5 seconds before next account...
2025-03-27 09:11:46,190 - INFO - FOLLOWING SCRAPER: DEBUG: Processing link #11/47: https://www.instagram.com/laclefrevival/
2025-03-27 09:11:46,190 - INFO - FOLLOWING SCRAPER: DEBUG: Before processing - 1852 links in queue
2025-03-27 09:11:46,190 - INFO - FOLLOWING SCRAPER: DEBUG: Account laclefrevival in progress data with rate_limited=False
2025-03-27 09:11:46,190 - INFO - FOLLOWING SCRAPER: Processing: https://www.instagram.com/laclefrevival/
2025-03-27 09:11:46,190 - INFO - FOLLOWING SCRAPER: Account laclefrevival already fully processed. Skipping.
2025-03-27 09:11:46,191 - INFO - FOLLOWING SCRAPER: DEBUG: Removing link from queue: https://www.instagram.com/laclefrevival/
2025-03-27 09:11:46,191 - INFO - FOLLOWING SCRAPER: DEBUG: Link removed. Queue size now: 1851
2025-03-27 09:11:46,191 - INFO - FOLLOWING SCRAPER: DEBUG: Sanitizing and saving 1851 links
2025-03-27 09:11:46,191 - INFO - FOLLOWING SCRAPER: DEBUG: After sanitization: 1851 links (removed 0)
2025-03-27 09:11:46,191 - INFO - FOLLOWING SCRAPER: DEBUG: Successfully saved 1851 links to instagram_data/followingLinks.txt
2025-03-27 09:11:46,191 - INFO - FOLLOWING SCRAPER: DEBUG: Links saved
2025-03-27 09:11:46,191 - INFO - FOLLOWING SCRAPER: Added 0 new relationships to adjacency list (total: 25010)
2025-03-27 09:11:46,191 - INFO - FOLLOWING SCRAPER: Completed 11/47 accounts. 1851 remaining in queue.
2025-03-27 09:11:46,191 - INFO - FOLLOWING SCRAPER: Waiting 5 seconds before next account...
2025-03-27 09:11:46,191 - INFO - FOLLOWING SCRAPER: DEBUG: Processing link #12/47: https://www.instagram.com/byboyfantasy/
2025-03-27 09:11:46,191 - INFO - FOLLOWING SCRAPER: DEBUG: Before processing - 1851 links in queue
2025-03-27 09:11:46,191 - INFO - FOLLOWING SCRAPER: DEBUG: Account byboyfantasy in progress data with rate_limited=False
2025-03-27 09:11:46,191 - INFO - FOLLOWING SCRAPER: Processing: https://www.instagram.com/byboyfantasy/
2025-03-27 09:11:46,191 - INFO - FOLLOWING SCRAPER: Account byboyfantasy already fully processed. Skipping.
2025-03-27 09:11:46,191 - INFO - FOLLOWING SCRAPER: DEBUG: Removing link from queue: https://www.instagram.com/byboyfantasy/
2025-03-27 09:11:46,191 - INFO - FOLLOWING SCRAPER: DEBUG: Link removed. Queue size now: 1850
2025-03-27 09:11:46,191 - INFO - FOLLOWING SCRAPER: DEBUG: Sanitizing and saving 1850 links
2025-03-27 09:11:46,191 - INFO - FOLLOWING SCRAPER: DEBUG: After sanitization: 1850 links (removed 0)
2025-03-27 09:11:46,192 - INFO - FOLLOWING SCRAPER: DEBUG: Successfully saved 1850 links to instagram_data/followingLinks.txt
2025-03-27 09:11:46,192 - INFO - FOLLOWING SCRAPER: DEBUG: Links saved
2025-03-27 09:11:46,192 - INFO - FOLLOWING SCRAPER: Added 0 new relationships to adjacency list (total: 25010)
2025-03-27 09:11:46,192 - INFO - FOLLOWING SCRAPER: Completed 12/47 accounts. 1850 remaining in queue.
2025-03-27 09:11:46,192 - INFO - FOLLOWING SCRAPER: Waiting 5 seconds before next account...
2025-03-27 09:11:46,192 - INFO - FOLLOWING SCRAPER: DEBUG: Processing link #13/47: https://www.instagram.com/manofdutch/
2025-03-27 09:11:46,192 - INFO - FOLLOWING SCRAPER: DEBUG: Before processing - 1850 links in queue
2025-03-27 09:11:46,192 - INFO - FOLLOWING SCRAPER: DEBUG: Account manofdutch in progress data with rate_limited=False
2025-03-27 09:11:46,192 - INFO - FOLLOWING SCRAPER: Processing: https://www.instagram.com/manofdutch/
2025-03-27 09:11:46,192 - INFO - FOLLOWING SCRAPER: Account manofdutch already fully processed. Skipping.
2025-03-27 09:11:46,192 - INFO - FOLLOWING SCRAPER: DEBUG: Removing link from queue: https://www.instagram.com/manofdutch/
2025-03-27 09:11:46,192 - INFO - FOLLOWING SCRAPER: DEBUG: Link removed. Queue size now: 1849
2025-03-27 09:11:46,192 - INFO - FOLLOWING SCRAPER: DEBUG: Sanitizing and saving 1849 links
2025-03-27 09:11:46,192 - INFO - FOLLOWING SCRAPER: DEBUG: After sanitization: 1849 links (removed 0)
2025-03-27 09:11:46,192 - INFO - FOLLOWING SCRAPER: DEBUG: Successfully saved 1849 links to instagram_data/followingLinks.txt
2025-03-27 09:11:46,192 - INFO - FOLLOWING SCRAPER: DEBUG: Links saved
2025-03-27 09:11:46,192 - INFO - FOLLOWING SCRAPER: Added 0 new relationships to adjacency list (total: 25010)
2025-03-27 09:11:46,192 - INFO - FOLLOWING SCRAPER: Completed 13/47 accounts. 1849 remaining in queue.
2025-03-27 09:11:46,192 - INFO - FOLLOWING SCRAPER: Waiting 5 seconds before next account...
2025-03-27 09:11:46,192 - INFO - FOLLOWING SCRAPER: DEBUG: Processing link #14/47: https://www.instagram.com/thefineartcollective/
2025-03-27 09:11:46,192 - INFO - FOLLOWING SCRAPER: DEBUG: Before processing - 1849 links in queue
2025-03-27 09:11:46,192 - INFO - FOLLOWING SCRAPER: DEBUG: Account thefineartcollective in progress data with rate_limited=False
2025-03-27 09:11:46,192 - INFO - FOLLOWING SCRAPER: Processing: https://www.instagram.com/thefineartcollective/
2025-03-27 09:11:46,192 - INFO - FOLLOWING SCRAPER: Account thefineartcollective already fully processed. Skipping.
2025-03-27 09:11:46,192 - INFO - FOLLOWING SCRAPER: DEBUG: Removing link from queue: https://www.instagram.com/thefineartcollective/
2025-03-27 09:11:46,192 - INFO - FOLLOWING SCRAPER: DEBUG: Link removed. Queue size now: 1848
2025-03-27 09:11:46,192 - INFO - FOLLOWING SCRAPER: DEBUG: Sanitizing and saving 1848 links
2025-03-27 09:11:46,192 - INFO - FOLLOWING SCRAPER: DEBUG: After sanitization: 1848 links (removed 0)
2025-03-27 09:11:46,192 - INFO - FOLLOWING SCRAPER: DEBUG: Successfully saved 1848 links to instagram_data/followingLinks.txt
2025-03-27 09:11:46,192 - INFO - FOLLOWING SCRAPER: DEBUG: Links saved
2025-03-27 09:11:46,192 - INFO - FOLLOWING SCRAPER: Added 0 new relationships to adjacency list (total: 25010)
2025-03-27 09:11:46,192 - INFO - FOLLOWING SCRAPER: Completed 14/47 accounts. 1848 remaining in queue.
2025-03-27 09:11:46,192 - INFO - FOLLOWING SCRAPER: Waiting 5 seconds before next account...
2025-03-27 09:11:46,192 - INFO - FOLLOWING SCRAPER: DEBUG: Processing link #15/47: https://www.instagram.com/ccclare_/
2025-03-27 09:11:46,192 - INFO - FOLLOWING SCRAPER: DEBUG: Before processing - 1848 links in queue
2025-03-27 09:11:46,192 - INFO - FOLLOWING SCRAPER: DEBUG: Account ccclare_ in progress data with rate_limited=False
2025-03-27 09:11:46,192 - INFO - FOLLOWING SCRAPER: DEBUG: Skipping already processed account: ccclare_
2025-03-27 09:11:46,192 - INFO - FOLLOWING SCRAPER: DEBUG: Sanitizing and saving 1847 links
2025-03-27 09:11:46,192 - INFO - FOLLOWING SCRAPER: DEBUG: After sanitization: 1847 links (removed 0)
2025-03-27 09:11:46,192 - INFO - FOLLOWING SCRAPER: DEBUG: Successfully saved 1847 links to instagram_data/followingLinks.txt
2025-03-27 09:11:46,192 - INFO - FOLLOWING SCRAPER: DEBUG: Processing link #16/47: https://www.instagram.com/rubyyyyyying/
2025-03-27 09:11:46,192 - INFO - FOLLOWING SCRAPER: DEBUG: Before processing - 1847 links in queue
2025-03-27 09:11:46,192 - INFO - FOLLOWING SCRAPER: DEBUG: Account rubyyyyyying in progress data with rate_limited=False
2025-03-27 09:11:46,193 - INFO - FOLLOWING SCRAPER: DEBUG: Skipping already processed account: rubyyyyyying
2025-03-27 09:11:46,193 - INFO - FOLLOWING SCRAPER: DEBUG: Sanitizing and saving 1846 links
2025-03-27 09:11:46,193 - INFO - FOLLOWING SCRAPER: DEBUG: After sanitization: 1846 links (removed 0)
2025-03-27 09:11:46,193 - INFO - FOLLOWING SCRAPER: DEBUG: Successfully saved 1846 links to instagram_data/followingLinks.txt
2025-03-27 09:11:46,193 - INFO - FOLLOWING SCRAPER: DEBUG: Processing link #17/47: https://www.instagram.com/yitingzhang/
2025-03-27 09:11:46,193 - INFO - FOLLOWING SCRAPER: DEBUG: Before processing - 1846 links in queue
2025-03-27 09:11:46,193 - INFO - FOLLOWING SCRAPER: DEBUG: Account yitingzhang in progress data with rate_limited=False
2025-03-27 09:11:46,193 - INFO - FOLLOWING SCRAPER: DEBUG: Skipping already processed account: yitingzhang
2025-03-27 09:11:46,193 - INFO - FOLLOWING SCRAPER: DEBUG: Sanitizing and saving 1845 links
2025-03-27 09:11:46,193 - INFO - FOLLOWING SCRAPER: DEBUG: After sanitization: 1845 links (removed 0)
2025-03-27 09:11:46,193 - INFO - FOLLOWING SCRAPER: DEBUG: Successfully saved 1845 links to instagram_data/followingLinks.txt
2025-03-27 09:11:46,193 - INFO - FOLLOWING SCRAPER: DEBUG: Processing link #18/47: https://www.instagram.com/claire.qiu_/
2025-03-27 09:11:46,193 - INFO - FOLLOWING SCRAPER: DEBUG: Before processing - 1845 links in queue
2025-03-27 09:11:46,193 - INFO - FOLLOWING SCRAPER: DEBUG: Account claire.qiu_ in progress data with rate_limited=False
2025-03-27 09:11:46,193 - INFO - FOLLOWING SCRAPER: DEBUG: Skipping already processed account: claire.qiu_
2025-03-27 09:11:46,193 - INFO - FOLLOWING SCRAPER: DEBUG: Sanitizing and saving 1844 links
2025-03-27 09:11:46,193 - INFO - FOLLOWING SCRAPER: DEBUG: After sanitization: 1844 links (removed 0)
2025-03-27 09:11:46,193 - INFO - FOLLOWING SCRAPER: DEBUG: Successfully saved 1844 links to instagram_data/followingLinks.txt
2025-03-27 09:11:46,193 - INFO - FOLLOWING SCRAPER: DEBUG: Processing link #19/47: https://www.instagram.com/jialuu__/
2025-03-27 09:11:46,193 - INFO - FOLLOWING SCRAPER: DEBUG: Before processing - 1844 links in queue
2025-03-27 09:11:46,193 - INFO - FOLLOWING SCRAPER: DEBUG: Account jialuu__ in progress data with rate_limited=False
2025-03-27 09:11:46,193 - INFO - FOLLOWING SCRAPER: DEBUG: Skipping already processed account: jialuu__
2025-03-27 09:11:46,193 - INFO - FOLLOWING SCRAPER: DEBUG: Sanitizing and saving 1843 links
2025-03-27 09:11:46,193 - INFO - FOLLOWING SCRAPER: DEBUG: After sanitization: 1843 links (removed 0)
2025-03-27 09:11:46,193 - INFO - FOLLOWING SCRAPER: DEBUG: Successfully saved 1843 links to instagram_data/followingLinks.txt
2025-03-27 09:11:46,193 - INFO - FOLLOWING SCRAPER: DEBUG: Processing link #20/47: https://www.instagram.com/dawn_rz_/
2025-03-27 09:11:46,193 - INFO - FOLLOWING SCRAPER: DEBUG: Before processing - 1843 links in queue
2025-03-27 09:11:46,193 - INFO - FOLLOWING SCRAPER: DEBUG: Account dawn_rz_ in progress data with rate_limited=False
2025-03-27 09:11:46,194 - INFO - FOLLOWING SCRAPER: DEBUG: Skipping already processed account: dawn_rz_
2025-03-27 09:11:46,194 - INFO - FOLLOWING SCRAPER: DEBUG: Sanitizing and saving 1842 links
2025-03-27 09:11:46,194 - INFO - FOLLOWING SCRAPER: DEBUG: After sanitization: 1842 links (removed 0)
2025-03-27 09:11:46,194 - INFO - FOLLOWING SCRAPER: DEBUG: Successfully saved 1842 links to instagram_data/followingLinks.txt
2025-03-27 09:11:46,194 - INFO - FOLLOWING SCRAPER: DEBUG: Processing link #21/47: https://www.instagram.com/archer222arc/
2025-03-27 09:11:46,194 - INFO - FOLLOWING SCRAPER: DEBUG: Before processing - 1842 links in queue
2025-03-27 09:11:46,194 - INFO - FOLLOWING SCRAPER: DEBUG: Account archer222arc in progress data with rate_limited=False
2025-03-27 09:11:46,194 - INFO - FOLLOWING SCRAPER: DEBUG: Skipping already processed account: archer222arc
2025-03-27 09:11:46,194 - INFO - FOLLOWING SCRAPER: DEBUG: Sanitizing and saving 1841 links
2025-03-27 09:11:46,194 - INFO - FOLLOWING SCRAPER: DEBUG: After sanitization: 1841 links (removed 0)
2025-03-27 09:11:46,194 - INFO - FOLLOWING SCRAPER: DEBUG: Successfully saved 1841 links to instagram_data/followingLinks.txt
2025-03-27 09:11:46,194 - INFO - FOLLOWING SCRAPER: DEBUG: Processing link #22/47: https://www.instagram.com/aaannie_wang/
2025-03-27 09:11:46,194 - INFO - FOLLOWING SCRAPER: DEBUG: Before processing - 1841 links in queue
2025-03-27 09:11:46,194 - INFO - FOLLOWING SCRAPER: DEBUG: Account aaannie_wang in progress data with rate_limited=False
2025-03-27 09:11:56,350 - INFO - FOLLOWING SCRAPER: DEBUG: Skipping already processed account: aaannie_wang
2025-03-27 09:11:56,350 - INFO - FOLLOWING SCRAPER: DEBUG: Sanitizing and saving 1840 links
2025-03-27 09:11:56,350 - INFO - FOLLOWING SCRAPER: DEBUG: After sanitization: 1840 links (removed 0)
2025-03-27 09:11:56,350 - INFO - FOLLOWING SCRAPER: DEBUG: Successfully saved 1840 links to instagram_data/followingLinks.txt
2025-03-27 09:11:56,350 - INFO - FOLLOWING SCRAPER: DEBUG: Processing link #23/47: https://www.instagram.com/ivyyyl_/
2025-03-27 09:11:56,350 - INFO - FOLLOWING SCRAPER: DEBUG: Before processing - 1840 links in queue
2025-03-27 09:11:56,350 - INFO - FOLLOWING SCRAPER: DEBUG: Account ivyyyl_ in progress data with rate_limited=False
2025-03-27 09:11:56,350 - INFO - FOLLOWING SCRAPER: DEBUG: Skipping already processed account: ivyyyl_
2025-03-27 09:11:56,350 - INFO - FOLLOWING SCRAPER: DEBUG: Sanitizing and saving 1839 links
2025-03-27 09:11:56,350 - INFO - FOLLOWING SCRAPER: DEBUG: After sanitization: 1839 links (removed 0)
2025-03-27 09:11:56,350 - INFO - FOLLOWING SCRAPER: DEBUG: Successfully saved 1839 links to instagram_data/followingLinks.txt
2025-03-27 09:11:56,350 - INFO - FOLLOWING SCRAPER: DEBUG: Processing link #24/47: https://www.instagram.com/yezirong/
2025-03-27 09:11:56,350 - INFO - FOLLOWING SCRAPER: DEBUG: Before processing - 1839 links in queue
2025-03-27 09:11:56,351 - INFO - FOLLOWING SCRAPER: DEBUG: Account yezirong in progress data with rate_limited=False
2025-03-27 09:11:56,351 - INFO - FOLLOWING SCRAPER: DEBUG: Skipping already processed account: yezirong
2025-03-27 09:11:56,351 - INFO - FOLLOWING SCRAPER: DEBUG: Sanitizing and saving 1838 links
2025-03-27 09:11:56,351 - INFO - FOLLOWING SCRAPER: DEBUG: After sanitization: 1838 links (removed 0)
2025-03-27 09:11:56,351 - INFO - FOLLOWING SCRAPER: DEBUG: Successfully saved 1838 links to instagram_data/followingLinks.txt
2025-03-27 09:11:56,351 - INFO - FOLLOWING SCRAPER: DEBUG: Processing link #25/47: https://www.instagram.com/hesens05/
2025-03-27 09:11:56,351 - INFO - FOLLOWING SCRAPER: DEBUG: Before processing - 1838 links in queue
2025-03-27 09:11:56,351 - INFO - FOLLOWING SCRAPER: DEBUG: Account hesens05 in progress data with rate_limited=False
2025-03-27 09:11:56,351 - INFO - FOLLOWING SCRAPER: DEBUG: Skipping already processed account: hesens05
2025-03-27 09:11:56,351 - INFO - FOLLOWING SCRAPER: DEBUG: Sanitizing and saving 1837 links
2025-03-27 09:11:56,351 - INFO - FOLLOWING SCRAPER: DEBUG: After sanitization: 1837 links (removed 0)
2025-03-27 09:11:56,351 - INFO - FOLLOWING SCRAPER: DEBUG: Successfully saved 1837 links to instagram_data/followingLinks.txt
2025-03-27 09:11:56,351 - INFO - FOLLOWING SCRAPER: DEBUG: Processing link #26/47: https://www.instagram.com/angelakkk_/
2025-03-27 09:11:56,351 - INFO - FOLLOWING SCRAPER: DEBUG: Before processing - 1837 links in queue
2025-03-27 09:11:56,351 - INFO - FOLLOWING SCRAPER: DEBUG: Account angelakkk_ in progress data with rate_limited=False
2025-03-27 09:11:56,351 - INFO - FOLLOWING SCRAPER: DEBUG: Skipping already processed account: angelakkk_
2025-03-27 09:11:56,351 - INFO - FOLLOWING SCRAPER: DEBUG: Sanitizing and saving 1836 links
2025-03-27 09:11:56,351 - INFO - FOLLOWING SCRAPER: DEBUG: After sanitization: 1836 links (removed 0)
2025-03-27 09:11:56,351 - INFO - FOLLOWING SCRAPER: DEBUG: Successfully saved 1836 links to instagram_data/followingLinks.txt
2025-03-27 09:11:56,351 - INFO - FOLLOWING SCRAPER: DEBUG: Processing link #27/47: https://www.instagram.com/as_cool_as_cucumber_amber/
2025-03-27 09:11:56,351 - INFO - FOLLOWING SCRAPER: DEBUG: Before processing - 1836 links in queue
2025-03-27 09:11:56,351 - INFO - FOLLOWING SCRAPER: DEBUG: Account as_cool_as_cucumber_amber in progress data with rate_limited=False
2025-03-27 09:11:56,351 - INFO - FOLLOWING SCRAPER: DEBUG: Skipping already processed account: as_cool_as_cucumber_amber
2025-03-27 09:11:56,351 - INFO - FOLLOWING SCRAPER: DEBUG: Sanitizing and saving 1835 links
2025-03-27 09:11:56,351 - INFO - FOLLOWING SCRAPER: DEBUG: After sanitization: 1835 links (removed 0)
2025-03-27 09:11:56,351 - INFO - FOLLOWING SCRAPER: DEBUG: Successfully saved 1835 links to instagram_data/followingLinks.txt
2025-03-27 09:11:56,351 - INFO - FOLLOWING SCRAPER: DEBUG: Processing link #28/47: https://www.instagram.com/schuwii_z/
2025-03-27 09:11:56,351 - INFO - FOLLOWING SCRAPER: DEBUG: Before processing - 1835 links in queue
2025-03-27 09:11:56,351 - INFO - FOLLOWING SCRAPER: DEBUG: Account schuwii_z in progress data with rate_limited=False
2025-03-27 09:11:56,351 - INFO - FOLLOWING SCRAPER: DEBUG: Skipping already processed account: schuwii_z
2025-03-27 09:11:56,351 - INFO - FOLLOWING SCRAPER: DEBUG: Sanitizing and saving 1834 links
2025-03-27 09:11:56,351 - INFO - FOLLOWING SCRAPER: DEBUG: After sanitization: 1834 links (removed 0)
2025-03-27 09:11:56,351 - INFO - FOLLOWING SCRAPER: DEBUG: Successfully saved 1834 links to instagram_data/followingLinks.txt
2025-03-27 09:11:56,351 - INFO - FOLLOWING SCRAPER: DEBUG: Processing link #29/47: https://www.instagram.com/khriswu8/
2025-03-27 09:11:56,351 - INFO - FOLLOWING SCRAPER: DEBUG: Before processing - 1834 links in queue
2025-03-27 09:11:56,351 - INFO - FOLLOWING SCRAPER: DEBUG: Account khriswu8 in progress data with rate_limited=False
2025-03-27 09:11:56,351 - INFO - FOLLOWING SCRAPER: DEBUG: Skipping already processed account: khriswu8
2025-03-27 09:11:56,351 - INFO - FOLLOWING SCRAPER: DEBUG: Sanitizing and saving 1833 links
2025-03-27 09:11:56,351 - INFO - FOLLOWING SCRAPER: DEBUG: After sanitization: 1833 links (removed 0)
2025-03-27 09:11:56,351 - INFO - FOLLOWING SCRAPER: DEBUG: Successfully saved 1833 links to instagram_data/followingLinks.txt
2025-03-27 09:11:56,351 - INFO - FOLLOWING SCRAPER: DEBUG: Processing link #30/47: https://www.instagram.com/karena88888/
2025-03-27 09:11:56,351 - INFO - FOLLOWING SCRAPER: DEBUG: Before processing - 1833 links in queue
2025-03-27 09:11:56,351 - INFO - FOLLOWING SCRAPER: DEBUG: Account karena88888 in progress data with rate_limited=False
2025-03-27 09:11:56,351 - INFO - FOLLOWING SCRAPER: DEBUG: Skipping already processed account: karena88888
2025-03-27 09:11:56,351 - INFO - FOLLOWING SCRAPER: DEBUG: Sanitizing and saving 1832 links
2025-03-27 09:11:56,351 - INFO - FOLLOWING SCRAPER: DEBUG: After sanitization: 1832 links (removed 0)
2025-03-27 09:11:56,351 - INFO - FOLLOWING SCRAPER: DEBUG: Successfully saved 1832 links to instagram_data/followingLinks.txt
2025-03-27 09:11:56,351 - INFO - FOLLOWING SCRAPER: DEBUG: Processing link #31/47: https://www.instagram.com/donsonn/
2025-03-27 09:11:56,351 - INFO - FOLLOWING SCRAPER: DEBUG: Before processing - 1832 links in queue
2025-03-27 09:11:56,351 - INFO - FOLLOWING SCRAPER: DEBUG: Account donsonn in progress data with rate_limited=False
2025-03-27 09:11:56,351 - INFO - FOLLOWING SCRAPER: DEBUG: Skipping already processed account: donsonn
2025-03-27 09:11:56,351 - INFO - FOLLOWING SCRAPER: DEBUG: Sanitizing and saving 1831 links
2025-03-27 09:11:56,351 - INFO - FOLLOWING SCRAPER: DEBUG: After sanitization: 1831 links (removed 0)
2025-03-27 09:11:56,351 - INFO - FOLLOWING SCRAPER: DEBUG: Successfully saved 1831 links to instagram_data/followingLinks.txt
2025-03-27 09:11:56,351 - INFO - FOLLOWING SCRAPER: DEBUG: Processing link #32/47: https://www.instagram.com/chenggao1999/
2025-03-27 09:11:56,351 - INFO - FOLLOWING SCRAPER: DEBUG: Before processing - 1831 links in queue
2025-03-27 09:11:56,351 - INFO - FOLLOWING SCRAPER: DEBUG: Account chenggao1999 in progress data with rate_limited=False
2025-03-27 09:11:56,351 - INFO - FOLLOWING SCRAPER: DEBUG: Skipping already processed account: chenggao1999
2025-03-27 09:11:56,351 - INFO - FOLLOWING SCRAPER: DEBUG: Sanitizing and saving 1830 links
2025-03-27 09:11:56,351 - INFO - FOLLOWING SCRAPER: DEBUG: After sanitization: 1830 links (removed 0)
2025-03-27 09:11:56,351 - INFO - FOLLOWING SCRAPER: DEBUG: Successfully saved 1830 links to instagram_data/followingLinks.txt
2025-03-27 09:11:56,351 - INFO - FOLLOWING SCRAPER: DEBUG: Processing link #33/47: https://www.instagram.com/whitehouse/
2025-03-27 09:11:56,351 - INFO - FOLLOWING SCRAPER: DEBUG: Before processing - 1830 links in queue
2025-03-27 09:11:56,351 - INFO - FOLLOWING SCRAPER: DEBUG: Account whitehouse in progress data with rate_limited=False
2025-03-27 09:11:56,352 - INFO - FOLLOWING SCRAPER: DEBUG: Skipping already processed account: whitehouse
2025-03-27 09:11:56,352 - INFO - FOLLOWING SCRAPER: DEBUG: Sanitizing and saving 1829 links
2025-03-27 09:11:56,352 - INFO - FOLLOWING SCRAPER: DEBUG: After sanitization: 1829 links (removed 0)
2025-03-27 09:11:56,352 - INFO - FOLLOWING SCRAPER: DEBUG: Successfully saved 1829 links to instagram_data/followingLinks.txt
2025-03-27 09:11:56,352 - INFO - FOLLOWING SCRAPER: DEBUG: Processing link #34/47: https://www.instagram.com/the_sstan/
2025-03-27 09:11:56,352 - INFO - FOLLOWING SCRAPER: DEBUG: Before processing - 1829 links in queue
2025-03-27 09:11:56,352 - INFO - FOLLOWING SCRAPER: DEBUG: Account the_sstan in progress data with rate_limited=False
2025-03-27 09:11:56,352 - INFO - FOLLOWING SCRAPER: DEBUG: Skipping already processed account: the_sstan
2025-03-27 09:11:56,352 - INFO - FOLLOWING SCRAPER: DEBUG: Sanitizing and saving 1828 links
2025-03-27 09:11:56,352 - INFO - FOLLOWING SCRAPER: DEBUG: After sanitization: 1828 links (removed 0)
2025-03-27 09:11:56,352 - INFO - FOLLOWING SCRAPER: DEBUG: Successfully saved 1828 links to instagram_data/followingLinks.txt
2025-03-27 09:11:56,352 - INFO - FOLLOWING SCRAPER: DEBUG: Processing link #35/47: https://www.instagram.com/jeanne_andreaa/
2025-03-27 09:11:56,352 - INFO - FOLLOWING SCRAPER: DEBUG: Before processing - 1828 links in queue
2025-03-27 09:11:56,352 - INFO - FOLLOWING SCRAPER: DEBUG: Account jeanne_andreaa in progress data with rate_limited=False
2025-03-27 09:11:56,352 - INFO - FOLLOWING SCRAPER: DEBUG: Skipping already processed account: jeanne_andreaa
2025-03-27 09:11:56,352 - INFO - FOLLOWING SCRAPER: DEBUG: Sanitizing and saving 1827 links
2025-03-27 09:11:56,352 - INFO - FOLLOWING SCRAPER: DEBUG: After sanitization: 1827 links (removed 0)
2025-03-27 09:11:56,352 - INFO - FOLLOWING SCRAPER: DEBUG: Successfully saved 1827 links to instagram_data/followingLinks.txt
2025-03-27 09:11:56,352 - INFO - FOLLOWING SCRAPER: DEBUG: Processing link #36/47: https://www.instagram.com/xuleqi926/
2025-03-27 09:11:56,352 - INFO - FOLLOWING SCRAPER: DEBUG: Before processing - 1827 links in queue
2025-03-27 09:11:56,352 - INFO - FOLLOWING SCRAPER: DEBUG: Account xuleqi926 in progress data with rate_limited=False
2025-03-27 09:11:56,352 - INFO - FOLLOWING SCRAPER: DEBUG: Skipping already processed account: xuleqi926
2025-03-27 09:11:56,352 - INFO - FOLLOWING SCRAPER: DEBUG: Sanitizing and saving 1826 links
2025-03-27 09:11:56,352 - INFO - FOLLOWING SCRAPER: DEBUG: After sanitization: 1826 links (removed 0)
2025-03-27 09:11:56,352 - INFO - FOLLOWING SCRAPER: DEBUG: Successfully saved 1826 links to instagram_data/followingLinks.txt
2025-03-27 09:11:56,352 - INFO - FOLLOWING SCRAPER: DEBUG: Processing link #37/47: https://www.instagram.com/electronicartsintermix/
2025-03-27 09:11:56,352 - INFO - FOLLOWING SCRAPER: DEBUG: Before processing - 1826 links in queue
2025-03-27 09:11:56,352 - INFO - FOLLOWING SCRAPER: DEBUG: Account electronicartsintermix in progress data with rate_limited=False
2025-03-27 09:11:56,352 - INFO - FOLLOWING SCRAPER: DEBUG: Skipping already processed account: electronicartsintermix
2025-03-27 09:11:56,352 - INFO - FOLLOWING SCRAPER: DEBUG: Sanitizing and saving 1825 links
2025-03-27 09:11:56,352 - INFO - FOLLOWING SCRAPER: DEBUG: After sanitization: 1825 links (removed 0)
2025-03-27 09:11:56,352 - INFO - FOLLOWING SCRAPER: DEBUG: Successfully saved 1825 links to instagram_data/followingLinks.txt
2025-03-27 09:11:56,352 - INFO - FOLLOWING SCRAPER: DEBUG: Processing link #38/47: https://www.instagram.com/parissfch/
2025-03-27 09:11:56,352 - INFO - FOLLOWING SCRAPER: DEBUG: Before processing - 1825 links in queue
2025-03-27 09:11:56,352 - INFO - FOLLOWING SCRAPER: DEBUG: Account parissfch in progress data with rate_limited=False
2025-03-27 09:11:56,352 - INFO - FOLLOWING SCRAPER: DEBUG: Skipping already processed account: parissfch
2025-03-27 09:11:56,352 - INFO - FOLLOWING SCRAPER: DEBUG: Sanitizing and saving 1824 links
2025-03-27 09:11:56,352 - INFO - FOLLOWING SCRAPER: DEBUG: After sanitization: 1824 links (removed 0)
2025-03-27 09:11:56,352 - INFO - FOLLOWING SCRAPER: DEBUG: Successfully saved 1824 links to instagram_data/followingLinks.txt
2025-03-27 09:11:56,352 - INFO - FOLLOWING SCRAPER: DEBUG: Processing link #39/47: https://www.instagram.com/nytimestravel/
2025-03-27 09:11:56,352 - INFO - FOLLOWING SCRAPER: DEBUG: Before processing - 1824 links in queue
2025-03-27 09:11:56,352 - INFO - FOLLOWING SCRAPER: DEBUG: Account nytimestravel in progress data with rate_limited=False
2025-03-27 09:11:56,352 - INFO - FOLLOWING SCRAPER: DEBUG: Skipping already processed account: nytimestravel
2025-03-27 09:11:56,352 - INFO - FOLLOWING SCRAPER: DEBUG: Sanitizing and saving 1823 links
2025-03-27 09:11:56,352 - INFO - FOLLOWING SCRAPER: DEBUG: After sanitization: 1823 links (removed 0)
2025-03-27 09:11:56,352 - INFO - FOLLOWING SCRAPER: DEBUG: Successfully saved 1823 links to instagram_data/followingLinks.txt
2025-03-27 09:11:56,352 - INFO - FOLLOWING SCRAPER: DEBUG: Processing link #40/47: https://www.instagram.com/nytimes/
2025-03-27 09:11:56,352 - INFO - FOLLOWING SCRAPER: DEBUG: Before processing - 1823 links in queue
2025-03-27 09:11:56,352 - INFO - FOLLOWING SCRAPER: DEBUG: Account nytimes in progress data with rate_limited=False
2025-03-27 09:11:56,352 - INFO - FOLLOWING SCRAPER: DEBUG: Skipping already processed account: nytimes
2025-03-27 09:11:56,352 - INFO - FOLLOWING SCRAPER: DEBUG: Sanitizing and saving 1822 links
2025-03-27 09:11:56,352 - INFO - FOLLOWING SCRAPER: DEBUG: After sanitization: 1822 links (removed 0)
2025-03-27 09:11:56,352 - INFO - FOLLOWING SCRAPER: DEBUG: Successfully saved 1822 links to instagram_data/followingLinks.txt
2025-03-27 09:11:56,352 - INFO - FOLLOWING SCRAPER: DEBUG: Processing link #41/47: https://www.instagram.com/milanrecords/
2025-03-27 09:11:56,352 - INFO - FOLLOWING SCRAPER: DEBUG: Before processing - 1822 links in queue
2025-03-27 09:11:56,352 - INFO - FOLLOWING SCRAPER: DEBUG: Account milanrecords in progress data with rate_limited=False
2025-03-27 09:11:56,352 - INFO - FOLLOWING SCRAPER: Processing: https://www.instagram.com/milanrecords/
2025-03-27 09:11:56,352 - INFO - FOLLOWING SCRAPER: Account milanrecords already fully processed. Skipping.
2025-03-27 09:11:56,352 - INFO - FOLLOWING SCRAPER: DEBUG: Removing link from queue: https://www.instagram.com/milanrecords/
2025-03-27 09:11:56,352 - INFO - FOLLOWING SCRAPER: DEBUG: Link removed. Queue size now: 1821
2025-03-27 09:11:56,352 - INFO - FOLLOWING SCRAPER: DEBUG: Sanitizing and saving 1821 links
2025-03-27 09:11:56,353 - INFO - FOLLOWING SCRAPER: DEBUG: After sanitization: 1821 links (removed 0)
2025-03-27 09:11:56,353 - INFO - FOLLOWING SCRAPER: DEBUG: Successfully saved 1821 links to instagram_data/followingLinks.txt
2025-03-27 09:11:56,353 - INFO - FOLLOWING SCRAPER: DEBUG: Links saved
2025-03-27 09:11:56,353 - INFO - FOLLOWING SCRAPER: Added 0 new relationships to adjacency list (total: 25010)
2025-03-27 09:11:56,353 - INFO - FOLLOWING SCRAPER: Completed 15/47 accounts. 1821 remaining in queue.
2025-03-27 09:11:56,353 - INFO - FOLLOWING SCRAPER: Waiting 5 seconds before next account...
2025-03-27 09:11:56,353 - INFO - FOLLOWING SCRAPER: DEBUG: Processing link #42/47: https://www.instagram.com/a24/
2025-03-27 09:11:56,353 - INFO - FOLLOWING SCRAPER: DEBUG: Before processing - 1821 links in queue
2025-03-27 09:11:56,353 - INFO - FOLLOWING SCRAPER: DEBUG: Account a24 in progress data with rate_limited=False
2025-03-27 09:11:56,353 - INFO - FOLLOWING SCRAPER: DEBUG: Skipping already processed account: a24
2025-03-27 09:11:56,353 - INFO - FOLLOWING SCRAPER: DEBUG: Sanitizing and saving 1820 links
2025-03-27 09:11:56,353 - INFO - FOLLOWING SCRAPER: DEBUG: After sanitization: 1820 links (removed 0)
2025-03-27 09:11:56,353 - INFO - FOLLOWING SCRAPER: DEBUG: Successfully saved 1820 links to instagram_data/followingLinks.txt
2025-03-27 09:11:56,353 - INFO - FOLLOWING SCRAPER: DEBUG: Processing link #43/47: https://www.instagram.com/classaholic/
2025-03-27 09:11:56,353 - INFO - FOLLOWING SCRAPER: DEBUG: Before processing - 1820 links in queue
2025-03-27 09:11:56,353 - INFO - FOLLOWING SCRAPER: DEBUG: Account classaholic in progress data with rate_limited=False
2025-03-27 09:11:56,353 - INFO - FOLLOWING SCRAPER: DEBUG: Skipping already processed account: classaholic
2025-03-27 09:11:56,353 - INFO - FOLLOWING SCRAPER: DEBUG: Sanitizing and saving 1819 links
2025-03-27 09:11:56,353 - INFO - FOLLOWING SCRAPER: DEBUG: After sanitization: 1819 links (removed 0)
2025-03-27 09:11:56,353 - INFO - FOLLOWING SCRAPER: DEBUG: Successfully saved 1819 links to instagram_data/followingLinks.txt
2025-03-27 09:11:56,353 - INFO - FOLLOWING SCRAPER: DEBUG: Processing link #44/47: https://www.instagram.com/linda_linked/
2025-03-27 09:11:56,353 - INFO - FOLLOWING SCRAPER: DEBUG: Before processing - 1819 links in queue
2025-03-27 09:11:56,353 - INFO - FOLLOWING SCRAPER: DEBUG: Account linda_linked in progress data with rate_limited=False
2025-03-27 09:11:56,353 - INFO - FOLLOWING SCRAPER: DEBUG: Skipping already processed account: linda_linked
2025-03-27 09:11:56,353 - INFO - FOLLOWING SCRAPER: DEBUG: Sanitizing and saving 1818 links
2025-03-27 09:11:56,353 - INFO - FOLLOWING SCRAPER: DEBUG: After sanitization: 1818 links (removed 0)
2025-03-27 09:11:56,353 - INFO - FOLLOWING SCRAPER: DEBUG: Successfully saved 1818 links to instagram_data/followingLinks.txt
2025-03-27 09:11:56,353 - INFO - FOLLOWING SCRAPER: DEBUG: Processing link #45/47: https://www.instagram.com/ysl/
2025-03-27 09:11:56,353 - INFO - FOLLOWING SCRAPER: DEBUG: Before processing - 1818 links in queue
2025-03-27 09:11:56,353 - INFO - FOLLOWING SCRAPER: DEBUG: Account ysl in progress data with rate_limited=False
2025-03-27 09:11:56,353 - INFO - FOLLOWING SCRAPER: DEBUG: Skipping already processed account: ysl
2025-03-27 09:11:56,353 - INFO - FOLLOWING SCRAPER: DEBUG: Sanitizing and saving 1817 links
2025-03-27 09:11:56,353 - INFO - FOLLOWING SCRAPER: DEBUG: After sanitization: 1817 links (removed 0)
2025-03-27 09:11:56,353 - INFO - FOLLOWING SCRAPER: DEBUG: Successfully saved 1817 links to instagram_data/followingLinks.txt
2025-03-27 09:11:56,353 - INFO - FOLLOWING SCRAPER: DEBUG: Processing link #46/47: https://www.instagram.com/jane_chen1221/
2025-03-27 09:11:56,353 - INFO - FOLLOWING SCRAPER: DEBUG: Before processing - 1817 links in queue
2025-03-27 09:11:56,353 - INFO - FOLLOWING SCRAPER: DEBUG: Account jane_chen1221 in progress data with rate_limited=False
2025-03-27 09:11:56,353 - INFO - FOLLOWING SCRAPER: DEBUG: Skipping already processed account: jane_chen1221
2025-03-27 09:11:56,353 - INFO - FOLLOWING SCRAPER: DEBUG: Sanitizing and saving 1816 links
2025-03-27 09:11:56,353 - INFO - FOLLOWING SCRAPER: DEBUG: After sanitization: 1816 links (removed 0)
2025-03-27 09:11:56,353 - INFO - FOLLOWING SCRAPER: DEBUG: Successfully saved 1816 links to instagram_data/followingLinks.txt
2025-03-27 09:11:56,353 - INFO - FOLLOWING SCRAPER: DEBUG: Processing link #47/47: https://www.instagram.com/prophetconsulting/
2025-03-27 09:11:56,353 - INFO - FOLLOWING SCRAPER: DEBUG: Before processing - 1816 links in queue
2025-03-27 09:11:56,353 - INFO - FOLLOWING SCRAPER: DEBUG: Account prophetconsulting in progress data with rate_limited=False
2025-03-27 09:11:56,353 - INFO - FOLLOWING SCRAPER: Processing: https://www.instagram.com/prophetconsulting/
2025-03-27 09:11:56,353 - INFO - FOLLOWING SCRAPER: Account prophetconsulting already fully processed. Skipping.
2025-03-27 09:11:56,353 - INFO - FOLLOWING SCRAPER: DEBUG: Removing link from queue: https://www.instagram.com/prophetconsulting/
2025-03-27 09:11:56,353 - INFO - FOLLOWING SCRAPER: DEBUG: Link removed. Queue size now: 1815
2025-03-27 09:11:56,353 - INFO - FOLLOWING SCRAPER: DEBUG: Sanitizing and saving 1815 links
2025-03-27 09:11:56,353 - INFO - FOLLOWING SCRAPER: DEBUG: After sanitization: 1815 links (removed 0)
2025-03-27 09:11:56,353 - INFO - FOLLOWING SCRAPER: DEBUG: Successfully saved 1815 links to instagram_data/followingLinks.txt
2025-03-27 09:11:56,353 - INFO - FOLLOWING SCRAPER: DEBUG: Links saved
2025-03-27 09:11:56,353 - INFO - FOLLOWING SCRAPER: Added 0 new relationships to adjacency list (total: 25010)
2025-03-27 09:11:56,353 - INFO - FOLLOWING SCRAPER: Completed 16/47 accounts. 1815 remaining in queue.
2025-03-27 09:11:56,353 - INFO - FOLLOWING SCRAPER: Waiting 5 seconds before next account...
2025-03-27 09:11:56,353 - INFO - FOLLOWING SCRAPER: Batch complete! Processed 16 accounts (0 were rate-limited and will be retried later).
2025-03-27 09:11:56,353 - INFO - FOLLOWING SCRAPER: 1815 links remaining for future sessions.
2025-03-27 09:11:56,353 - INFO - FOLLOWING SCRAPER: Browser closed. Script complete.
2025-03-27 09:11:56,580 - INFO - DEBUG: After processing - 1815 accounts in queue (removed 47)
2025-03-27 09:11:56,580 - INFO - DEBUG: Checking for duplicates after processing
2025-03-27 09:11:56,581 - INFO - No duplicate links found in instagram_data/followingLinks.txt
2025-03-27 09:11:56,581 - INFO - remove_processed_links function is disabled to allow re-scraping of potential rate-limited accounts
2025-03-27 09:11:56,581 - INFO - Following accounts scraping session completed with result: True
2025-03-27 09:11:56,581 - INFO - Sessions completed. Waiting 0 hours and 37 minutes before next sessions...
2025-03-27 09:49:09,626 - INFO - Current counts in status file - Followers: 881, Following: 1868
2025-03-27 09:49:09,628 - INFO - Current counts in status file - Followers: 881, Following: 1868
2025-03-27 09:49:09,631 - INFO - Starting new scraping session
2025-03-27 09:49:09,633 - INFO - Current counts in status file - Followers: 881, Following: 1868
2025-03-27 09:49:09,633 - INFO - Need to collect more following accounts: 1862/1868
2025-03-27 09:49:09,633 - INFO - Need to collect more followers: 879/881
2025-03-27 09:49:09,633 - INFO - Using 8 max pages for this session
2025-03-27 09:49:43,731 - INFO - SCRAPER: Logged in using button: //button[contains(.,'Log in')]
2025-03-27 09:49:43,732 - INFO - SCRAPER: Logged in successfully!
2025-03-27 09:49:43,732 - INFO - SCRAPER: Logged in as fretin98
2025-03-27 09:49:43,732 - INFO - SCRAPER: Resuming previous session...
2025-03-27 09:49:43,732 - INFO - SCRAPER: Loaded 879 followers and 1862 following from previous session
2025-03-27 09:49:43,732 - INFO - SCRAPER: Profile Stats: {'followers': 881, 'following': 1868, 'posts': 241}
2025-03-27 09:49:43,732 - INFO - Found profile stats line
2025-03-27 09:49:43,732 - INFO - SCRAPER: Followers: 881, Following: 1868
2025-03-27 09:49:43,732 - INFO - Extracted total followers: 881
2025-03-27 09:49:43,732 - INFO - Extracted total following: 1868
2025-03-27 09:49:43,732 - INFO - SCRAPER: Scraping followers...
2025-03-27 09:49:43,733 - INFO - SCRAPER: Already collected 879/881 followers (≥95%). Skipping followers scraping.
2025-03-27 09:49:43,733 - INFO - SCRAPER: Scraping following...
2025-03-27 09:49:43,733 - INFO - SCRAPER: Already collected 1862/1868 following accounts (≥95%). Skipping following scraping.
2025-03-27 09:49:43,733 - INFO - SCRAPER: Getting links to following accounts...
2025-03-27 09:49:43,733 - INFO - SCRAPER: Created 1862 following links from usernames
2025-03-27 09:49:43,733 - INFO - SCRAPER: Updated following links file: instagram_data/followingLinks.txt
2025-03-27 09:49:43,733 - INFO - SCRAPER: Updated adjacency list file: instagram_data/adjList.txt
2025-03-27 09:49:43,733 - INFO - SCRAPER: Added 0 new relationships (total: 25010)
2025-03-27 09:49:43,733 - INFO - SCRAPER: Retrieved 1862 following links
2025-03-27 09:49:43,733 - INFO - SCRAPER: Session completed successfully!
2025-03-27 09:49:43,733 - INFO - SCRAPER: Browser closed.
2025-03-27 09:49:43,908 - INFO - Updating status with dynamic counts - Followers: 881, Following: 1868
2025-03-27 09:49:43,909 - INFO - Saved data to instagram_data/auto_scrape_status.json
2025-03-27 09:49:43,909 - INFO - Now running a session to scrape following accounts network data...
2025-03-27 09:49:43,909 - INFO - Starting following accounts scraping session
2025-03-27 09:49:43,909 - INFO - remove_processed_links function is disabled to allow re-scraping of potential rate-limited accounts
2025-03-27 09:49:43,909 - INFO - DEBUG: Checking for duplicates before processing
2025-03-27 09:49:43,911 - INFO - No duplicate links found in instagram_data/followingLinks.txt
2025-03-27 09:49:43,911 - INFO - DEBUG: Before processing - 1862 accounts in queue
2025-03-27 09:49:43,916 - INFO - Using random batch size of 54 accounts for this session
2025-03-27 09:52:38,465 - INFO - FOLLOWING SCRAPER: DEBUG MODE ENABLED
2025-03-27 09:52:38,467 - INFO - FOLLOWING SCRAPER: Loaded scraping progress: 1472 accounts processed
2025-03-27 09:52:38,467 - INFO - FOLLOWING SCRAPER: Will process 54 accounts in this session
2025-03-27 09:52:38,467 - INFO - FOLLOWING SCRAPER: Logged in using button: //button[contains(.,'Log in')]
2025-03-27 09:52:38,467 - INFO - FOLLOWING SCRAPER: Logged in successfully!
2025-03-27 09:52:38,467 - INFO - FOLLOWING SCRAPER: Rate limit statistics: 1 accounts marked as rate-limited
2025-03-27 09:52:38,467 - INFO - FOLLOWING SCRAPER: Examples of rate-limited accounts: ['benton.down']
2025-03-27 09:52:38,467 - INFO - FOLLOWING SCRAPER: Loaded 1862 links from instagram_data/followingLinks.txt
2025-03-27 09:52:38,467 - INFO - FOLLOWING SCRAPER: Loaded adjacency list from instagram_data/adjList.txt
2025-03-27 09:52:38,467 - INFO - FOLLOWING SCRAPER: Deduplicating adjacency list...
2025-03-27 09:52:38,467 - INFO - FOLLOWING SCRAPER: No duplicates found in adjList.txt
2025-03-27 09:52:38,467 - INFO - FOLLOWING SCRAPER: DEBUG: Found 6149 already processed accounts in adjList.txt
2025-03-27 09:52:38,467 - INFO - FOLLOWING SCRAPER: Found 6149 accounts that have already been processed
2025-03-27 09:52:38,467 - INFO - FOLLOWING SCRAPER: Starting batch processing of 54 accounts
2025-03-27 09:52:38,467 - INFO - FOLLOWING SCRAPER: Pre-checking accounts to prioritize ones with reasonable follower/following counts...
2025-03-27 09:52:38,468 - INFO - FOLLOWING SCRAPER: ✓ shuheisakaue: Good candidate with 18 followers, 895 following
2025-03-27 09:52:38,468 - INFO - FOLLOWING SCRAPER: ✓ catsoupai: Good candidate with 189 followers, 189 following
2025-03-27 09:52:38,468 - INFO - FOLLOWING SCRAPER: ✓ soloslop.memes: Good candidate with 70 followers, 67 following
2025-03-27 09:52:38,468 - INFO - FOLLOWING SCRAPER: ✓ phillipsauction: Good candidate with 428 followers, 434 following
2025-03-27 09:52:38,468 - INFO - FOLLOWING SCRAPER: ✓ filmmovement: Good candidate with 12 followers, 708 following
2025-03-27 09:52:38,468 - INFO - FOLLOWING SCRAPER: ✗ rubahitam_: Too many connections (48 followers, 1153 following)
2025-03-27 09:52:38,468 - INFO - FOLLOWING SCRAPER: ✗ chinatown_cowboy.mp4: Too many connections (2383 followers, 0 following)
2025-03-27 09:52:38,468 - INFO - FOLLOWING SCRAPER: ✓ asian_redbozicowboy: Good candidate with 29 followers, 250 following
2025-03-27 09:52:38,468 - INFO - FOLLOWING SCRAPER: ✓ ccpxi_8964: Good candidate with 0 followers, 0 following
2025-03-27 09:52:38,468 - INFO - FOLLOWING SCRAPER: ✓ ngr.ev: Good candidate with 114 followers, 188 following
2025-03-27 09:52:38,468 - INFO - FOLLOWING SCRAPER: ✓ cinema_nighttt: Good candidate with 401 followers, 15 following
2025-03-27 09:52:38,468 - INFO - FOLLOWING SCRAPER: ✓ thedizzyviper: Good candidate with 179 followers, 902 following
2025-03-27 09:52:38,468 - INFO - FOLLOWING SCRAPER: ✗ arabbitsfoot: Too many connections (63 followers, 1570 following)
2025-03-27 09:52:38,468 - INFO - FOLLOWING SCRAPER: ✓ laclefrevival: Good candidate with 23 followers, 503 following
2025-03-27 09:52:38,468 - INFO - FOLLOWING SCRAPER: ✓ byboyfantasy: Good candidate with 83 followers, 609 following
2025-03-27 09:52:38,468 - INFO - FOLLOWING SCRAPER: ✓ manofdutch: Good candidate with 29 followers, 55 following
2025-03-27 09:52:38,468 - INFO - FOLLOWING SCRAPER: ✗ fernandosev7n: Too many connections (235 followers, 1534 following)
2025-03-27 09:52:38,468 - INFO - FOLLOWING SCRAPER: ✓ thefineartcollective: Good candidate with 673 followers, 919 following
2025-03-27 09:52:38,468 - INFO - FOLLOWING SCRAPER: ✗ xidan_zhang: Too many connections (2743 followers, 901 following)
2025-03-27 09:52:38,468 - INFO - FOLLOWING SCRAPER: ✗ zihaosong: Too many connections (10 followers, 2448 following)
2025-03-27 09:52:38,468 - INFO - FOLLOWING SCRAPER: ✗ young.brando: Too many connections (17 followers, 2455 following)
2025-03-27 09:52:38,468 - INFO - FOLLOWING SCRAPER: ✗ gentleman.gasmask: Too many connections (364 followers, 1661 following)
2025-03-27 09:52:38,468 - INFO - FOLLOWING SCRAPER: ✗ yuukakazami0: Too many connections (1343 followers, 519 following)
2025-03-27 09:52:38,468 - INFO - FOLLOWING SCRAPER: ✗ cucny: Too many connections (2783 followers, 38 following)
2025-03-27 09:52:38,468 - INFO - FOLLOWING SCRAPER: ✗ thepennclub: Too many connections (4056 followers, 632 following)
2025-03-27 09:52:38,468 - INFO - FOLLOWING SCRAPER: ✗ lsmartfund: Too many connections (4169 followers, 586 following)
2025-03-27 09:52:38,468 - INFO - FOLLOWING SCRAPER: ✗ perpetual.passion: Too many connections (38 followers, 2352 following)
2025-03-27 09:52:38,468 - INFO - FOLLOWING SCRAPER: ✗ milanrecords: Too many connections (20 followers, 2860 following)
2025-03-27 09:52:38,468 - INFO - FOLLOWING SCRAPER: Found 14 accounts with reasonable follower/following counts
2025-03-27 09:52:38,468 - INFO - FOLLOWING SCRAPER: DEBUG: Sanitizing and saving 1862 links
2025-03-27 09:52:38,468 - INFO - FOLLOWING SCRAPER: DEBUG: After sanitization: 1862 links (removed 0)
2025-03-27 09:52:38,468 - INFO - FOLLOWING SCRAPER: DEBUG: Successfully saved 1862 links to instagram_data/followingLinks.txt
2025-03-27 09:52:38,468 - INFO - FOLLOWING SCRAPER: Links reordered to prioritize accounts with reasonable follower/following counts
2025-03-27 09:52:38,468 - INFO - FOLLOWING SCRAPER: DEBUG: Processing link #1/54: https://www.instagram.com/shuheisakaue/
2025-03-27 09:52:38,468 - INFO - FOLLOWING SCRAPER: DEBUG: Before processing - 1862 links in queue
2025-03-27 09:52:38,468 - INFO - FOLLOWING SCRAPER: DEBUG: Account shuheisakaue in progress data with rate_limited=False
2025-03-27 09:52:38,468 - INFO - FOLLOWING SCRAPER: Processing: https://www.instagram.com/shuheisakaue/
2025-03-27 09:52:38,468 - INFO - FOLLOWING SCRAPER: Account shuheisakaue already fully processed. Skipping.
2025-03-27 09:52:38,468 - INFO - FOLLOWING SCRAPER: DEBUG: Removing link from queue: https://www.instagram.com/shuheisakaue/
2025-03-27 09:52:38,468 - INFO - FOLLOWING SCRAPER: DEBUG: Link removed. Queue size now: 1861
2025-03-27 09:52:38,468 - INFO - FOLLOWING SCRAPER: DEBUG: Sanitizing and saving 1861 links
2025-03-27 09:52:38,468 - INFO - FOLLOWING SCRAPER: DEBUG: After sanitization: 1861 links (removed 0)
2025-03-27 09:52:38,468 - INFO - FOLLOWING SCRAPER: DEBUG: Successfully saved 1861 links to instagram_data/followingLinks.txt
2025-03-27 09:52:38,468 - INFO - FOLLOWING SCRAPER: DEBUG: Links saved
2025-03-27 09:52:38,468 - INFO - FOLLOWING SCRAPER: Added 1 new relationships to adjacency list (total: 25011)
2025-03-27 09:52:38,468 - INFO - FOLLOWING SCRAPER: Completed 1/54 accounts. 1861 remaining in queue.
2025-03-27 09:52:38,468 - INFO - FOLLOWING SCRAPER: Waiting 5 seconds before next account...
2025-03-27 09:52:38,468 - INFO - FOLLOWING SCRAPER: DEBUG: Processing link #2/54: https://www.instagram.com/catsoupai/
2025-03-27 09:52:38,468 - INFO - FOLLOWING SCRAPER: DEBUG: Before processing - 1861 links in queue
2025-03-27 09:52:38,469 - INFO - FOLLOWING SCRAPER: DEBUG: Account catsoupai in progress data with rate_limited=False
2025-03-27 09:52:38,469 - INFO - FOLLOWING SCRAPER: Processing: https://www.instagram.com/catsoupai/
2025-03-27 09:52:38,469 - INFO - FOLLOWING SCRAPER: Account catsoupai already fully processed. Skipping.
2025-03-27 09:52:38,469 - INFO - FOLLOWING SCRAPER: DEBUG: Removing link from queue: https://www.instagram.com/catsoupai/
2025-03-27 09:52:38,469 - INFO - FOLLOWING SCRAPER: DEBUG: Link removed. Queue size now: 1860
2025-03-27 09:52:38,469 - INFO - FOLLOWING SCRAPER: DEBUG: Sanitizing and saving 1860 links
2025-03-27 09:52:38,469 - INFO - FOLLOWING SCRAPER: DEBUG: After sanitization: 1860 links (removed 0)
2025-03-27 09:52:38,469 - INFO - FOLLOWING SCRAPER: DEBUG: Successfully saved 1860 links to instagram_data/followingLinks.txt
2025-03-27 09:52:38,469 - INFO - FOLLOWING SCRAPER: DEBUG: Links saved
2025-03-27 09:52:38,469 - INFO - FOLLOWING SCRAPER: Added 0 new relationships to adjacency list (total: 25011)
2025-03-27 09:52:38,469 - INFO - FOLLOWING SCRAPER: Completed 2/54 accounts. 1860 remaining in queue.
2025-03-27 09:52:38,469 - INFO - FOLLOWING SCRAPER: Waiting 5 seconds before next account...
2025-03-27 09:52:38,469 - INFO - FOLLOWING SCRAPER: DEBUG: Processing link #3/54: https://www.instagram.com/soloslop.memes/
2025-03-27 09:52:38,469 - INFO - FOLLOWING SCRAPER: DEBUG: Before processing - 1860 links in queue
2025-03-27 09:52:38,469 - INFO - FOLLOWING SCRAPER: DEBUG: Account soloslop.memes in progress data with rate_limited=False
2025-03-27 09:52:38,469 - INFO - FOLLOWING SCRAPER: Processing: https://www.instagram.com/soloslop.memes/
2025-03-27 09:52:38,469 - INFO - FOLLOWING SCRAPER: Account soloslop.memes already fully processed. Skipping.
2025-03-27 09:52:38,469 - INFO - FOLLOWING SCRAPER: DEBUG: Removing link from queue: https://www.instagram.com/soloslop.memes/
2025-03-27 09:52:38,469 - INFO - FOLLOWING SCRAPER: DEBUG: Link removed. Queue size now: 1859
2025-03-27 09:52:38,469 - INFO - FOLLOWING SCRAPER: DEBUG: Sanitizing and saving 1859 links
2025-03-27 09:52:38,469 - INFO - FOLLOWING SCRAPER: DEBUG: After sanitization: 1859 links (removed 0)
2025-03-27 09:52:38,469 - INFO - FOLLOWING SCRAPER: DEBUG: Successfully saved 1859 links to instagram_data/followingLinks.txt
2025-03-27 09:52:38,469 - INFO - FOLLOWING SCRAPER: DEBUG: Links saved
2025-03-27 09:52:38,469 - INFO - FOLLOWING SCRAPER: Added 0 new relationships to adjacency list (total: 25011)
2025-03-27 09:52:38,469 - INFO - FOLLOWING SCRAPER: Completed 3/54 accounts. 1859 remaining in queue.
2025-03-27 09:52:38,469 - INFO - FOLLOWING SCRAPER: Waiting 5 seconds before next account...
2025-03-27 09:52:38,469 - INFO - FOLLOWING SCRAPER: DEBUG: Processing link #4/54: https://www.instagram.com/phillipsauction/
2025-03-27 09:52:38,469 - INFO - FOLLOWING SCRAPER: DEBUG: Before processing - 1859 links in queue
2025-03-27 09:52:38,469 - INFO - FOLLOWING SCRAPER: DEBUG: Account phillipsauction in progress data with rate_limited=False
2025-03-27 09:52:38,469 - INFO - FOLLOWING SCRAPER: Processing: https://www.instagram.com/phillipsauction/
2025-03-27 09:52:38,469 - INFO - FOLLOWING SCRAPER: Account phillipsauction already fully processed. Skipping.
2025-03-27 09:52:38,469 - INFO - FOLLOWING SCRAPER: DEBUG: Removing link from queue: https://www.instagram.com/phillipsauction/
2025-03-27 09:52:38,469 - INFO - FOLLOWING SCRAPER: DEBUG: Link removed. Queue size now: 1858
2025-03-27 09:52:38,469 - INFO - FOLLOWING SCRAPER: DEBUG: Sanitizing and saving 1858 links
2025-03-27 09:52:38,469 - INFO - FOLLOWING SCRAPER: DEBUG: After sanitization: 1858 links (removed 0)
2025-03-27 09:52:38,469 - INFO - FOLLOWING SCRAPER: DEBUG: Successfully saved 1858 links to instagram_data/followingLinks.txt
2025-03-27 09:52:38,469 - INFO - FOLLOWING SCRAPER: DEBUG: Links saved
2025-03-27 09:52:38,469 - INFO - FOLLOWING SCRAPER: Added 0 new relationships to adjacency list (total: 25011)
2025-03-27 09:52:38,469 - INFO - FOLLOWING SCRAPER: Completed 4/54 accounts. 1858 remaining in queue.
2025-03-27 09:52:38,469 - INFO - FOLLOWING SCRAPER: Waiting 5 seconds before next account...
2025-03-27 09:52:38,469 - INFO - FOLLOWING SCRAPER: DEBUG: Processing link #5/54: https://www.instagram.com/filmmovement/
2025-03-27 09:52:38,469 - INFO - FOLLOWING SCRAPER: DEBUG: Before processing - 1858 links in queue
2025-03-27 09:52:38,469 - INFO - FOLLOWING SCRAPER: DEBUG: Account filmmovement in progress data with rate_limited=False
2025-03-27 09:52:38,469 - INFO - FOLLOWING SCRAPER: Processing: https://www.instagram.com/filmmovement/
2025-03-27 09:52:38,469 - INFO - FOLLOWING SCRAPER: Account filmmovement already fully processed. Skipping.
2025-03-27 09:52:38,469 - INFO - FOLLOWING SCRAPER: DEBUG: Removing link from queue: https://www.instagram.com/filmmovement/
2025-03-27 09:52:38,469 - INFO - FOLLOWING SCRAPER: DEBUG: Link removed. Queue size now: 1857
2025-03-27 09:52:38,469 - INFO - FOLLOWING SCRAPER: DEBUG: Sanitizing and saving 1857 links
2025-03-27 09:52:38,469 - INFO - FOLLOWING SCRAPER: DEBUG: After sanitization: 1857 links (removed 0)
2025-03-27 09:52:38,469 - INFO - FOLLOWING SCRAPER: DEBUG: Successfully saved 1857 links to instagram_data/followingLinks.txt
2025-03-27 09:52:38,469 - INFO - FOLLOWING SCRAPER: DEBUG: Links saved
2025-03-27 09:52:38,469 - INFO - FOLLOWING SCRAPER: Added 0 new relationships to adjacency list (total: 25011)
2025-03-27 09:52:38,469 - INFO - FOLLOWING SCRAPER: Completed 5/54 accounts. 1857 remaining in queue.
2025-03-27 09:52:38,469 - INFO - FOLLOWING SCRAPER: Waiting 5 seconds before next account...
2025-03-27 09:52:38,469 - INFO - FOLLOWING SCRAPER: DEBUG: Processing link #6/54: https://www.instagram.com/asian_redbozicowboy/
2025-03-27 09:52:38,469 - INFO - FOLLOWING SCRAPER: DEBUG: Before processing - 1857 links in queue
2025-03-27 09:52:38,469 - INFO - FOLLOWING SCRAPER: DEBUG: Account asian_redbozicowboy in progress data with rate_limited=False
2025-03-27 09:52:38,469 - INFO - FOLLOWING SCRAPER: Processing: https://www.instagram.com/asian_redbozicowboy/
2025-03-27 09:52:38,469 - INFO - FOLLOWING SCRAPER: Account asian_redbozicowboy already fully processed. Skipping.
2025-03-27 09:52:38,469 - INFO - FOLLOWING SCRAPER: DEBUG: Removing link from queue: https://www.instagram.com/asian_redbozicowboy/
2025-03-27 09:52:38,469 - INFO - FOLLOWING SCRAPER: DEBUG: Link removed. Queue size now: 1856
2025-03-27 09:52:38,469 - INFO - FOLLOWING SCRAPER: DEBUG: Sanitizing and saving 1856 links
2025-03-27 09:52:38,469 - INFO - FOLLOWING SCRAPER: DEBUG: After sanitization: 1856 links (removed 0)
2025-03-27 09:52:38,469 - INFO - FOLLOWING SCRAPER: DEBUG: Successfully saved 1856 links to instagram_data/followingLinks.txt
2025-03-27 09:52:38,469 - INFO - FOLLOWING SCRAPER: DEBUG: Links saved
2025-03-27 09:52:38,469 - INFO - FOLLOWING SCRAPER: Added 0 new relationships to adjacency list (total: 25011)
2025-03-27 09:52:38,469 - INFO - FOLLOWING SCRAPER: Completed 6/54 accounts. 1856 remaining in queue.
2025-03-27 09:52:38,469 - INFO - FOLLOWING SCRAPER: Waiting 5 seconds before next account...
2025-03-27 09:52:38,469 - INFO - FOLLOWING SCRAPER: DEBUG: Processing link #7/54: https://www.instagram.com/ccpxi_8964/
2025-03-27 09:52:38,470 - INFO - FOLLOWING SCRAPER: DEBUG: Before processing - 1856 links in queue
2025-03-27 09:52:38,470 - INFO - FOLLOWING SCRAPER: DEBUG: Account ccpxi_8964 in progress data with rate_limited=False
2025-03-27 09:52:38,470 - INFO - FOLLOWING SCRAPER: Processing: https://www.instagram.com/ccpxi_8964/
2025-03-27 09:52:38,470 - INFO - FOLLOWING SCRAPER: Account ccpxi_8964 already fully processed. Skipping.
2025-03-27 09:52:38,470 - INFO - FOLLOWING SCRAPER: DEBUG: Removing link from queue: https://www.instagram.com/ccpxi_8964/
2025-03-27 09:52:38,470 - INFO - FOLLOWING SCRAPER: DEBUG: Link removed. Queue size now: 1855
2025-03-27 09:52:38,470 - INFO - FOLLOWING SCRAPER: DEBUG: Sanitizing and saving 1855 links
2025-03-27 09:52:38,470 - INFO - FOLLOWING SCRAPER: DEBUG: After sanitization: 1855 links (removed 0)
2025-03-27 09:52:38,470 - INFO - FOLLOWING SCRAPER: DEBUG: Successfully saved 1855 links to instagram_data/followingLinks.txt
2025-03-27 09:52:38,470 - INFO - FOLLOWING SCRAPER: DEBUG: Links saved
2025-03-27 09:52:38,470 - INFO - FOLLOWING SCRAPER: Added 0 new relationships to adjacency list (total: 25011)
2025-03-27 09:52:38,470 - INFO - FOLLOWING SCRAPER: Completed 7/54 accounts. 1855 remaining in queue.
2025-03-27 09:52:38,470 - INFO - FOLLOWING SCRAPER: Waiting 5 seconds before next account...
2025-03-27 09:52:38,470 - INFO - FOLLOWING SCRAPER: DEBUG: Processing link #8/54: https://www.instagram.com/ngr.ev/
2025-03-27 09:52:38,470 - INFO - FOLLOWING SCRAPER: DEBUG: Before processing - 1855 links in queue
2025-03-27 09:52:38,470 - INFO - FOLLOWING SCRAPER: DEBUG: Account ngr.ev in progress data with rate_limited=False
2025-03-27 09:52:38,470 - INFO - FOLLOWING SCRAPER: Processing: https://www.instagram.com/ngr.ev/
2025-03-27 09:52:38,470 - INFO - FOLLOWING SCRAPER: Account ngr.ev already fully processed. Skipping.
2025-03-27 09:52:38,470 - INFO - FOLLOWING SCRAPER: DEBUG: Removing link from queue: https://www.instagram.com/ngr.ev/
2025-03-27 09:52:38,470 - INFO - FOLLOWING SCRAPER: DEBUG: Link removed. Queue size now: 1854
2025-03-27 09:52:38,470 - INFO - FOLLOWING SCRAPER: DEBUG: Sanitizing and saving 1854 links
2025-03-27 09:52:38,470 - INFO - FOLLOWING SCRAPER: DEBUG: After sanitization: 1854 links (removed 0)
2025-03-27 09:52:38,470 - INFO - FOLLOWING SCRAPER: DEBUG: Successfully saved 1854 links to instagram_data/followingLinks.txt
2025-03-27 09:52:38,470 - INFO - FOLLOWING SCRAPER: DEBUG: Links saved
2025-03-27 09:52:38,470 - INFO - FOLLOWING SCRAPER: Added 0 new relationships to adjacency list (total: 25011)
2025-03-27 09:52:38,470 - INFO - FOLLOWING SCRAPER: Completed 8/54 accounts. 1854 remaining in queue.
2025-03-27 09:52:38,470 - INFO - FOLLOWING SCRAPER: Waiting 5 seconds before next account...
2025-03-27 09:52:38,470 - INFO - FOLLOWING SCRAPER: DEBUG: Processing link #9/54: https://www.instagram.com/cinema_nighttt/
2025-03-27 09:52:38,470 - INFO - FOLLOWING SCRAPER: DEBUG: Before processing - 1854 links in queue
2025-03-27 09:52:38,470 - INFO - FOLLOWING SCRAPER: DEBUG: Account cinema_nighttt in progress data with rate_limited=False
2025-03-27 09:52:38,470 - INFO - FOLLOWING SCRAPER: Processing: https://www.instagram.com/cinema_nighttt/
2025-03-27 09:52:38,470 - INFO - FOLLOWING SCRAPER: Account cinema_nighttt already fully processed. Skipping.
2025-03-27 09:52:38,470 - INFO - FOLLOWING SCRAPER: DEBUG: Removing link from queue: https://www.instagram.com/cinema_nighttt/
2025-03-27 09:52:38,470 - INFO - FOLLOWING SCRAPER: DEBUG: Link removed. Queue size now: 1853
2025-03-27 09:52:38,470 - INFO - FOLLOWING SCRAPER: DEBUG: Sanitizing and saving 1853 links
2025-03-27 09:52:38,470 - INFO - FOLLOWING SCRAPER: DEBUG: After sanitization: 1853 links (removed 0)
2025-03-27 09:52:38,470 - INFO - FOLLOWING SCRAPER: DEBUG: Successfully saved 1853 links to instagram_data/followingLinks.txt
2025-03-27 09:52:38,470 - INFO - FOLLOWING SCRAPER: DEBUG: Links saved
2025-03-27 09:52:38,470 - INFO - FOLLOWING SCRAPER: Added 0 new relationships to adjacency list (total: 25011)
2025-03-27 09:52:38,470 - INFO - FOLLOWING SCRAPER: Completed 9/54 accounts. 1853 remaining in queue.
2025-03-27 09:52:38,470 - INFO - FOLLOWING SCRAPER: Waiting 5 seconds before next account...
2025-03-27 09:52:38,470 - INFO - FOLLOWING SCRAPER: DEBUG: Processing link #10/54: https://www.instagram.com/thedizzyviper/
2025-03-27 09:52:38,470 - INFO - FOLLOWING SCRAPER: DEBUG: Before processing - 1853 links in queue
2025-03-27 09:52:38,470 - INFO - FOLLOWING SCRAPER: DEBUG: Account thedizzyviper in progress data with rate_limited=False
2025-03-27 09:52:38,470 - INFO - FOLLOWING SCRAPER: Processing: https://www.instagram.com/thedizzyviper/
2025-03-27 09:52:38,470 - INFO - FOLLOWING SCRAPER: Account thedizzyviper already fully processed. Skipping.
2025-03-27 09:52:38,470 - INFO - FOLLOWING SCRAPER: DEBUG: Removing link from queue: https://www.instagram.com/thedizzyviper/
2025-03-27 09:52:38,470 - INFO - FOLLOWING SCRAPER: DEBUG: Link removed. Queue size now: 1852
2025-03-27 09:52:38,470 - INFO - FOLLOWING SCRAPER: DEBUG: Sanitizing and saving 1852 links
2025-03-27 09:52:38,470 - INFO - FOLLOWING SCRAPER: DEBUG: After sanitization: 1852 links (removed 0)
2025-03-27 09:52:38,470 - INFO - FOLLOWING SCRAPER: DEBUG: Successfully saved 1852 links to instagram_data/followingLinks.txt
2025-03-27 09:52:38,470 - INFO - FOLLOWING SCRAPER: DEBUG: Links saved
2025-03-27 09:52:38,470 - INFO - FOLLOWING SCRAPER: Added 0 new relationships to adjacency list (total: 25011)
2025-03-27 09:52:38,470 - INFO - FOLLOWING SCRAPER: Completed 10/54 accounts. 1852 remaining in queue.
2025-03-27 09:52:38,470 - INFO - FOLLOWING SCRAPER: Waiting 5 seconds before next account...
2025-03-27 09:52:38,470 - INFO - FOLLOWING SCRAPER: DEBUG: Processing link #11/54: https://www.instagram.com/laclefrevival/
2025-03-27 09:52:38,470 - INFO - FOLLOWING SCRAPER: DEBUG: Before processing - 1852 links in queue
2025-03-27 09:52:38,470 - INFO - FOLLOWING SCRAPER: DEBUG: Account laclefrevival in progress data with rate_limited=False
2025-03-27 09:52:38,470 - INFO - FOLLOWING SCRAPER: Processing: https://www.instagram.com/laclefrevival/
2025-03-27 09:52:38,471 - INFO - FOLLOWING SCRAPER: Account laclefrevival already fully processed. Skipping.
2025-03-27 09:52:38,471 - INFO - FOLLOWING SCRAPER: DEBUG: Removing link from queue: https://www.instagram.com/laclefrevival/
2025-03-27 09:52:38,471 - INFO - FOLLOWING SCRAPER: DEBUG: Link removed. Queue size now: 1851
2025-03-27 09:52:38,471 - INFO - FOLLOWING SCRAPER: DEBUG: Sanitizing and saving 1851 links
2025-03-27 09:52:38,471 - INFO - FOLLOWING SCRAPER: DEBUG: After sanitization: 1851 links (removed 0)
2025-03-27 09:52:38,471 - INFO - FOLLOWING SCRAPER: DEBUG: Successfully saved 1851 links to instagram_data/followingLinks.txt
2025-03-27 09:52:38,471 - INFO - FOLLOWING SCRAPER: DEBUG: Links saved
2025-03-27 09:52:38,471 - INFO - FOLLOWING SCRAPER: Added 0 new relationships to adjacency list (total: 25011)
2025-03-27 09:52:38,471 - INFO - FOLLOWING SCRAPER: Completed 11/54 accounts. 1851 remaining in queue.
2025-03-27 09:52:38,471 - INFO - FOLLOWING SCRAPER: Waiting 5 seconds before next account...
2025-03-27 09:52:38,471 - INFO - FOLLOWING SCRAPER: DEBUG: Processing link #12/54: https://www.instagram.com/byboyfantasy/
2025-03-27 09:52:38,471 - INFO - FOLLOWING SCRAPER: DEBUG: Before processing - 1851 links in queue
2025-03-27 09:52:38,471 - INFO - FOLLOWING SCRAPER: DEBUG: Account byboyfantasy in progress data with rate_limited=False
2025-03-27 09:52:38,471 - INFO - FOLLOWING SCRAPER: Processing: https://www.instagram.com/byboyfantasy/
2025-03-27 09:52:38,471 - INFO - FOLLOWING SCRAPER: Account byboyfantasy already fully processed. Skipping.
2025-03-27 09:52:38,471 - INFO - FOLLOWING SCRAPER: DEBUG: Removing link from queue: https://www.instagram.com/byboyfantasy/
2025-03-27 09:52:38,471 - INFO - FOLLOWING SCRAPER: DEBUG: Link removed. Queue size now: 1850
2025-03-27 09:52:38,471 - INFO - FOLLOWING SCRAPER: DEBUG: Sanitizing and saving 1850 links
2025-03-27 09:52:38,471 - INFO - FOLLOWING SCRAPER: DEBUG: After sanitization: 1850 links (removed 0)
2025-03-27 09:52:38,471 - INFO - FOLLOWING SCRAPER: DEBUG: Successfully saved 1850 links to instagram_data/followingLinks.txt
2025-03-27 09:52:38,471 - INFO - FOLLOWING SCRAPER: DEBUG: Links saved
2025-03-27 09:52:38,471 - INFO - FOLLOWING SCRAPER: Added 0 new relationships to adjacency list (total: 25011)
2025-03-27 09:52:38,471 - INFO - FOLLOWING SCRAPER: Completed 12/54 accounts. 1850 remaining in queue.
2025-03-27 09:52:38,471 - INFO - FOLLOWING SCRAPER: Waiting 5 seconds before next account...
2025-03-27 09:52:38,471 - INFO - FOLLOWING SCRAPER: DEBUG: Processing link #13/54: https://www.instagram.com/manofdutch/
2025-03-27 09:52:38,471 - INFO - FOLLOWING SCRAPER: DEBUG: Before processing - 1850 links in queue
2025-03-27 09:52:38,471 - INFO - FOLLOWING SCRAPER: DEBUG: Account manofdutch in progress data with rate_limited=False
2025-03-27 09:52:38,471 - INFO - FOLLOWING SCRAPER: Processing: https://www.instagram.com/manofdutch/
2025-03-27 09:52:38,471 - INFO - FOLLOWING SCRAPER: Account manofdutch already fully processed. Skipping.
2025-03-27 09:52:38,471 - INFO - FOLLOWING SCRAPER: DEBUG: Removing link from queue: https://www.instagram.com/manofdutch/
2025-03-27 09:52:38,471 - INFO - FOLLOWING SCRAPER: DEBUG: Link removed. Queue size now: 1849
2025-03-27 09:52:38,471 - INFO - FOLLOWING SCRAPER: DEBUG: Sanitizing and saving 1849 links
2025-03-27 09:52:38,471 - INFO - FOLLOWING SCRAPER: DEBUG: After sanitization: 1849 links (removed 0)
2025-03-27 09:52:38,471 - INFO - FOLLOWING SCRAPER: DEBUG: Successfully saved 1849 links to instagram_data/followingLinks.txt
2025-03-27 09:52:38,471 - INFO - FOLLOWING SCRAPER: DEBUG: Links saved
2025-03-27 09:52:38,471 - INFO - FOLLOWING SCRAPER: Added 0 new relationships to adjacency list (total: 25011)
2025-03-27 09:52:38,471 - INFO - FOLLOWING SCRAPER: Completed 13/54 accounts. 1849 remaining in queue.
2025-03-27 09:52:38,471 - INFO - FOLLOWING SCRAPER: Waiting 5 seconds before next account...
2025-03-27 09:52:38,471 - INFO - FOLLOWING SCRAPER: DEBUG: Processing link #14/54: https://www.instagram.com/thefineartcollective/
2025-03-27 09:52:38,471 - INFO - FOLLOWING SCRAPER: DEBUG: Before processing - 1849 links in queue
2025-03-27 09:52:38,471 - INFO - FOLLOWING SCRAPER: DEBUG: Account thefineartcollective in progress data with rate_limited=False
2025-03-27 09:52:38,471 - INFO - FOLLOWING SCRAPER: Processing: https://www.instagram.com/thefineartcollective/
2025-03-27 09:52:38,471 - INFO - FOLLOWING SCRAPER: Account thefineartcollective already fully processed. Skipping.
2025-03-27 09:52:38,471 - INFO - FOLLOWING SCRAPER: DEBUG: Removing link from queue: https://www.instagram.com/thefineartcollective/
2025-03-27 09:52:38,471 - INFO - FOLLOWING SCRAPER: DEBUG: Link removed. Queue size now: 1848
2025-03-27 09:52:38,471 - INFO - FOLLOWING SCRAPER: DEBUG: Sanitizing and saving 1848 links
2025-03-27 09:52:38,471 - INFO - FOLLOWING SCRAPER: DEBUG: After sanitization: 1848 links (removed 0)
2025-03-27 09:52:38,471 - INFO - FOLLOWING SCRAPER: DEBUG: Successfully saved 1848 links to instagram_data/followingLinks.txt
2025-03-27 09:52:38,471 - INFO - FOLLOWING SCRAPER: DEBUG: Links saved
2025-03-27 09:52:38,471 - INFO - FOLLOWING SCRAPER: Added 0 new relationships to adjacency list (total: 25011)
2025-03-27 09:52:38,471 - INFO - FOLLOWING SCRAPER: Completed 14/54 accounts. 1848 remaining in queue.
2025-03-27 09:52:38,471 - INFO - FOLLOWING SCRAPER: Waiting 5 seconds before next account...
2025-03-27 09:52:38,471 - INFO - FOLLOWING SCRAPER: DEBUG: Processing link #15/54: https://www.instagram.com/ccclare_/
2025-03-27 09:52:38,471 - INFO - FOLLOWING SCRAPER: DEBUG: Before processing - 1848 links in queue
2025-03-27 09:52:38,471 - INFO - FOLLOWING SCRAPER: DEBUG: Account ccclare_ in progress data with rate_limited=False
2025-03-27 09:52:38,471 - INFO - FOLLOWING SCRAPER: DEBUG: Skipping already processed account: ccclare_
2025-03-27 09:52:38,471 - INFO - FOLLOWING SCRAPER: DEBUG: Sanitizing and saving 1847 links
2025-03-27 09:52:38,471 - INFO - FOLLOWING SCRAPER: DEBUG: After sanitization: 1847 links (removed 0)
2025-03-27 09:52:38,471 - INFO - FOLLOWING SCRAPER: DEBUG: Successfully saved 1847 links to instagram_data/followingLinks.txt
2025-03-27 09:52:38,472 - INFO - FOLLOWING SCRAPER: DEBUG: Processing link #16/54: https://www.instagram.com/rubyyyyyying/
2025-03-27 09:52:38,472 - INFO - FOLLOWING SCRAPER: DEBUG: Before processing - 1847 links in queue
2025-03-27 09:52:38,472 - INFO - FOLLOWING SCRAPER: DEBUG: Account rubyyyyyying in progress data with rate_limited=False
2025-03-27 09:52:38,472 - INFO - FOLLOWING SCRAPER: DEBUG: Skipping already processed account: rubyyyyyying
2025-03-27 09:52:38,472 - INFO - FOLLOWING SCRAPER: DEBUG: Sanitizing and saving 1846 links
2025-03-27 09:52:38,472 - INFO - FOLLOWING SCRAPER: DEBUG: After sanitization: 1846 links (removed 0)
2025-03-27 09:52:38,472 - INFO - FOLLOWING SCRAPER: DEBUG: Successfully saved 1846 links to instagram_data/followingLinks.txt
2025-03-27 09:52:38,472 - INFO - FOLLOWING SCRAPER: DEBUG: Processing link #17/54: https://www.instagram.com/yitingzhang/
2025-03-27 09:52:38,472 - INFO - FOLLOWING SCRAPER: DEBUG: Before processing - 1846 links in queue
2025-03-27 09:52:38,472 - INFO - FOLLOWING SCRAPER: DEBUG: Account yitingzhang in progress data with rate_limited=False
2025-03-27 09:52:38,472 - INFO - FOLLOWING SCRAPER: DEBUG: Skipping already processed account: yitingzhang
2025-03-27 09:52:38,472 - INFO - FOLLOWING SCRAPER: DEBUG: Sanitizing and saving 1845 links
2025-03-27 09:52:38,472 - INFO - FOLLOWING SCRAPER: DEBUG: After sanitization: 1845 links (removed 0)
2025-03-27 09:52:38,472 - INFO - FOLLOWING SCRAPER: DEBUG: Successfully saved 1845 links to instagram_data/followingLinks.txt
2025-03-27 09:52:38,472 - INFO - FOLLOWING SCRAPER: DEBUG: Processing link #18/54: https://www.instagram.com/claire.qiu_/
2025-03-27 09:52:38,472 - INFO - FOLLOWING SCRAPER: DEBUG: Before processing - 1845 links in queue
2025-03-27 09:52:38,472 - INFO - FOLLOWING SCRAPER: DEBUG: Account claire.qiu_ in progress data with rate_limited=False
2025-03-27 09:52:38,475 - INFO - FOLLOWING SCRAPER: DEBUG: Skipping already processed account: claire.qiu_
2025-03-27 09:52:38,475 - INFO - FOLLOWING SCRAPER: DEBUG: Sanitizing and saving 1844 links
2025-03-27 09:52:38,476 - INFO - FOLLOWING SCRAPER: DEBUG: After sanitization: 1844 links (removed 0)
2025-03-27 09:52:38,476 - INFO - FOLLOWING SCRAPER: DEBUG: Successfully saved 1844 links to instagram_data/followingLinks.txt
2025-03-27 09:52:38,476 - INFO - FOLLOWING SCRAPER: DEBUG: Processing link #19/54: https://www.instagram.com/jialuu__/
2025-03-27 09:52:38,476 - INFO - FOLLOWING SCRAPER: DEBUG: Before processing - 1844 links in queue
2025-03-27 09:52:38,476 - INFO - FOLLOWING SCRAPER: DEBUG: Account jialuu__ in progress data with rate_limited=False
2025-03-27 09:52:38,476 - INFO - FOLLOWING SCRAPER: DEBUG: Skipping already processed account: jialuu__
2025-03-27 09:52:38,476 - INFO - FOLLOWING SCRAPER: DEBUG: Sanitizing and saving 1843 links
2025-03-27 09:52:38,476 - INFO - FOLLOWING SCRAPER: DEBUG: After sanitization: 1843 links (removed 0)
2025-03-27 09:52:38,476 - INFO - FOLLOWING SCRAPER: DEBUG: Successfully saved 1843 links to instagram_data/followingLinks.txt
2025-03-27 09:52:38,476 - INFO - FOLLOWING SCRAPER: DEBUG: Processing link #20/54: https://www.instagram.com/dawn_rz_/
2025-03-27 09:52:38,476 - INFO - FOLLOWING SCRAPER: DEBUG: Before processing - 1843 links in queue
2025-03-27 09:52:38,476 - INFO - FOLLOWING SCRAPER: DEBUG: Account dawn_rz_ in progress data with rate_limited=False
2025-03-27 09:52:38,476 - INFO - FOLLOWING SCRAPER: DEBUG: Skipping already processed account: dawn_rz_
2025-03-27 09:52:38,476 - INFO - FOLLOWING SCRAPER: DEBUG: Sanitizing and saving 1842 links
2025-03-27 09:52:38,476 - INFO - FOLLOWING SCRAPER: DEBUG: After sanitization: 1842 links (removed 0)
2025-03-27 09:52:38,477 - INFO - FOLLOWING SCRAPER: DEBUG: Successfully saved 1842 links to instagram_data/followingLinks.txt
2025-03-27 09:52:38,477 - INFO - FOLLOWING SCRAPER: DEBUG: Processing link #21/54: https://www.instagram.com/archer222arc/
2025-03-27 09:52:38,477 - INFO - FOLLOWING SCRAPER: DEBUG: Before processing - 1842 links in queue
2025-03-27 09:52:38,477 - INFO - FOLLOWING SCRAPER: DEBUG: Account archer222arc in progress data with rate_limited=False
2025-03-27 09:52:38,477 - INFO - FOLLOWING SCRAPER: DEBUG: Skipping already processed account: archer222arc
2025-03-27 09:52:38,477 - INFO - FOLLOWING SCRAPER: DEBUG: Sanitizing and saving 1841 links
2025-03-27 09:52:38,477 - INFO - FOLLOWING SCRAPER: DEBUG: After sanitization: 1841 links (removed 0)
2025-03-27 09:52:38,477 - INFO - FOLLOWING SCRAPER: DEBUG: Successfully saved 1841 links to instagram_data/followingLinks.txt
2025-03-27 09:52:38,477 - INFO - FOLLOWING SCRAPER: DEBUG: Processing link #22/54: https://www.instagram.com/aaannie_wang/
2025-03-27 09:52:38,477 - INFO - FOLLOWING SCRAPER: DEBUG: Before processing - 1841 links in queue
2025-03-27 09:53:47,301 - INFO - FOLLOWING SCRAPER: DEBUG: Account aaannie_wang in progress data with rate_limited=False
2025-03-27 09:53:47,302 - INFO - FOLLOWING SCRAPER: DEBUG: Skipping already processed account: aaannie_wang
2025-03-27 09:53:47,302 - INFO - FOLLOWING SCRAPER: DEBUG: Sanitizing and saving 1840 links
2025-03-27 09:53:47,302 - INFO - FOLLOWING SCRAPER: DEBUG: After sanitization: 1840 links (removed 0)
2025-03-27 09:53:47,302 - INFO - FOLLOWING SCRAPER: DEBUG: Successfully saved 1840 links to instagram_data/followingLinks.txt
2025-03-27 09:53:47,302 - INFO - FOLLOWING SCRAPER: DEBUG: Processing link #23/54: https://www.instagram.com/ivyyyl_/
2025-03-27 09:53:47,302 - INFO - FOLLOWING SCRAPER: DEBUG: Before processing - 1840 links in queue
2025-03-27 09:53:47,302 - INFO - FOLLOWING SCRAPER: DEBUG: Account ivyyyl_ in progress data with rate_limited=False
2025-03-27 09:53:47,302 - INFO - FOLLOWING SCRAPER: DEBUG: Skipping already processed account: ivyyyl_
2025-03-27 09:53:47,302 - INFO - FOLLOWING SCRAPER: DEBUG: Sanitizing and saving 1839 links
2025-03-27 09:53:47,302 - INFO - FOLLOWING SCRAPER: DEBUG: After sanitization: 1839 links (removed 0)
2025-03-27 09:53:47,302 - INFO - FOLLOWING SCRAPER: DEBUG: Successfully saved 1839 links to instagram_data/followingLinks.txt
2025-03-27 09:53:47,302 - INFO - FOLLOWING SCRAPER: DEBUG: Processing link #24/54: https://www.instagram.com/yezirong/
2025-03-27 09:53:47,302 - INFO - FOLLOWING SCRAPER: DEBUG: Before processing - 1839 links in queue
2025-03-27 09:53:47,302 - INFO - FOLLOWING SCRAPER: DEBUG: Account yezirong in progress data with rate_limited=False
2025-03-27 09:53:47,302 - INFO - FOLLOWING SCRAPER: DEBUG: Skipping already processed account: yezirong
2025-03-27 09:53:47,302 - INFO - FOLLOWING SCRAPER: DEBUG: Sanitizing and saving 1838 links
2025-03-27 09:53:47,303 - INFO - FOLLOWING SCRAPER: DEBUG: After sanitization: 1838 links (removed 0)
2025-03-27 09:53:47,303 - INFO - FOLLOWING SCRAPER: DEBUG: Successfully saved 1838 links to instagram_data/followingLinks.txt
2025-03-27 09:53:47,303 - INFO - FOLLOWING SCRAPER: DEBUG: Processing link #25/54: https://www.instagram.com/hesens05/
2025-03-27 09:53:47,303 - INFO - FOLLOWING SCRAPER: DEBUG: Before processing - 1838 links in queue
2025-03-27 09:53:47,303 - INFO - FOLLOWING SCRAPER: DEBUG: Account hesens05 in progress data with rate_limited=False
2025-03-27 09:53:47,303 - INFO - FOLLOWING SCRAPER: DEBUG: Skipping already processed account: hesens05
2025-03-27 09:53:47,303 - INFO - FOLLOWING SCRAPER: DEBUG: Sanitizing and saving 1837 links
2025-03-27 09:53:47,303 - INFO - FOLLOWING SCRAPER: DEBUG: After sanitization: 1837 links (removed 0)
2025-03-27 09:53:47,303 - INFO - FOLLOWING SCRAPER: DEBUG: Successfully saved 1837 links to instagram_data/followingLinks.txt
2025-03-27 09:53:47,303 - INFO - FOLLOWING SCRAPER: DEBUG: Processing link #26/54: https://www.instagram.com/angelakkk_/
2025-03-27 09:53:47,303 - INFO - FOLLOWING SCRAPER: DEBUG: Before processing - 1837 links in queue
2025-03-27 09:53:47,303 - INFO - FOLLOWING SCRAPER: DEBUG: Account angelakkk_ in progress data with rate_limited=False
2025-03-27 09:53:47,303 - INFO - FOLLOWING SCRAPER: DEBUG: Skipping already processed account: angelakkk_
2025-03-27 09:53:47,303 - INFO - FOLLOWING SCRAPER: DEBUG: Sanitizing and saving 1836 links
2025-03-27 09:53:47,303 - INFO - FOLLOWING SCRAPER: DEBUG: After sanitization: 1836 links (removed 0)
2025-03-27 09:53:47,303 - INFO - FOLLOWING SCRAPER: DEBUG: Successfully saved 1836 links to instagram_data/followingLinks.txt
2025-03-27 09:53:47,303 - INFO - FOLLOWING SCRAPER: DEBUG: Processing link #27/54: https://www.instagram.com/as_cool_as_cucumber_amber/
2025-03-27 09:53:47,303 - INFO - FOLLOWING SCRAPER: DEBUG: Before processing - 1836 links in queue
2025-03-27 09:53:47,303 - INFO - FOLLOWING SCRAPER: DEBUG: Account as_cool_as_cucumber_amber in progress data with rate_limited=False
2025-03-27 09:53:47,303 - INFO - FOLLOWING SCRAPER: DEBUG: Skipping already processed account: as_cool_as_cucumber_amber
2025-03-27 09:53:47,303 - INFO - FOLLOWING SCRAPER: DEBUG: Sanitizing and saving 1835 links
2025-03-27 09:53:47,303 - INFO - FOLLOWING SCRAPER: DEBUG: After sanitization: 1835 links (removed 0)
2025-03-27 09:53:47,303 - INFO - FOLLOWING SCRAPER: DEBUG: Successfully saved 1835 links to instagram_data/followingLinks.txt
2025-03-27 09:53:47,303 - INFO - FOLLOWING SCRAPER: DEBUG: Processing link #28/54: https://www.instagram.com/schuwii_z/
2025-03-27 09:53:47,303 - INFO - FOLLOWING SCRAPER: DEBUG: Before processing - 1835 links in queue
2025-03-27 09:53:47,303 - INFO - FOLLOWING SCRAPER: DEBUG: Account schuwii_z in progress data with rate_limited=False
2025-03-27 09:53:47,303 - INFO - FOLLOWING SCRAPER: DEBUG: Skipping already processed account: schuwii_z
2025-03-27 09:53:47,303 - INFO - FOLLOWING SCRAPER: DEBUG: Sanitizing and saving 1834 links
2025-03-27 09:53:47,303 - INFO - FOLLOWING SCRAPER: DEBUG: After sanitization: 1834 links (removed 0)
2025-03-27 09:53:47,303 - INFO - FOLLOWING SCRAPER: DEBUG: Successfully saved 1834 links to instagram_data/followingLinks.txt
2025-03-27 09:53:47,303 - INFO - FOLLOWING SCRAPER: DEBUG: Processing link #29/54: https://www.instagram.com/khriswu8/
2025-03-27 09:53:47,303 - INFO - FOLLOWING SCRAPER: DEBUG: Before processing - 1834 links in queue
2025-03-27 09:53:47,303 - INFO - FOLLOWING SCRAPER: DEBUG: Account khriswu8 in progress data with rate_limited=False
2025-03-27 09:53:47,303 - INFO - FOLLOWING SCRAPER: DEBUG: Skipping already processed account: khriswu8
2025-03-27 09:53:47,303 - INFO - FOLLOWING SCRAPER: DEBUG: Sanitizing and saving 1833 links
2025-03-27 09:53:47,303 - INFO - FOLLOWING SCRAPER: DEBUG: After sanitization: 1833 links (removed 0)
2025-03-27 09:53:47,303 - INFO - FOLLOWING SCRAPER: DEBUG: Successfully saved 1833 links to instagram_data/followingLinks.txt
2025-03-27 09:53:47,303 - INFO - FOLLOWING SCRAPER: DEBUG: Processing link #30/54: https://www.instagram.com/karena88888/
2025-03-27 09:53:47,303 - INFO - FOLLOWING SCRAPER: DEBUG: Before processing - 1833 links in queue
2025-03-27 09:53:47,303 - INFO - FOLLOWING SCRAPER: DEBUG: Account karena88888 in progress data with rate_limited=False
2025-03-27 09:53:47,303 - INFO - FOLLOWING SCRAPER: DEBUG: Skipping already processed account: karena88888
2025-03-27 09:53:47,303 - INFO - FOLLOWING SCRAPER: DEBUG: Sanitizing and saving 1832 links
2025-03-27 09:53:47,303 - INFO - FOLLOWING SCRAPER: DEBUG: After sanitization: 1832 links (removed 0)
2025-03-27 09:53:47,303 - INFO - FOLLOWING SCRAPER: DEBUG: Successfully saved 1832 links to instagram_data/followingLinks.txt
2025-03-27 09:53:47,303 - INFO - FOLLOWING SCRAPER: DEBUG: Processing link #31/54: https://www.instagram.com/donsonn/
2025-03-27 09:53:47,303 - INFO - FOLLOWING SCRAPER: DEBUG: Before processing - 1832 links in queue
2025-03-27 09:53:47,303 - INFO - FOLLOWING SCRAPER: DEBUG: Account donsonn in progress data with rate_limited=False
2025-03-27 09:53:47,303 - INFO - FOLLOWING SCRAPER: DEBUG: Skipping already processed account: donsonn
2025-03-27 09:53:47,303 - INFO - FOLLOWING SCRAPER: DEBUG: Sanitizing and saving 1831 links
2025-03-27 09:53:47,303 - INFO - FOLLOWING SCRAPER: DEBUG: After sanitization: 1831 links (removed 0)
2025-03-27 09:53:47,304 - INFO - FOLLOWING SCRAPER: DEBUG: Successfully saved 1831 links to instagram_data/followingLinks.txt
2025-03-27 09:53:47,304 - INFO - FOLLOWING SCRAPER: DEBUG: Processing link #32/54: https://www.instagram.com/chenggao1999/
2025-03-27 09:53:47,304 - INFO - FOLLOWING SCRAPER: DEBUG: Before processing - 1831 links in queue
2025-03-27 09:53:47,304 - INFO - FOLLOWING SCRAPER: DEBUG: Account chenggao1999 in progress data with rate_limited=False
2025-03-27 09:53:47,304 - INFO - FOLLOWING SCRAPER: DEBUG: Skipping already processed account: chenggao1999
2025-03-27 09:53:47,304 - INFO - FOLLOWING SCRAPER: DEBUG: Sanitizing and saving 1830 links
2025-03-27 09:53:47,304 - INFO - FOLLOWING SCRAPER: DEBUG: After sanitization: 1830 links (removed 0)
2025-03-27 09:53:47,304 - INFO - FOLLOWING SCRAPER: DEBUG: Successfully saved 1830 links to instagram_data/followingLinks.txt
2025-03-27 09:53:47,304 - INFO - FOLLOWING SCRAPER: DEBUG: Processing link #33/54: https://www.instagram.com/whitehouse/
2025-03-27 09:53:47,304 - INFO - FOLLOWING SCRAPER: DEBUG: Before processing - 1830 links in queue
2025-03-27 09:53:47,304 - INFO - FOLLOWING SCRAPER: DEBUG: Account whitehouse in progress data with rate_limited=False
2025-03-27 09:53:47,304 - INFO - FOLLOWING SCRAPER: DEBUG: Skipping already processed account: whitehouse
2025-03-27 09:53:47,304 - INFO - FOLLOWING SCRAPER: DEBUG: Sanitizing and saving 1829 links
2025-03-27 09:53:47,304 - INFO - FOLLOWING SCRAPER: DEBUG: After sanitization: 1829 links (removed 0)
2025-03-27 09:53:47,304 - INFO - FOLLOWING SCRAPER: DEBUG: Successfully saved 1829 links to instagram_data/followingLinks.txt
2025-03-27 09:53:47,304 - INFO - FOLLOWING SCRAPER: DEBUG: Processing link #34/54: https://www.instagram.com/the_sstan/
2025-03-27 09:53:47,304 - INFO - FOLLOWING SCRAPER: DEBUG: Before processing - 1829 links in queue
2025-03-27 09:53:47,304 - INFO - FOLLOWING SCRAPER: DEBUG: Account the_sstan in progress data with rate_limited=False
2025-03-27 09:53:47,304 - INFO - FOLLOWING SCRAPER: DEBUG: Skipping already processed account: the_sstan
2025-03-27 09:53:47,304 - INFO - FOLLOWING SCRAPER: DEBUG: Sanitizing and saving 1828 links
2025-03-27 09:53:47,304 - INFO - FOLLOWING SCRAPER: DEBUG: After sanitization: 1828 links (removed 0)
2025-03-27 09:53:47,304 - INFO - FOLLOWING SCRAPER: DEBUG: Successfully saved 1828 links to instagram_data/followingLinks.txt
2025-03-27 09:53:47,304 - INFO - FOLLOWING SCRAPER: DEBUG: Processing link #35/54: https://www.instagram.com/jeanne_andreaa/
2025-03-27 09:53:47,304 - INFO - FOLLOWING SCRAPER: DEBUG: Before processing - 1828 links in queue
2025-03-27 09:53:47,304 - INFO - FOLLOWING SCRAPER: DEBUG: Account jeanne_andreaa in progress data with rate_limited=False
2025-03-27 09:53:47,304 - INFO - FOLLOWING SCRAPER: DEBUG: Skipping already processed account: jeanne_andreaa
2025-03-27 09:53:47,304 - INFO - FOLLOWING SCRAPER: DEBUG: Sanitizing and saving 1827 links
2025-03-27 09:53:47,304 - INFO - FOLLOWING SCRAPER: DEBUG: After sanitization: 1827 links (removed 0)
2025-03-27 09:53:47,304 - INFO - FOLLOWING SCRAPER: DEBUG: Successfully saved 1827 links to instagram_data/followingLinks.txt
2025-03-27 09:53:47,304 - INFO - FOLLOWING SCRAPER: DEBUG: Processing link #36/54: https://www.instagram.com/xuleqi926/
2025-03-27 09:53:47,304 - INFO - FOLLOWING SCRAPER: DEBUG: Before processing - 1827 links in queue
2025-03-27 09:53:47,304 - INFO - FOLLOWING SCRAPER: DEBUG: Account xuleqi926 in progress data with rate_limited=False
2025-03-27 09:53:47,304 - INFO - FOLLOWING SCRAPER: DEBUG: Skipping already processed account: xuleqi926
2025-03-27 09:53:47,304 - INFO - FOLLOWING SCRAPER: DEBUG: Sanitizing and saving 1826 links
2025-03-27 09:53:47,304 - INFO - FOLLOWING SCRAPER: DEBUG: After sanitization: 1826 links (removed 0)
2025-03-27 09:53:47,304 - INFO - FOLLOWING SCRAPER: DEBUG: Successfully saved 1826 links to instagram_data/followingLinks.txt
2025-03-27 09:53:47,304 - INFO - FOLLOWING SCRAPER: DEBUG: Processing link #37/54: https://www.instagram.com/electronicartsintermix/
2025-03-27 09:53:47,304 - INFO - FOLLOWING SCRAPER: DEBUG: Before processing - 1826 links in queue
2025-03-27 09:53:47,304 - INFO - FOLLOWING SCRAPER: DEBUG: Account electronicartsintermix in progress data with rate_limited=False
2025-03-27 09:53:47,304 - INFO - FOLLOWING SCRAPER: DEBUG: Skipping already processed account: electronicartsintermix
2025-03-27 09:53:47,304 - INFO - FOLLOWING SCRAPER: DEBUG: Sanitizing and saving 1825 links
2025-03-27 09:53:47,305 - INFO - FOLLOWING SCRAPER: DEBUG: After sanitization: 1825 links (removed 0)
2025-03-27 09:53:47,305 - INFO - FOLLOWING SCRAPER: DEBUG: Successfully saved 1825 links to instagram_data/followingLinks.txt
2025-03-27 09:53:47,305 - INFO - FOLLOWING SCRAPER: DEBUG: Processing link #38/54: https://www.instagram.com/parissfch/
2025-03-27 09:53:47,305 - INFO - FOLLOWING SCRAPER: DEBUG: Before processing - 1825 links in queue
2025-03-27 09:53:47,305 - INFO - FOLLOWING SCRAPER: DEBUG: Account parissfch in progress data with rate_limited=False
2025-03-27 09:53:47,305 - INFO - FOLLOWING SCRAPER: DEBUG: Skipping already processed account: parissfch
2025-03-27 09:53:47,305 - INFO - FOLLOWING SCRAPER: DEBUG: Sanitizing and saving 1824 links
2025-03-27 09:53:47,305 - INFO - FOLLOWING SCRAPER: DEBUG: After sanitization: 1824 links (removed 0)
2025-03-27 09:53:47,305 - INFO - FOLLOWING SCRAPER: DEBUG: Successfully saved 1824 links to instagram_data/followingLinks.txt
2025-03-27 09:53:47,305 - INFO - FOLLOWING SCRAPER: DEBUG: Processing link #39/54: https://www.instagram.com/nytimestravel/
2025-03-27 09:53:47,305 - INFO - FOLLOWING SCRAPER: DEBUG: Before processing - 1824 links in queue
2025-03-27 09:53:47,305 - INFO - FOLLOWING SCRAPER: DEBUG: Account nytimestravel in progress data with rate_limited=False
2025-03-27 09:53:47,305 - INFO - FOLLOWING SCRAPER: DEBUG: Skipping already processed account: nytimestravel
2025-03-27 09:53:47,305 - INFO - FOLLOWING SCRAPER: DEBUG: Sanitizing and saving 1823 links
2025-03-27 09:53:47,305 - INFO - FOLLOWING SCRAPER: DEBUG: After sanitization: 1823 links (removed 0)
2025-03-27 09:53:47,305 - INFO - FOLLOWING SCRAPER: DEBUG: Successfully saved 1823 links to instagram_data/followingLinks.txt
2025-03-27 09:53:47,305 - INFO - FOLLOWING SCRAPER: DEBUG: Processing link #40/54: https://www.instagram.com/nytimes/
2025-03-27 09:53:47,305 - INFO - FOLLOWING SCRAPER: DEBUG: Before processing - 1823 links in queue
2025-03-27 09:53:47,305 - INFO - FOLLOWING SCRAPER: DEBUG: Account nytimes in progress data with rate_limited=False
2025-03-27 09:53:47,305 - INFO - FOLLOWING SCRAPER: DEBUG: Skipping already processed account: nytimes
2025-03-27 09:53:47,305 - INFO - FOLLOWING SCRAPER: DEBUG: Sanitizing and saving 1822 links
2025-03-27 09:53:47,305 - INFO - FOLLOWING SCRAPER: DEBUG: After sanitization: 1822 links (removed 0)
2025-03-27 09:53:47,305 - INFO - FOLLOWING SCRAPER: DEBUG: Successfully saved 1822 links to instagram_data/followingLinks.txt
2025-03-27 09:53:47,305 - INFO - FOLLOWING SCRAPER: DEBUG: Processing link #41/54: https://www.instagram.com/a24/
2025-03-27 09:53:47,305 - INFO - FOLLOWING SCRAPER: DEBUG: Before processing - 1822 links in queue
2025-03-27 09:53:47,305 - INFO - FOLLOWING SCRAPER: DEBUG: Account a24 in progress data with rate_limited=False
2025-03-27 09:53:47,305 - INFO - FOLLOWING SCRAPER: DEBUG: Skipping already processed account: a24
2025-03-27 09:53:47,305 - INFO - FOLLOWING SCRAPER: DEBUG: Sanitizing and saving 1821 links
2025-03-27 09:53:47,305 - INFO - FOLLOWING SCRAPER: DEBUG: After sanitization: 1821 links (removed 0)
2025-03-27 09:53:47,305 - INFO - FOLLOWING SCRAPER: DEBUG: Successfully saved 1821 links to instagram_data/followingLinks.txt
2025-03-27 09:53:47,305 - INFO - FOLLOWING SCRAPER: DEBUG: Processing link #42/54: https://www.instagram.com/classaholic/
2025-03-27 09:53:47,305 - INFO - FOLLOWING SCRAPER: DEBUG: Before processing - 1821 links in queue
2025-03-27 09:53:47,305 - INFO - FOLLOWING SCRAPER: DEBUG: Account classaholic in progress data with rate_limited=False
2025-03-27 09:53:47,305 - INFO - FOLLOWING SCRAPER: DEBUG: Skipping already processed account: classaholic
2025-03-27 09:53:47,305 - INFO - FOLLOWING SCRAPER: DEBUG: Sanitizing and saving 1820 links
2025-03-27 09:53:47,305 - INFO - FOLLOWING SCRAPER: DEBUG: After sanitization: 1820 links (removed 0)
2025-03-27 09:53:47,305 - INFO - FOLLOWING SCRAPER: DEBUG: Successfully saved 1820 links to instagram_data/followingLinks.txt
2025-03-27 09:53:47,305 - INFO - FOLLOWING SCRAPER: DEBUG: Processing link #43/54: https://www.instagram.com/linda_linked/
2025-03-27 09:53:47,305 - INFO - FOLLOWING SCRAPER: DEBUG: Before processing - 1820 links in queue
2025-03-27 09:53:47,305 - INFO - FOLLOWING SCRAPER: DEBUG: Account linda_linked in progress data with rate_limited=False
2025-03-27 09:53:47,305 - INFO - FOLLOWING SCRAPER: DEBUG: Skipping already processed account: linda_linked
2025-03-27 09:53:47,305 - INFO - FOLLOWING SCRAPER: DEBUG: Sanitizing and saving 1819 links
2025-03-27 09:53:47,305 - INFO - FOLLOWING SCRAPER: DEBUG: After sanitization: 1819 links (removed 0)
2025-03-27 09:53:47,305 - INFO - FOLLOWING SCRAPER: DEBUG: Successfully saved 1819 links to instagram_data/followingLinks.txt
2025-03-27 09:53:47,305 - INFO - FOLLOWING SCRAPER: DEBUG: Processing link #44/54: https://www.instagram.com/ysl/
2025-03-27 09:53:47,305 - INFO - FOLLOWING SCRAPER: DEBUG: Before processing - 1819 links in queue
2025-03-27 09:53:47,305 - INFO - FOLLOWING SCRAPER: DEBUG: Account ysl in progress data with rate_limited=False
2025-03-27 09:53:47,305 - INFO - FOLLOWING SCRAPER: DEBUG: Skipping already processed account: ysl
2025-03-27 09:53:47,305 - INFO - FOLLOWING SCRAPER: DEBUG: Sanitizing and saving 1818 links
2025-03-27 09:53:47,305 - INFO - FOLLOWING SCRAPER: DEBUG: After sanitization: 1818 links (removed 0)
2025-03-27 09:53:47,305 - INFO - FOLLOWING SCRAPER: DEBUG: Successfully saved 1818 links to instagram_data/followingLinks.txt
2025-03-27 09:53:47,306 - INFO - FOLLOWING SCRAPER: DEBUG: Processing link #45/54: https://www.instagram.com/jane_chen1221/
2025-03-27 09:53:47,306 - INFO - FOLLOWING SCRAPER: DEBUG: Before processing - 1818 links in queue
2025-03-27 09:53:47,306 - INFO - FOLLOWING SCRAPER: DEBUG: Account jane_chen1221 in progress data with rate_limited=False
2025-03-27 09:53:47,306 - INFO - FOLLOWING SCRAPER: DEBUG: Skipping already processed account: jane_chen1221
2025-03-27 09:53:47,306 - INFO - FOLLOWING SCRAPER: DEBUG: Sanitizing and saving 1817 links
2025-03-27 09:53:47,306 - INFO - FOLLOWING SCRAPER: DEBUG: After sanitization: 1817 links (removed 0)
2025-03-27 09:53:47,306 - INFO - FOLLOWING SCRAPER: DEBUG: Successfully saved 1817 links to instagram_data/followingLinks.txt
2025-03-27 09:53:47,306 - INFO - FOLLOWING SCRAPER: DEBUG: Processing link #46/54: https://www.instagram.com/prophetconsulting/
2025-03-27 09:53:47,306 - INFO - FOLLOWING SCRAPER: DEBUG: Before processing - 1817 links in queue
2025-03-27 09:53:47,306 - INFO - FOLLOWING SCRAPER: DEBUG: Account prophetconsulting in progress data with rate_limited=False
2025-03-27 09:53:47,306 - INFO - FOLLOWING SCRAPER: Processing: https://www.instagram.com/prophetconsulting/
2025-03-27 09:53:47,306 - INFO - FOLLOWING SCRAPER: Account prophetconsulting already fully processed. Skipping.
2025-03-27 09:53:47,306 - INFO - FOLLOWING SCRAPER: DEBUG: Removing link from queue: https://www.instagram.com/prophetconsulting/
2025-03-27 09:53:47,306 - INFO - FOLLOWING SCRAPER: DEBUG: Link removed. Queue size now: 1816
2025-03-27 09:53:47,306 - INFO - FOLLOWING SCRAPER: DEBUG: Sanitizing and saving 1816 links
2025-03-27 09:53:47,306 - INFO - FOLLOWING SCRAPER: DEBUG: After sanitization: 1816 links (removed 0)
2025-03-27 09:53:47,306 - INFO - FOLLOWING SCRAPER: DEBUG: Successfully saved 1816 links to instagram_data/followingLinks.txt
2025-03-27 09:53:47,306 - INFO - FOLLOWING SCRAPER: DEBUG: Links saved
2025-03-27 09:53:47,306 - INFO - FOLLOWING SCRAPER: Added 0 new relationships to adjacency list (total: 25011)
2025-03-27 09:53:47,306 - INFO - FOLLOWING SCRAPER: Completed 15/54 accounts. 1816 remaining in queue.
2025-03-27 09:53:47,306 - INFO - FOLLOWING SCRAPER: Waiting 5 seconds before next account...
2025-03-27 09:53:47,306 - INFO - FOLLOWING SCRAPER: DEBUG: Processing link #47/54: https://www.instagram.com/nationalgallery/
2025-03-27 09:53:47,306 - INFO - FOLLOWING SCRAPER: DEBUG: Before processing - 1816 links in queue
2025-03-27 09:53:47,306 - INFO - FOLLOWING SCRAPER: DEBUG: Account nationalgallery in progress data with rate_limited=False
2025-03-27 09:53:47,306 - INFO - FOLLOWING SCRAPER: DEBUG: Skipping already processed account: nationalgallery
2025-03-27 09:53:47,306 - INFO - FOLLOWING SCRAPER: DEBUG: Sanitizing and saving 1815 links
2025-03-27 09:53:47,306 - INFO - FOLLOWING SCRAPER: DEBUG: After sanitization: 1815 links (removed 0)
2025-03-27 09:53:47,306 - INFO - FOLLOWING SCRAPER: DEBUG: Successfully saved 1815 links to instagram_data/followingLinks.txt
2025-03-27 09:53:47,306 - INFO - FOLLOWING SCRAPER: DEBUG: Processing link #48/54: https://www.instagram.com/chelsea.films_/
2025-03-27 09:53:47,306 - INFO - FOLLOWING SCRAPER: DEBUG: Before processing - 1815 links in queue
2025-03-27 09:53:47,306 - INFO - FOLLOWING SCRAPER: DEBUG: Account chelsea.films_ in progress data with rate_limited=False
2025-03-27 09:53:47,306 - INFO - FOLLOWING SCRAPER: DEBUG: Skipping already processed account: chelsea.films_
2025-03-27 09:53:47,306 - INFO - FOLLOWING SCRAPER: DEBUG: Sanitizing and saving 1814 links
2025-03-27 09:53:47,306 - INFO - FOLLOWING SCRAPER: DEBUG: After sanitization: 1814 links (removed 0)
2025-03-27 09:53:47,306 - INFO - FOLLOWING SCRAPER: DEBUG: Successfully saved 1814 links to instagram_data/followingLinks.txt
2025-03-27 09:53:47,306 - INFO - FOLLOWING SCRAPER: DEBUG: Processing link #49/54: https://www.instagram.com/tinapi.x/
2025-03-27 09:53:47,306 - INFO - FOLLOWING SCRAPER: DEBUG: Before processing - 1814 links in queue
2025-03-27 09:53:47,306 - INFO - FOLLOWING SCRAPER: DEBUG: Account tinapi.x in progress data with rate_limited=False
2025-03-27 09:53:47,306 - INFO - FOLLOWING SCRAPER: Processing: https://www.instagram.com/tinapi.x/
2025-03-27 09:53:47,307 - INFO - FOLLOWING SCRAPER: Account tinapi.x already fully processed. Skipping.
2025-03-27 09:53:47,307 - INFO - FOLLOWING SCRAPER: DEBUG: Removing link from queue: https://www.instagram.com/tinapi.x/
2025-03-27 09:53:47,307 - INFO - FOLLOWING SCRAPER: DEBUG: Link removed. Queue size now: 1813
2025-03-27 09:53:47,307 - INFO - FOLLOWING SCRAPER: DEBUG: Sanitizing and saving 1813 links
2025-03-27 09:53:47,307 - INFO - FOLLOWING SCRAPER: DEBUG: After sanitization: 1813 links (removed 0)
2025-03-27 09:53:47,307 - INFO - FOLLOWING SCRAPER: DEBUG: Successfully saved 1813 links to instagram_data/followingLinks.txt
2025-03-27 09:53:47,307 - INFO - FOLLOWING SCRAPER: DEBUG: Links saved
2025-03-27 09:53:47,307 - INFO - FOLLOWING SCRAPER: Added 0 new relationships to adjacency list (total: 25011)
2025-03-27 09:53:47,307 - INFO - FOLLOWING SCRAPER: Completed 16/54 accounts. 1813 remaining in queue.
2025-03-27 09:53:47,307 - INFO - FOLLOWING SCRAPER: Waiting 5 seconds before next account...
2025-03-27 09:53:47,307 - INFO - FOLLOWING SCRAPER: DEBUG: Processing link #50/54: https://www.instagram.com/sonymusicsoundtracks/
2025-03-27 09:53:47,307 - INFO - FOLLOWING SCRAPER: DEBUG: Before processing - 1813 links in queue
2025-03-27 09:53:47,307 - INFO - FOLLOWING SCRAPER: DEBUG: Account sonymusicsoundtracks in progress data with rate_limited=False
2025-03-27 09:53:47,307 - INFO - FOLLOWING SCRAPER: DEBUG: Skipping already processed account: sonymusicsoundtracks
2025-03-27 09:53:47,307 - INFO - FOLLOWING SCRAPER: DEBUG: Sanitizing and saving 1812 links
2025-03-27 09:53:47,307 - INFO - FOLLOWING SCRAPER: DEBUG: After sanitization: 1812 links (removed 0)
2025-03-27 09:53:47,307 - INFO - FOLLOWING SCRAPER: DEBUG: Successfully saved 1812 links to instagram_data/followingLinks.txt
2025-03-27 09:53:47,307 - INFO - FOLLOWING SCRAPER: DEBUG: Processing link #51/54: https://www.instagram.com/benton.down/
2025-03-27 09:53:47,307 - INFO - FOLLOWING SCRAPER: DEBUG: Before processing - 1812 links in queue
2025-03-27 09:53:47,307 - INFO - FOLLOWING SCRAPER: DEBUG: Account benton.down in progress data with rate_limited=True
2025-03-27 09:53:47,307 - INFO - FOLLOWING SCRAPER: Account benton.down was previously rate-limited. Will re-attempt scraping.
2025-03-27 09:53:47,307 - INFO - FOLLOWING SCRAPER: Processing: https://www.instagram.com/benton.down/
2025-03-27 09:53:47,307 - INFO - FOLLOWING SCRAPER: Account benton.down was previously rate-limited - retrieved only 1/15 followers and 10/1188 following. Re-attempting scrape.
2025-03-27 09:53:47,307 - INFO - FOLLOWING SCRAPER: Scraping benton.down
2025-03-27 09:53:47,307 - INFO - FOLLOWING SCRAPER: benton.down: Followers: 15, Following: 1189
2025-03-27 09:53:47,307 - INFO - FOLLOWING SCRAPER: Scraping 15 followers for benton.down...
2025-03-27 09:53:47,307 - INFO - FOLLOWING SCRAPER: Scrolling page 1/10 for followers
2025-03-27 09:53:47,307 - INFO - FOLLOWING SCRAPER: Added 12 new users (filtered 12 duplicates)
2025-03-27 09:53:47,307 - INFO - FOLLOWING SCRAPER: Attempted fixed-distance scroll to bypass potential UI limitations
2025-03-27 09:53:47,307 - INFO - FOLLOWING SCRAPER: Scrolling page 2/10 for followers
2025-03-27 09:53:47,307 - INFO - FOLLOWING SCRAPER: Added 0 new users (filtered 24 duplicates)
2025-03-27 09:53:47,307 - INFO - FOLLOWING SCRAPER: Attempted fixed-distance scroll to bypass potential UI limitations
2025-03-27 09:53:47,307 - INFO - FOLLOWING SCRAPER: Reached the end of the list or no new content loading. Ending pagination.
2025-03-27 09:53:47,307 - INFO - FOLLOWING SCRAPER: Total followers retrieved: 12 (12 new in this session)
2025-03-27 09:53:47,307 - INFO - FOLLOWING SCRAPER: Retrieved 12 followers
2025-03-27 09:53:47,307 - INFO - FOLLOWING SCRAPER: Scraping 1189 following for benton.down...
2025-03-27 09:53:47,307 - INFO - FOLLOWING SCRAPER: Scrolling page 1/10 for following
2025-03-27 09:53:47,308 - INFO - FOLLOWING SCRAPER: Added 10 new users (filtered 4 duplicates)
2025-03-27 09:53:47,308 - INFO - FOLLOWING SCRAPER: Attempted fixed-distance scroll to bypass potential UI limitations
2025-03-27 09:53:47,308 - INFO - FOLLOWING SCRAPER: Scrolling page 2/10 for following
2025-03-27 09:53:47,308 - INFO - FOLLOWING SCRAPER: Added 0 new users (filtered 14 duplicates)
2025-03-27 09:53:47,308 - INFO - FOLLOWING SCRAPER: Attempted fixed-distance scroll to bypass potential UI limitations
2025-03-27 09:53:47,308 - INFO - FOLLOWING SCRAPER: Reached the end of the list or no new content loading. Ending pagination.
2025-03-27 09:53:47,308 - INFO - FOLLOWING SCRAPER: Total following retrieved: 10 (10 new in this session)
2025-03-27 09:53:47,309 - INFO - FOLLOWING SCRAPER: Retrieved 10 following
2025-03-27 09:53:47,309 - INFO - FOLLOWING SCRAPER: RATE LIMIT DETECTED: Retrieved exactly 10 following when account has 1189
2025-03-27 09:53:47,311 - INFO - FOLLOWING SCRAPER: Saved data to instagram_data/scraping_progress.json
2025-03-27 09:53:47,311 - INFO - FOLLOWING SCRAPER: Account benton.down was rate-limited. Will retry in a future session.
2025-03-27 09:53:47,311 - INFO - FOLLOWING SCRAPER: DEBUG: Removing link from queue: https://www.instagram.com/benton.down/
2025-03-27 09:53:47,311 - INFO - FOLLOWING SCRAPER: DEBUG: Link removed. Queue size now: 1811
2025-03-27 09:53:47,311 - INFO - FOLLOWING SCRAPER: DEBUG: Sanitizing and saving 1811 links
2025-03-27 09:53:47,311 - INFO - FOLLOWING SCRAPER: DEBUG: After sanitization: 1811 links (removed 0)
2025-03-27 09:53:47,311 - INFO - FOLLOWING SCRAPER: DEBUG: Successfully saved 1811 links to instagram_data/followingLinks.txt
2025-03-27 09:53:47,311 - INFO - FOLLOWING SCRAPER: DEBUG: Links saved
2025-03-27 09:53:47,311 - INFO - FOLLOWING SCRAPER: Added 13 new relationships to adjacency list (total: 25024)
2025-03-27 09:53:47,311 - INFO - FOLLOWING SCRAPER: Completed 17/54 accounts. 1811 remaining in queue.
2025-03-27 09:53:47,311 - INFO - FOLLOWING SCRAPER: Waiting 5 seconds before next account...
2025-03-27 09:53:47,311 - INFO - FOLLOWING SCRAPER: DEBUG: Processing link #52/54: https://www.instagram.com/ralphlauren/
2025-03-27 09:53:47,311 - INFO - FOLLOWING SCRAPER: DEBUG: Before processing - 1811 links in queue
2025-03-27 09:53:47,311 - INFO - FOLLOWING SCRAPER: DEBUG: Account ralphlauren in progress data with rate_limited=False
2025-03-27 09:53:47,311 - INFO - FOLLOWING SCRAPER: DEBUG: Skipping already processed account: ralphlauren
2025-03-27 09:53:47,311 - INFO - FOLLOWING SCRAPER: DEBUG: Sanitizing and saving 1810 links
2025-03-27 09:53:47,311 - INFO - FOLLOWING SCRAPER: DEBUG: After sanitization: 1810 links (removed 0)
2025-03-27 09:53:47,311 - INFO - FOLLOWING SCRAPER: DEBUG: Successfully saved 1810 links to instagram_data/followingLinks.txt
2025-03-27 09:53:47,311 - INFO - FOLLOWING SCRAPER: DEBUG: Processing link #53/54: https://www.instagram.com/eleganza_classica/
2025-03-27 09:53:47,311 - INFO - FOLLOWING SCRAPER: DEBUG: Before processing - 1810 links in queue
2025-03-27 09:53:47,311 - INFO - FOLLOWING SCRAPER: DEBUG: Account eleganza_classica in progress data with rate_limited=False
2025-03-27 09:53:47,311 - INFO - FOLLOWING SCRAPER: Processing: https://www.instagram.com/eleganza_classica/
2025-03-27 09:53:47,311 - INFO - FOLLOWING SCRAPER: Account eleganza_classica already fully processed. Skipping.
2025-03-27 09:53:47,311 - INFO - FOLLOWING SCRAPER: DEBUG: Removing link from queue: https://www.instagram.com/eleganza_classica/
2025-03-27 09:53:47,312 - INFO - FOLLOWING SCRAPER: DEBUG: Link removed. Queue size now: 1809
2025-03-27 09:53:47,312 - INFO - FOLLOWING SCRAPER: DEBUG: Sanitizing and saving 1809 links
2025-03-27 09:53:47,312 - INFO - FOLLOWING SCRAPER: DEBUG: After sanitization: 1809 links (removed 0)
2025-03-27 09:53:47,312 - INFO - FOLLOWING SCRAPER: DEBUG: Successfully saved 1809 links to instagram_data/followingLinks.txt
2025-03-27 09:53:47,312 - INFO - FOLLOWING SCRAPER: DEBUG: Links saved
2025-03-27 09:53:47,312 - INFO - FOLLOWING SCRAPER: Added 0 new relationships to adjacency list (total: 25024)
2025-03-27 09:53:47,312 - INFO - FOLLOWING SCRAPER: Completed 18/54 accounts. 1809 remaining in queue.
2025-03-27 09:53:47,312 - INFO - FOLLOWING SCRAPER: Waiting 5 seconds before next account...
2025-03-27 09:53:47,312 - INFO - FOLLOWING SCRAPER: DEBUG: Processing link #54/54: https://www.instagram.com/beholdingeye/
2025-03-27 09:53:47,312 - INFO - FOLLOWING SCRAPER: DEBUG: Before processing - 1809 links in queue
2025-03-27 09:53:47,312 - INFO - FOLLOWING SCRAPER: DEBUG: Account beholdingeye in progress data with rate_limited=False
2025-03-27 09:53:47,312 - INFO - FOLLOWING SCRAPER: Processing: https://www.instagram.com/beholdingeye/
2025-03-27 09:53:47,312 - INFO - FOLLOWING SCRAPER: Account beholdingeye already fully processed. Skipping.
2025-03-27 09:53:47,312 - INFO - FOLLOWING SCRAPER: DEBUG: Removing link from queue: https://www.instagram.com/beholdingeye/
2025-03-27 09:53:47,312 - INFO - FOLLOWING SCRAPER: DEBUG: Link removed. Queue size now: 1808
2025-03-27 09:53:47,312 - INFO - FOLLOWING SCRAPER: DEBUG: Sanitizing and saving 1808 links
2025-03-27 09:53:47,312 - INFO - FOLLOWING SCRAPER: DEBUG: After sanitization: 1808 links (removed 0)
2025-03-27 09:53:47,312 - INFO - FOLLOWING SCRAPER: DEBUG: Successfully saved 1808 links to instagram_data/followingLinks.txt
2025-03-27 09:53:47,312 - INFO - FOLLOWING SCRAPER: DEBUG: Links saved
2025-03-27 09:53:47,312 - INFO - FOLLOWING SCRAPER: Added 0 new relationships to adjacency list (total: 25024)
2025-03-27 09:53:47,312 - INFO - FOLLOWING SCRAPER: Completed 19/54 accounts. 1808 remaining in queue.
2025-03-27 09:53:47,312 - INFO - FOLLOWING SCRAPER: Waiting 5 seconds before next account...
2025-03-27 09:53:47,312 - INFO - FOLLOWING SCRAPER: Batch complete! Processed 19 accounts (1 were rate-limited and will be retried later).
2025-03-27 09:53:47,312 - INFO - FOLLOWING SCRAPER: 1808 links remaining for future sessions.
2025-03-27 09:53:47,312 - INFO - FOLLOWING SCRAPER: Browser closed. Script complete.
2025-03-27 09:53:47,636 - INFO - DEBUG: After processing - 1808 accounts in queue (removed 54)
2025-03-27 09:53:47,636 - INFO - DEBUG: Checking for duplicates after processing
2025-03-27 09:53:47,637 - INFO - No duplicate links found in instagram_data/followingLinks.txt
2025-03-27 09:53:47,637 - INFO - remove_processed_links function is disabled to allow re-scraping of potential rate-limited accounts
2025-03-27 09:53:47,637 - INFO - Following accounts scraping session completed with result: True
2025-03-27 09:53:47,637 - INFO - Sessions completed. Waiting 0 hours and 33 minutes before next sessions...
2025-03-27 10:27:34,660 - INFO - Current counts in status file - Followers: 881, Following: 1868
2025-03-27 10:27:34,663 - INFO - Current counts in status file - Followers: 881, Following: 1868
2025-03-27 10:27:34,665 - INFO - Starting new scraping session
2025-03-27 10:27:34,665 - INFO - Current counts in status file - Followers: 881, Following: 1868
2025-03-27 10:27:34,665 - INFO - Need to collect more following accounts: 1862/1868
2025-03-27 10:27:34,665 - INFO - Need to collect more followers: 879/881
2025-03-27 10:27:34,665 - INFO - Using 5 max pages for this session
2025-03-27 10:28:07,298 - INFO - SCRAPER: Logged in using button: //button[contains(.,'Log in')]
2025-03-27 10:28:07,299 - INFO - SCRAPER: Logged in successfully!
2025-03-27 10:28:07,299 - INFO - SCRAPER: Logged in as fretin98
2025-03-27 10:28:07,299 - INFO - SCRAPER: Resuming previous session...
2025-03-27 10:28:07,299 - INFO - SCRAPER: Loaded 879 followers and 1862 following from previous session
2025-03-27 10:28:07,299 - INFO - SCRAPER: Profile Stats: {'followers': 881, 'following': 1868, 'posts': 241}
2025-03-27 10:28:07,299 - INFO - Found profile stats line
2025-03-27 10:28:07,299 - INFO - SCRAPER: Followers: 881, Following: 1868
2025-03-27 10:28:07,299 - INFO - Extracted total followers: 881
2025-03-27 10:28:07,299 - INFO - Extracted total following: 1868
2025-03-27 10:28:07,299 - INFO - SCRAPER: Scraping followers...
2025-03-27 10:28:07,299 - INFO - SCRAPER: Already collected 879/881 followers (≥95%). Skipping followers scraping.
2025-03-27 10:28:07,299 - INFO - SCRAPER: Scraping following...
2025-03-27 10:28:07,299 - INFO - SCRAPER: Already collected 1862/1868 following accounts (≥95%). Skipping following scraping.
2025-03-27 10:28:07,299 - INFO - SCRAPER: Getting links to following accounts...
2025-03-27 10:28:07,299 - INFO - SCRAPER: Created 1862 following links from usernames
2025-03-27 10:28:07,299 - INFO - SCRAPER: Updated following links file: instagram_data/followingLinks.txt
2025-03-27 10:28:07,299 - INFO - SCRAPER: Updated adjacency list file: instagram_data/adjList.txt
2025-03-27 10:28:07,299 - INFO - SCRAPER: Added 0 new relationships (total: 25024)
2025-03-27 10:28:07,299 - INFO - SCRAPER: Retrieved 1862 following links
2025-03-27 10:28:07,299 - INFO - SCRAPER: Session completed successfully!
2025-03-27 10:28:07,299 - INFO - SCRAPER: Browser closed.
2025-03-27 10:28:07,350 - INFO - Updating status with dynamic counts - Followers: 881, Following: 1868
2025-03-27 10:28:07,351 - INFO - Saved data to instagram_data/auto_scrape_status.json
2025-03-27 10:28:07,351 - INFO - Now running a session to scrape following accounts network data...
2025-03-27 10:28:07,351 - INFO - Starting following accounts scraping session
2025-03-27 10:28:07,351 - INFO - remove_processed_links function is disabled to allow re-scraping of potential rate-limited accounts
2025-03-27 10:28:07,351 - INFO - DEBUG: Checking for duplicates before processing
2025-03-27 10:28:07,351 - INFO - No duplicate links found in instagram_data/followingLinks.txt
2025-03-27 10:28:07,352 - INFO - DEBUG: Before processing - 1862 accounts in queue
2025-03-27 10:28:07,361 - INFO - Using random batch size of 49 accounts for this session
2025-03-27 10:31:05,972 - INFO - FOLLOWING SCRAPER: DEBUG MODE ENABLED
2025-03-27 10:31:05,974 - INFO - FOLLOWING SCRAPER: Loaded scraping progress: 1472 accounts processed
2025-03-27 10:31:05,974 - INFO - FOLLOWING SCRAPER: Will process 49 accounts in this session
2025-03-27 10:31:05,974 - INFO - FOLLOWING SCRAPER: Logged in using button: //button[contains(.,'Log in')]
2025-03-27 10:31:05,974 - INFO - FOLLOWING SCRAPER: Logged in successfully!
2025-03-27 10:31:05,974 - INFO - FOLLOWING SCRAPER: Rate limit statistics: 1 accounts marked as rate-limited
2025-03-27 10:31:05,974 - INFO - FOLLOWING SCRAPER: Examples of rate-limited accounts: ['benton.down']
2025-03-27 10:31:05,974 - INFO - FOLLOWING SCRAPER: Loaded 1862 links from instagram_data/followingLinks.txt
2025-03-27 10:31:05,974 - INFO - FOLLOWING SCRAPER: Loaded adjacency list from instagram_data/adjList.txt
2025-03-27 10:31:05,974 - INFO - FOLLOWING SCRAPER: Deduplicating adjacency list...
2025-03-27 10:31:05,974 - INFO - FOLLOWING SCRAPER: No duplicates found in adjList.txt
2025-03-27 10:31:05,974 - INFO - FOLLOWING SCRAPER: DEBUG: Found 6161 already processed accounts in adjList.txt
2025-03-27 10:31:05,974 - INFO - FOLLOWING SCRAPER: Found 6161 accounts that have already been processed
2025-03-27 10:31:05,974 - INFO - FOLLOWING SCRAPER: Starting batch processing of 49 accounts
2025-03-27 10:31:05,974 - INFO - FOLLOWING SCRAPER: Pre-checking accounts to prioritize ones with reasonable follower/following counts...
2025-03-27 10:31:05,974 - INFO - FOLLOWING SCRAPER: ✓ shuheisakaue: Good candidate with 18 followers, 895 following
2025-03-27 10:31:05,974 - INFO - FOLLOWING SCRAPER: ✓ catsoupai: Good candidate with 189 followers, 189 following
2025-03-27 10:31:05,974 - INFO - FOLLOWING SCRAPER: ✓ soloslop.memes: Good candidate with 70 followers, 67 following
2025-03-27 10:31:05,974 - INFO - FOLLOWING SCRAPER: ✓ phillipsauction: Good candidate with 428 followers, 434 following
2025-03-27 10:31:05,974 - INFO - FOLLOWING SCRAPER: ✓ filmmovement: Good candidate with 12 followers, 708 following
2025-03-27 10:31:05,974 - INFO - FOLLOWING SCRAPER: ✗ rubahitam_: Too many connections (48 followers, 1153 following)
2025-03-27 10:31:05,974 - INFO - FOLLOWING SCRAPER: ✗ chinatown_cowboy.mp4: Too many connections (2383 followers, 0 following)
2025-03-27 10:31:05,974 - INFO - FOLLOWING SCRAPER: ✓ asian_redbozicowboy: Good candidate with 29 followers, 250 following
2025-03-27 10:31:05,974 - INFO - FOLLOWING SCRAPER: ✓ ccpxi_8964: Good candidate with 10 followers, 97 following
2025-03-27 10:31:05,974 - INFO - FOLLOWING SCRAPER: ✓ ngr.ev: Good candidate with 114 followers, 188 following
2025-03-27 10:31:05,974 - INFO - FOLLOWING SCRAPER: ✓ cinema_nighttt: Good candidate with 401 followers, 15 following
2025-03-27 10:31:05,974 - INFO - FOLLOWING SCRAPER: ✓ thedizzyviper: Good candidate with 179 followers, 902 following
2025-03-27 10:31:05,974 - INFO - FOLLOWING SCRAPER: ✗ arabbitsfoot: Too many connections (63 followers, 1570 following)
2025-03-27 10:31:05,974 - INFO - FOLLOWING SCRAPER: ✓ laclefrevival: Good candidate with 23 followers, 503 following
2025-03-27 10:31:05,974 - INFO - FOLLOWING SCRAPER: ✓ byboyfantasy: Good candidate with 83 followers, 609 following
2025-03-27 10:31:05,974 - INFO - FOLLOWING SCRAPER: ✓ manofdutch: Good candidate with 29 followers, 55 following
2025-03-27 10:31:05,974 - INFO - FOLLOWING SCRAPER: ✗ fernandosev7n: Too many connections (235 followers, 1534 following)
2025-03-27 10:31:05,974 - INFO - FOLLOWING SCRAPER: ✓ thefineartcollective: Good candidate with 673 followers, 919 following
2025-03-27 10:31:05,974 - INFO - FOLLOWING SCRAPER: ✗ xidan_zhang: Too many connections (2743 followers, 901 following)
2025-03-27 10:31:05,974 - INFO - FOLLOWING SCRAPER: ✗ zihaosong: Too many connections (10 followers, 2448 following)
2025-03-27 10:31:05,974 - INFO - FOLLOWING SCRAPER: ✗ young.brando: Too many connections (17 followers, 2455 following)
2025-03-27 10:31:05,974 - INFO - FOLLOWING SCRAPER: ✗ gentleman.gasmask: Too many connections (364 followers, 1661 following)
2025-03-27 10:31:05,974 - INFO - FOLLOWING SCRAPER: ✗ yuukakazami0: Too many connections (1343 followers, 519 following)
2025-03-27 10:31:05,974 - INFO - FOLLOWING SCRAPER: ✗ cucny: Too many connections (2783 followers, 38 following)
2025-03-27 10:31:05,974 - INFO - FOLLOWING SCRAPER: ✗ thepennclub: Too many connections (4056 followers, 632 following)
2025-03-27 10:31:05,974 - INFO - FOLLOWING SCRAPER: ✗ lsmartfund: Too many connections (4169 followers, 586 following)
2025-03-27 10:31:05,974 - INFO - FOLLOWING SCRAPER: ✗ perpetual.passion: Too many connections (38 followers, 2352 following)
2025-03-27 10:31:05,974 - INFO - FOLLOWING SCRAPER: Found 14 accounts with reasonable follower/following counts
2025-03-27 10:31:05,974 - INFO - FOLLOWING SCRAPER: DEBUG: Sanitizing and saving 1862 links
2025-03-27 10:31:05,974 - INFO - FOLLOWING SCRAPER: DEBUG: After sanitization: 1862 links (removed 0)
2025-03-27 10:31:05,974 - INFO - FOLLOWING SCRAPER: DEBUG: Successfully saved 1862 links to instagram_data/followingLinks.txt
2025-03-27 10:31:05,974 - INFO - FOLLOWING SCRAPER: Links reordered to prioritize accounts with reasonable follower/following counts
2025-03-27 10:31:05,974 - INFO - FOLLOWING SCRAPER: DEBUG: Processing link #1/49: https://www.instagram.com/shuheisakaue/
2025-03-27 10:31:05,974 - INFO - FOLLOWING SCRAPER: DEBUG: Before processing - 1862 links in queue
2025-03-27 10:31:05,974 - INFO - FOLLOWING SCRAPER: DEBUG: Account shuheisakaue in progress data with rate_limited=False
2025-03-27 10:31:05,974 - INFO - FOLLOWING SCRAPER: Processing: https://www.instagram.com/shuheisakaue/
2025-03-27 10:31:05,974 - INFO - FOLLOWING SCRAPER: Account shuheisakaue already fully processed. Skipping.
2025-03-27 10:31:05,974 - INFO - FOLLOWING SCRAPER: DEBUG: Removing link from queue: https://www.instagram.com/shuheisakaue/
2025-03-27 10:31:05,974 - INFO - FOLLOWING SCRAPER: DEBUG: Link removed. Queue size now: 1861
2025-03-27 10:31:05,975 - INFO - FOLLOWING SCRAPER: DEBUG: Sanitizing and saving 1861 links
2025-03-27 10:31:05,975 - INFO - FOLLOWING SCRAPER: DEBUG: After sanitization: 1861 links (removed 0)
2025-03-27 10:31:05,975 - INFO - FOLLOWING SCRAPER: DEBUG: Successfully saved 1861 links to instagram_data/followingLinks.txt
2025-03-27 10:31:05,975 - INFO - FOLLOWING SCRAPER: DEBUG: Links saved
2025-03-27 10:31:05,975 - INFO - FOLLOWING SCRAPER: Added 1 new relationships to adjacency list (total: 25025)
2025-03-27 10:31:05,975 - INFO - FOLLOWING SCRAPER: Completed 1/49 accounts. 1861 remaining in queue.
2025-03-27 10:31:05,975 - INFO - FOLLOWING SCRAPER: Waiting 5 seconds before next account...
2025-03-27 10:31:05,975 - INFO - FOLLOWING SCRAPER: DEBUG: Processing link #2/49: https://www.instagram.com/catsoupai/
2025-03-27 10:31:05,975 - INFO - FOLLOWING SCRAPER: DEBUG: Before processing - 1861 links in queue
2025-03-27 10:31:05,975 - INFO - FOLLOWING SCRAPER: DEBUG: Account catsoupai in progress data with rate_limited=False
2025-03-27 10:31:05,975 - INFO - FOLLOWING SCRAPER: Processing: https://www.instagram.com/catsoupai/
2025-03-27 10:31:05,975 - INFO - FOLLOWING SCRAPER: Account catsoupai already fully processed. Skipping.
2025-03-27 10:31:05,975 - INFO - FOLLOWING SCRAPER: DEBUG: Removing link from queue: https://www.instagram.com/catsoupai/
2025-03-27 10:31:05,975 - INFO - FOLLOWING SCRAPER: DEBUG: Link removed. Queue size now: 1860
2025-03-27 10:31:05,975 - INFO - FOLLOWING SCRAPER: DEBUG: Sanitizing and saving 1860 links
2025-03-27 10:31:05,975 - INFO - FOLLOWING SCRAPER: DEBUG: After sanitization: 1860 links (removed 0)
2025-03-27 10:31:05,975 - INFO - FOLLOWING SCRAPER: DEBUG: Successfully saved 1860 links to instagram_data/followingLinks.txt
2025-03-27 10:31:05,975 - INFO - FOLLOWING SCRAPER: DEBUG: Links saved
2025-03-27 10:31:05,975 - INFO - FOLLOWING SCRAPER: Added 0 new relationships to adjacency list (total: 25025)
2025-03-27 10:31:05,975 - INFO - FOLLOWING SCRAPER: Completed 2/49 accounts. 1860 remaining in queue.
2025-03-27 10:31:05,975 - INFO - FOLLOWING SCRAPER: Waiting 5 seconds before next account...
2025-03-27 10:31:05,975 - INFO - FOLLOWING SCRAPER: DEBUG: Processing link #3/49: https://www.instagram.com/soloslop.memes/
2025-03-27 10:31:05,975 - INFO - FOLLOWING SCRAPER: DEBUG: Before processing - 1860 links in queue
2025-03-27 10:31:05,975 - INFO - FOLLOWING SCRAPER: DEBUG: Account soloslop.memes in progress data with rate_limited=False
2025-03-27 10:31:05,975 - INFO - FOLLOWING SCRAPER: Processing: https://www.instagram.com/soloslop.memes/
2025-03-27 10:31:05,975 - INFO - FOLLOWING SCRAPER: Account soloslop.memes already fully processed. Skipping.
2025-03-27 10:31:05,975 - INFO - FOLLOWING SCRAPER: DEBUG: Removing link from queue: https://www.instagram.com/soloslop.memes/
2025-03-27 10:31:05,975 - INFO - FOLLOWING SCRAPER: DEBUG: Link removed. Queue size now: 1859
2025-03-27 10:31:05,975 - INFO - FOLLOWING SCRAPER: DEBUG: Sanitizing and saving 1859 links
2025-03-27 10:31:05,975 - INFO - FOLLOWING SCRAPER: DEBUG: After sanitization: 1859 links (removed 0)
2025-03-27 10:31:05,975 - INFO - FOLLOWING SCRAPER: DEBUG: Successfully saved 1859 links to instagram_data/followingLinks.txt
2025-03-27 10:31:05,975 - INFO - FOLLOWING SCRAPER: DEBUG: Links saved
2025-03-27 10:31:05,975 - INFO - FOLLOWING SCRAPER: Added 0 new relationships to adjacency list (total: 25025)
2025-03-27 10:31:05,975 - INFO - FOLLOWING SCRAPER: Completed 3/49 accounts. 1859 remaining in queue.
2025-03-27 10:31:05,975 - INFO - FOLLOWING SCRAPER: Waiting 5 seconds before next account...
2025-03-27 10:31:05,975 - INFO - FOLLOWING SCRAPER: DEBUG: Processing link #4/49: https://www.instagram.com/phillipsauction/
2025-03-27 10:31:05,975 - INFO - FOLLOWING SCRAPER: DEBUG: Before processing - 1859 links in queue
2025-03-27 10:31:05,975 - INFO - FOLLOWING SCRAPER: DEBUG: Account phillipsauction in progress data with rate_limited=False
2025-03-27 10:31:05,975 - INFO - FOLLOWING SCRAPER: Processing: https://www.instagram.com/phillipsauction/
2025-03-27 10:31:05,975 - INFO - FOLLOWING SCRAPER: Account phillipsauction already fully processed. Skipping.
2025-03-27 10:31:05,975 - INFO - FOLLOWING SCRAPER: DEBUG: Removing link from queue: https://www.instagram.com/phillipsauction/
2025-03-27 10:31:05,975 - INFO - FOLLOWING SCRAPER: DEBUG: Link removed. Queue size now: 1858
2025-03-27 10:31:05,975 - INFO - FOLLOWING SCRAPER: DEBUG: Sanitizing and saving 1858 links
2025-03-27 10:31:05,975 - INFO - FOLLOWING SCRAPER: DEBUG: After sanitization: 1858 links (removed 0)
2025-03-27 10:31:05,975 - INFO - FOLLOWING SCRAPER: DEBUG: Successfully saved 1858 links to instagram_data/followingLinks.txt
2025-03-27 10:31:05,975 - INFO - FOLLOWING SCRAPER: DEBUG: Links saved
2025-03-27 10:31:05,975 - INFO - FOLLOWING SCRAPER: Added 0 new relationships to adjacency list (total: 25025)
2025-03-27 10:31:05,975 - INFO - FOLLOWING SCRAPER: Completed 4/49 accounts. 1858 remaining in queue.
2025-03-27 10:31:05,975 - INFO - FOLLOWING SCRAPER: Waiting 5 seconds before next account...
2025-03-27 10:31:05,975 - INFO - FOLLOWING SCRAPER: DEBUG: Processing link #5/49: https://www.instagram.com/filmmovement/
2025-03-27 10:31:05,975 - INFO - FOLLOWING SCRAPER: DEBUG: Before processing - 1858 links in queue
2025-03-27 10:31:05,975 - INFO - FOLLOWING SCRAPER: DEBUG: Account filmmovement in progress data with rate_limited=False
2025-03-27 10:31:05,975 - INFO - FOLLOWING SCRAPER: Processing: https://www.instagram.com/filmmovement/
2025-03-27 10:31:05,975 - INFO - FOLLOWING SCRAPER: Account filmmovement already fully processed. Skipping.
2025-03-27 10:31:05,975 - INFO - FOLLOWING SCRAPER: DEBUG: Removing link from queue: https://www.instagram.com/filmmovement/
2025-03-27 10:31:05,975 - INFO - FOLLOWING SCRAPER: DEBUG: Link removed. Queue size now: 1857
2025-03-27 10:31:05,975 - INFO - FOLLOWING SCRAPER: DEBUG: Sanitizing and saving 1857 links
2025-03-27 10:31:05,975 - INFO - FOLLOWING SCRAPER: DEBUG: After sanitization: 1857 links (removed 0)
2025-03-27 10:31:05,975 - INFO - FOLLOWING SCRAPER: DEBUG: Successfully saved 1857 links to instagram_data/followingLinks.txt
2025-03-27 10:31:05,975 - INFO - FOLLOWING SCRAPER: DEBUG: Links saved
2025-03-27 10:31:05,975 - INFO - FOLLOWING SCRAPER: Added 0 new relationships to adjacency list (total: 25025)
2025-03-27 10:31:05,975 - INFO - FOLLOWING SCRAPER: Completed 5/49 accounts. 1857 remaining in queue.
2025-03-27 10:31:05,976 - INFO - FOLLOWING SCRAPER: Waiting 5 seconds before next account...
2025-03-27 10:31:05,976 - INFO - FOLLOWING SCRAPER: DEBUG: Processing link #6/49: https://www.instagram.com/asian_redbozicowboy/
2025-03-27 10:31:05,976 - INFO - FOLLOWING SCRAPER: DEBUG: Before processing - 1857 links in queue
2025-03-27 10:31:05,976 - INFO - FOLLOWING SCRAPER: DEBUG: Account asian_redbozicowboy in progress data with rate_limited=False
2025-03-27 10:31:05,976 - INFO - FOLLOWING SCRAPER: Processing: https://www.instagram.com/asian_redbozicowboy/
2025-03-27 10:31:05,976 - INFO - FOLLOWING SCRAPER: Account asian_redbozicowboy already fully processed. Skipping.
2025-03-27 10:31:05,976 - INFO - FOLLOWING SCRAPER: DEBUG: Removing link from queue: https://www.instagram.com/asian_redbozicowboy/
2025-03-27 10:31:05,976 - INFO - FOLLOWING SCRAPER: DEBUG: Link removed. Queue size now: 1856
2025-03-27 10:31:05,976 - INFO - FOLLOWING SCRAPER: DEBUG: Sanitizing and saving 1856 links
2025-03-27 10:31:05,976 - INFO - FOLLOWING SCRAPER: DEBUG: After sanitization: 1856 links (removed 0)
2025-03-27 10:31:05,976 - INFO - FOLLOWING SCRAPER: DEBUG: Successfully saved 1856 links to instagram_data/followingLinks.txt
2025-03-27 10:31:05,976 - INFO - FOLLOWING SCRAPER: DEBUG: Links saved
2025-03-27 10:31:05,976 - INFO - FOLLOWING SCRAPER: Added 0 new relationships to adjacency list (total: 25025)
2025-03-27 10:31:05,976 - INFO - FOLLOWING SCRAPER: Completed 6/49 accounts. 1856 remaining in queue.
2025-03-27 10:31:05,976 - INFO - FOLLOWING SCRAPER: Waiting 5 seconds before next account...
2025-03-27 10:31:05,976 - INFO - FOLLOWING SCRAPER: DEBUG: Processing link #7/49: https://www.instagram.com/ccpxi_8964/
2025-03-27 10:31:05,976 - INFO - FOLLOWING SCRAPER: DEBUG: Before processing - 1856 links in queue
2025-03-27 10:31:05,976 - INFO - FOLLOWING SCRAPER: DEBUG: Account ccpxi_8964 in progress data with rate_limited=False
2025-03-27 10:31:05,976 - INFO - FOLLOWING SCRAPER: Processing: https://www.instagram.com/ccpxi_8964/
2025-03-27 10:31:05,976 - INFO - FOLLOWING SCRAPER: Account ccpxi_8964 already fully processed. Skipping.
2025-03-27 10:31:05,976 - INFO - FOLLOWING SCRAPER: DEBUG: Removing link from queue: https://www.instagram.com/ccpxi_8964/
2025-03-27 10:31:05,976 - INFO - FOLLOWING SCRAPER: DEBUG: Link removed. Queue size now: 1855
2025-03-27 10:31:05,976 - INFO - FOLLOWING SCRAPER: DEBUG: Sanitizing and saving 1855 links
2025-03-27 10:31:05,976 - INFO - FOLLOWING SCRAPER: DEBUG: After sanitization: 1855 links (removed 0)
2025-03-27 10:31:05,976 - INFO - FOLLOWING SCRAPER: DEBUG: Successfully saved 1855 links to instagram_data/followingLinks.txt
2025-03-27 10:31:05,976 - INFO - FOLLOWING SCRAPER: DEBUG: Links saved
2025-03-27 10:31:05,976 - INFO - FOLLOWING SCRAPER: Added 0 new relationships to adjacency list (total: 25025)
2025-03-27 10:31:05,976 - INFO - FOLLOWING SCRAPER: Completed 7/49 accounts. 1855 remaining in queue.
2025-03-27 10:31:05,976 - INFO - FOLLOWING SCRAPER: Waiting 5 seconds before next account...
2025-03-27 10:31:05,976 - INFO - FOLLOWING SCRAPER: DEBUG: Processing link #8/49: https://www.instagram.com/ngr.ev/
2025-03-27 10:31:05,976 - INFO - FOLLOWING SCRAPER: DEBUG: Before processing - 1855 links in queue
2025-03-27 10:31:05,976 - INFO - FOLLOWING SCRAPER: DEBUG: Account ngr.ev in progress data with rate_limited=False
2025-03-27 10:31:05,976 - INFO - FOLLOWING SCRAPER: Processing: https://www.instagram.com/ngr.ev/
2025-03-27 10:31:05,976 - INFO - FOLLOWING SCRAPER: Account ngr.ev already fully processed. Skipping.
2025-03-27 10:31:05,976 - INFO - FOLLOWING SCRAPER: DEBUG: Removing link from queue: https://www.instagram.com/ngr.ev/
2025-03-27 10:31:05,976 - INFO - FOLLOWING SCRAPER: DEBUG: Link removed. Queue size now: 1854
2025-03-27 10:31:05,976 - INFO - FOLLOWING SCRAPER: DEBUG: Sanitizing and saving 1854 links
2025-03-27 10:31:05,976 - INFO - FOLLOWING SCRAPER: DEBUG: After sanitization: 1854 links (removed 0)
2025-03-27 10:31:05,976 - INFO - FOLLOWING SCRAPER: DEBUG: Successfully saved 1854 links to instagram_data/followingLinks.txt
2025-03-27 10:31:05,976 - INFO - FOLLOWING SCRAPER: DEBUG: Links saved
2025-03-27 10:31:05,976 - INFO - FOLLOWING SCRAPER: Added 0 new relationships to adjacency list (total: 25025)
2025-03-27 10:31:05,976 - INFO - FOLLOWING SCRAPER: Completed 8/49 accounts. 1854 remaining in queue.
2025-03-27 10:31:05,976 - INFO - FOLLOWING SCRAPER: Waiting 5 seconds before next account...
2025-03-27 10:31:05,976 - INFO - FOLLOWING SCRAPER: DEBUG: Processing link #9/49: https://www.instagram.com/cinema_nighttt/
2025-03-27 10:31:05,976 - INFO - FOLLOWING SCRAPER: DEBUG: Before processing - 1854 links in queue
2025-03-27 10:31:05,976 - INFO - FOLLOWING SCRAPER: DEBUG: Account cinema_nighttt in progress data with rate_limited=False
2025-03-27 10:31:05,976 - INFO - FOLLOWING SCRAPER: Processing: https://www.instagram.com/cinema_nighttt/
2025-03-27 10:31:05,976 - INFO - FOLLOWING SCRAPER: Account cinema_nighttt already fully processed. Skipping.
2025-03-27 10:31:05,976 - INFO - FOLLOWING SCRAPER: DEBUG: Removing link from queue: https://www.instagram.com/cinema_nighttt/
2025-03-27 10:31:05,976 - INFO - FOLLOWING SCRAPER: DEBUG: Link removed. Queue size now: 1853
2025-03-27 10:31:05,976 - INFO - FOLLOWING SCRAPER: DEBUG: Sanitizing and saving 1853 links
2025-03-27 10:31:05,976 - INFO - FOLLOWING SCRAPER: DEBUG: After sanitization: 1853 links (removed 0)
2025-03-27 10:31:05,976 - INFO - FOLLOWING SCRAPER: DEBUG: Successfully saved 1853 links to instagram_data/followingLinks.txt
2025-03-27 10:31:05,976 - INFO - FOLLOWING SCRAPER: DEBUG: Links saved
2025-03-27 10:31:05,976 - INFO - FOLLOWING SCRAPER: Added 0 new relationships to adjacency list (total: 25025)
2025-03-27 10:31:05,976 - INFO - FOLLOWING SCRAPER: Completed 9/49 accounts. 1853 remaining in queue.
2025-03-27 10:31:05,976 - INFO - FOLLOWING SCRAPER: Waiting 5 seconds before next account...
2025-03-27 10:31:05,976 - INFO - FOLLOWING SCRAPER: DEBUG: Processing link #10/49: https://www.instagram.com/thedizzyviper/
2025-03-27 10:31:05,976 - INFO - FOLLOWING SCRAPER: DEBUG: Before processing - 1853 links in queue
2025-03-27 10:31:05,976 - INFO - FOLLOWING SCRAPER: DEBUG: Account thedizzyviper in progress data with rate_limited=False
2025-03-27 10:31:05,976 - INFO - FOLLOWING SCRAPER: Processing: https://www.instagram.com/thedizzyviper/
2025-03-27 10:31:05,976 - INFO - FOLLOWING SCRAPER: Account thedizzyviper already fully processed. Skipping.
2025-03-27 10:31:05,976 - INFO - FOLLOWING SCRAPER: DEBUG: Removing link from queue: https://www.instagram.com/thedizzyviper/
2025-03-27 10:31:05,976 - INFO - FOLLOWING SCRAPER: DEBUG: Link removed. Queue size now: 1852
2025-03-27 10:31:05,976 - INFO - FOLLOWING SCRAPER: DEBUG: Sanitizing and saving 1852 links
2025-03-27 10:31:05,976 - INFO - FOLLOWING SCRAPER: DEBUG: After sanitization: 1852 links (removed 0)
2025-03-27 10:31:05,976 - INFO - FOLLOWING SCRAPER: DEBUG: Successfully saved 1852 links to instagram_data/followingLinks.txt
2025-03-27 10:31:05,976 - INFO - FOLLOWING SCRAPER: DEBUG: Links saved
2025-03-27 10:31:05,976 - INFO - FOLLOWING SCRAPER: Added 0 new relationships to adjacency list (total: 25025)
2025-03-27 10:31:05,976 - INFO - FOLLOWING SCRAPER: Completed 10/49 accounts. 1852 remaining in queue.
2025-03-27 10:31:05,976 - INFO - FOLLOWING SCRAPER: Waiting 5 seconds before next account...
2025-03-27 10:31:05,976 - INFO - FOLLOWING SCRAPER: DEBUG: Processing link #11/49: https://www.instagram.com/laclefrevival/
2025-03-27 10:31:05,976 - INFO - FOLLOWING SCRAPER: DEBUG: Before processing - 1852 links in queue
2025-03-27 10:31:05,976 - INFO - FOLLOWING SCRAPER: DEBUG: Account laclefrevival in progress data with rate_limited=False
2025-03-27 10:31:05,977 - INFO - FOLLOWING SCRAPER: Processing: https://www.instagram.com/laclefrevival/
2025-03-27 10:31:05,977 - INFO - FOLLOWING SCRAPER: Account laclefrevival already fully processed. Skipping.
2025-03-27 10:31:05,977 - INFO - FOLLOWING SCRAPER: DEBUG: Removing link from queue: https://www.instagram.com/laclefrevival/
2025-03-27 10:31:05,977 - INFO - FOLLOWING SCRAPER: DEBUG: Link removed. Queue size now: 1851
2025-03-27 10:31:05,977 - INFO - FOLLOWING SCRAPER: DEBUG: Sanitizing and saving 1851 links
2025-03-27 10:31:05,977 - INFO - FOLLOWING SCRAPER: DEBUG: After sanitization: 1851 links (removed 0)
2025-03-27 10:31:05,977 - INFO - FOLLOWING SCRAPER: DEBUG: Successfully saved 1851 links to instagram_data/followingLinks.txt
2025-03-27 10:31:05,977 - INFO - FOLLOWING SCRAPER: DEBUG: Links saved
2025-03-27 10:31:05,977 - INFO - FOLLOWING SCRAPER: Added 0 new relationships to adjacency list (total: 25025)
2025-03-27 10:31:05,977 - INFO - FOLLOWING SCRAPER: Completed 11/49 accounts. 1851 remaining in queue.
2025-03-27 10:31:05,977 - INFO - FOLLOWING SCRAPER: Waiting 5 seconds before next account...
2025-03-27 10:31:05,977 - INFO - FOLLOWING SCRAPER: DEBUG: Processing link #12/49: https://www.instagram.com/byboyfantasy/
2025-03-27 10:31:05,977 - INFO - FOLLOWING SCRAPER: DEBUG: Before processing - 1851 links in queue
2025-03-27 10:31:05,977 - INFO - FOLLOWING SCRAPER: DEBUG: Account byboyfantasy in progress data with rate_limited=False
2025-03-27 10:31:05,977 - INFO - FOLLOWING SCRAPER: Processing: https://www.instagram.com/byboyfantasy/
2025-03-27 10:31:05,977 - INFO - FOLLOWING SCRAPER: Account byboyfantasy already fully processed. Skipping.
2025-03-27 10:31:05,977 - INFO - FOLLOWING SCRAPER: DEBUG: Removing link from queue: https://www.instagram.com/byboyfantasy/
2025-03-27 10:31:05,977 - INFO - FOLLOWING SCRAPER: DEBUG: Link removed. Queue size now: 1850
2025-03-27 10:31:05,977 - INFO - FOLLOWING SCRAPER: DEBUG: Sanitizing and saving 1850 links
2025-03-27 10:31:05,977 - INFO - FOLLOWING SCRAPER: DEBUG: After sanitization: 1850 links (removed 0)
2025-03-27 10:31:05,977 - INFO - FOLLOWING SCRAPER: DEBUG: Successfully saved 1850 links to instagram_data/followingLinks.txt
2025-03-27 10:31:05,977 - INFO - FOLLOWING SCRAPER: DEBUG: Links saved
2025-03-27 10:31:05,977 - INFO - FOLLOWING SCRAPER: Added 0 new relationships to adjacency list (total: 25025)
2025-03-27 10:31:05,977 - INFO - FOLLOWING SCRAPER: Completed 12/49 accounts. 1850 remaining in queue.
2025-03-27 10:31:05,977 - INFO - FOLLOWING SCRAPER: Waiting 5 seconds before next account...
2025-03-27 10:31:05,977 - INFO - FOLLOWING SCRAPER: DEBUG: Processing link #13/49: https://www.instagram.com/manofdutch/
2025-03-27 10:31:05,977 - INFO - FOLLOWING SCRAPER: DEBUG: Before processing - 1850 links in queue
2025-03-27 10:31:05,977 - INFO - FOLLOWING SCRAPER: DEBUG: Account manofdutch in progress data with rate_limited=False
2025-03-27 10:31:05,977 - INFO - FOLLOWING SCRAPER: Processing: https://www.instagram.com/manofdutch/
2025-03-27 10:31:05,977 - INFO - FOLLOWING SCRAPER: Account manofdutch already fully processed. Skipping.
2025-03-27 10:31:05,977 - INFO - FOLLOWING SCRAPER: DEBUG: Removing link from queue: https://www.instagram.com/manofdutch/
2025-03-27 10:31:05,977 - INFO - FOLLOWING SCRAPER: DEBUG: Link removed. Queue size now: 1849
2025-03-27 10:31:05,977 - INFO - FOLLOWING SCRAPER: DEBUG: Sanitizing and saving 1849 links
2025-03-27 10:31:05,977 - INFO - FOLLOWING SCRAPER: DEBUG: After sanitization: 1849 links (removed 0)
2025-03-27 10:31:05,977 - INFO - FOLLOWING SCRAPER: DEBUG: Successfully saved 1849 links to instagram_data/followingLinks.txt
2025-03-27 10:31:05,977 - INFO - FOLLOWING SCRAPER: DEBUG: Links saved
2025-03-27 10:31:05,977 - INFO - FOLLOWING SCRAPER: Added 0 new relationships to adjacency list (total: 25025)
2025-03-27 10:31:05,977 - INFO - FOLLOWING SCRAPER: Completed 13/49 accounts. 1849 remaining in queue.
2025-03-27 10:31:05,977 - INFO - FOLLOWING SCRAPER: Waiting 5 seconds before next account...
2025-03-27 10:31:05,977 - INFO - FOLLOWING SCRAPER: DEBUG: Processing link #14/49: https://www.instagram.com/thefineartcollective/
2025-03-27 10:31:05,977 - INFO - FOLLOWING SCRAPER: DEBUG: Before processing - 1849 links in queue
2025-03-27 10:31:05,977 - INFO - FOLLOWING SCRAPER: DEBUG: Account thefineartcollective in progress data with rate_limited=False
2025-03-27 10:31:05,977 - INFO - FOLLOWING SCRAPER: Processing: https://www.instagram.com/thefineartcollective/
2025-03-27 10:31:05,977 - INFO - FOLLOWING SCRAPER: Account thefineartcollective already fully processed. Skipping.
2025-03-27 10:31:05,977 - INFO - FOLLOWING SCRAPER: DEBUG: Removing link from queue: https://www.instagram.com/thefineartcollective/
2025-03-27 10:31:05,977 - INFO - FOLLOWING SCRAPER: DEBUG: Link removed. Queue size now: 1848
2025-03-27 10:31:05,977 - INFO - FOLLOWING SCRAPER: DEBUG: Sanitizing and saving 1848 links
2025-03-27 10:31:05,977 - INFO - FOLLOWING SCRAPER: DEBUG: After sanitization: 1848 links (removed 0)
2025-03-27 10:31:05,977 - INFO - FOLLOWING SCRAPER: DEBUG: Successfully saved 1848 links to instagram_data/followingLinks.txt
2025-03-27 10:31:05,977 - INFO - FOLLOWING SCRAPER: DEBUG: Links saved
2025-03-27 10:31:05,977 - INFO - FOLLOWING SCRAPER: Added 0 new relationships to adjacency list (total: 25025)
2025-03-27 10:31:05,977 - INFO - FOLLOWING SCRAPER: Completed 14/49 accounts. 1848 remaining in queue.
2025-03-27 10:31:05,977 - INFO - FOLLOWING SCRAPER: Waiting 5 seconds before next account...
2025-03-27 10:31:05,977 - INFO - FOLLOWING SCRAPER: DEBUG: Processing link #15/49: https://www.instagram.com/ccclare_/
2025-03-27 10:31:05,977 - INFO - FOLLOWING SCRAPER: DEBUG: Before processing - 1848 links in queue
2025-03-27 10:31:05,977 - INFO - FOLLOWING SCRAPER: DEBUG: Account ccclare_ in progress data with rate_limited=False
2025-03-27 10:31:05,977 - INFO - FOLLOWING SCRAPER: DEBUG: Skipping already processed account: ccclare_
2025-03-27 10:31:05,977 - INFO - FOLLOWING SCRAPER: DEBUG: Sanitizing and saving 1847 links
2025-03-27 10:31:05,977 - INFO - FOLLOWING SCRAPER: DEBUG: After sanitization: 1847 links (removed 0)
2025-03-27 10:31:05,977 - INFO - FOLLOWING SCRAPER: DEBUG: Successfully saved 1847 links to instagram_data/followingLinks.txt
2025-03-27 10:31:05,977 - INFO - FOLLOWING SCRAPER: DEBUG: Processing link #16/49: https://www.instagram.com/rubyyyyyying/
2025-03-27 10:31:05,977 - INFO - FOLLOWING SCRAPER: DEBUG: Before processing - 1847 links in queue
2025-03-27 10:31:05,977 - INFO - FOLLOWING SCRAPER: DEBUG: Account rubyyyyyying in progress data with rate_limited=False
2025-03-27 10:31:05,977 - INFO - FOLLOWING SCRAPER: DEBUG: Skipping already processed account: rubyyyyyying
2025-03-27 10:31:05,977 - INFO - FOLLOWING SCRAPER: DEBUG: Sanitizing and saving 1846 links
2025-03-27 10:31:05,977 - INFO - FOLLOWING SCRAPER: DEBUG: After sanitization: 1846 links (removed 0)
2025-03-27 10:31:05,977 - INFO - FOLLOWING SCRAPER: DEBUG: Successfully saved 1846 links to instagram_data/followingLinks.txt
2025-03-27 10:31:05,977 - INFO - FOLLOWING SCRAPER: DEBUG: Processing link #17/49: https://www.instagram.com/yitingzhang/
2025-03-27 10:31:05,977 - INFO - FOLLOWING SCRAPER: DEBUG: Before processing - 1846 links in queue
2025-03-27 10:31:05,977 - INFO - FOLLOWING SCRAPER: DEBUG: Account yitingzhang in progress data with rate_limited=False
2025-03-27 10:31:05,977 - INFO - FOLLOWING SCRAPER: DEBUG: Skipping already processed account: yitingzhang
2025-03-27 10:31:05,977 - INFO - FOLLOWING SCRAPER: DEBUG: Sanitizing and saving 1845 links
2025-03-27 10:31:05,977 - INFO - FOLLOWING SCRAPER: DEBUG: After sanitization: 1845 links (removed 0)
2025-03-27 10:31:05,977 - INFO - FOLLOWING SCRAPER: DEBUG: Successfully saved 1845 links to instagram_data/followingLinks.txt
2025-03-27 10:31:05,977 - INFO - FOLLOWING SCRAPER: DEBUG: Processing link #18/49: https://www.instagram.com/claire.qiu_/
2025-03-27 10:31:05,977 - INFO - FOLLOWING SCRAPER: DEBUG: Before processing - 1845 links in queue
2025-03-27 10:31:05,977 - INFO - FOLLOWING SCRAPER: DEBUG: Account claire.qiu_ in progress data with rate_limited=False
2025-03-27 10:31:05,977 - INFO - FOLLOWING SCRAPER: DEBUG: Skipping already processed account: claire.qiu_
2025-03-27 10:31:05,977 - INFO - FOLLOWING SCRAPER: DEBUG: Sanitizing and saving 1844 links
2025-03-27 10:31:05,978 - INFO - FOLLOWING SCRAPER: DEBUG: After sanitization: 1844 links (removed 0)
2025-03-27 10:31:05,978 - INFO - FOLLOWING SCRAPER: DEBUG: Successfully saved 1844 links to instagram_data/followingLinks.txt
2025-03-27 10:31:05,978 - INFO - FOLLOWING SCRAPER: DEBUG: Processing link #19/49: https://www.instagram.com/jialuu__/
2025-03-27 10:31:05,978 - INFO - FOLLOWING SCRAPER: DEBUG: Before processing - 1844 links in queue
2025-03-27 10:31:05,978 - INFO - FOLLOWING SCRAPER: DEBUG: Account jialuu__ in progress data with rate_limited=False
2025-03-27 10:31:05,978 - INFO - FOLLOWING SCRAPER: DEBUG: Skipping already processed account: jialuu__
2025-03-27 10:31:05,978 - INFO - FOLLOWING SCRAPER: DEBUG: Sanitizing and saving 1843 links
2025-03-27 10:31:05,978 - INFO - FOLLOWING SCRAPER: DEBUG: After sanitization: 1843 links (removed 0)
2025-03-27 10:31:05,978 - INFO - FOLLOWING SCRAPER: DEBUG: Successfully saved 1843 links to instagram_data/followingLinks.txt
2025-03-27 10:31:05,978 - INFO - FOLLOWING SCRAPER: DEBUG: Processing link #20/49: https://www.instagram.com/dawn_rz_/
2025-03-27 10:31:05,978 - INFO - FOLLOWING SCRAPER: DEBUG: Before processing - 1843 links in queue
2025-03-27 10:31:05,978 - INFO - FOLLOWING SCRAPER: DEBUG: Account dawn_rz_ in progress data with rate_limited=False
2025-03-27 10:31:05,978 - INFO - FOLLOWING SCRAPER: DEBUG: Skipping already processed account: dawn_rz_
2025-03-27 10:31:05,978 - INFO - FOLLOWING SCRAPER: DEBUG: Sanitizing and saving 1842 links
2025-03-27 10:31:05,978 - INFO - FOLLOWING SCRAPER: DEBUG: After sanitization: 1842 links (removed 0)
2025-03-27 10:31:05,978 - INFO - FOLLOWING SCRAPER: DEBUG: Successfully saved 1842 links to instagram_data/followingLinks.txt
2025-03-27 10:31:05,978 - INFO - FOLLOWING SCRAPER: DEBUG: Processing link #21/49: https://www.instagram.com/archer222arc/
2025-03-27 10:31:05,978 - INFO - FOLLOWING SCRAPER: DEBUG: Before processing - 1842 links in queue
2025-03-27 10:31:05,978 - INFO - FOLLOWING SCRAPER: DEBUG: Account archer222arc in progress data with rate_limited=False
2025-03-27 10:31:05,978 - INFO - FOLLOWING SCRAPER: DEBUG: Skipping already processed account: archer222arc
2025-03-27 10:31:05,978 - INFO - FOLLOWING SCRAPER: DEBUG: Sanitizing and saving 1841 links
2025-03-27 10:31:05,978 - INFO - FOLLOWING SCRAPER: DEBUG: After sanitization: 1841 links (removed 0)
2025-03-27 10:31:05,978 - INFO - FOLLOWING SCRAPER: DEBUG: Successfully saved 1841 links to instagram_data/followingLinks.txt
2025-03-27 10:31:05,978 - INFO - FOLLOWING SCRAPER: DEBUG: Processing link #22/49: https://www.instagram.com/aaannie_wang/
2025-03-27 10:31:05,978 - INFO - FOLLOWING SCRAPER: DEBUG: Before processing - 1841 links in queue
2025-03-27 10:31:05,978 - INFO - FOLLOWING SCRAPER: DEBUG: Account aaannie_wang in progress data with rate_limited=False
2025-03-27 10:31:16,116 - INFO - FOLLOWING SCRAPER: DEBUG: Skipping already processed account: aaannie_wang
2025-03-27 10:31:16,116 - INFO - FOLLOWING SCRAPER: DEBUG: Sanitizing and saving 1840 links
2025-03-27 10:31:16,117 - INFO - FOLLOWING SCRAPER: DEBUG: After sanitization: 1840 links (removed 0)
2025-03-27 10:31:16,117 - INFO - FOLLOWING SCRAPER: DEBUG: Successfully saved 1840 links to instagram_data/followingLinks.txt
2025-03-27 10:31:16,117 - INFO - FOLLOWING SCRAPER: DEBUG: Processing link #23/49: https://www.instagram.com/ivyyyl_/
2025-03-27 10:31:16,117 - INFO - FOLLOWING SCRAPER: DEBUG: Before processing - 1840 links in queue
2025-03-27 10:31:16,117 - INFO - FOLLOWING SCRAPER: DEBUG: Account ivyyyl_ in progress data with rate_limited=False
2025-03-27 10:31:16,117 - INFO - FOLLOWING SCRAPER: DEBUG: Skipping already processed account: ivyyyl_
2025-03-27 10:31:16,117 - INFO - FOLLOWING SCRAPER: DEBUG: Sanitizing and saving 1839 links
2025-03-27 10:31:16,117 - INFO - FOLLOWING SCRAPER: DEBUG: After sanitization: 1839 links (removed 0)
2025-03-27 10:31:16,117 - INFO - FOLLOWING SCRAPER: DEBUG: Successfully saved 1839 links to instagram_data/followingLinks.txt
2025-03-27 10:31:16,117 - INFO - FOLLOWING SCRAPER: DEBUG: Processing link #24/49: https://www.instagram.com/yezirong/
2025-03-27 10:31:16,117 - INFO - FOLLOWING SCRAPER: DEBUG: Before processing - 1839 links in queue
2025-03-27 10:31:16,117 - INFO - FOLLOWING SCRAPER: DEBUG: Account yezirong in progress data with rate_limited=False
2025-03-27 10:31:16,117 - INFO - FOLLOWING SCRAPER: DEBUG: Skipping already processed account: yezirong
2025-03-27 10:31:16,117 - INFO - FOLLOWING SCRAPER: DEBUG: Sanitizing and saving 1838 links
2025-03-27 10:31:16,117 - INFO - FOLLOWING SCRAPER: DEBUG: After sanitization: 1838 links (removed 0)
2025-03-27 10:31:16,117 - INFO - FOLLOWING SCRAPER: DEBUG: Successfully saved 1838 links to instagram_data/followingLinks.txt
2025-03-27 10:31:16,117 - INFO - FOLLOWING SCRAPER: DEBUG: Processing link #25/49: https://www.instagram.com/hesens05/
2025-03-27 10:31:16,117 - INFO - FOLLOWING SCRAPER: DEBUG: Before processing - 1838 links in queue
2025-03-27 10:31:16,117 - INFO - FOLLOWING SCRAPER: DEBUG: Account hesens05 in progress data with rate_limited=False
2025-03-27 10:31:16,117 - INFO - FOLLOWING SCRAPER: DEBUG: Skipping already processed account: hesens05
2025-03-27 10:31:16,117 - INFO - FOLLOWING SCRAPER: DEBUG: Sanitizing and saving 1837 links
2025-03-27 10:31:16,117 - INFO - FOLLOWING SCRAPER: DEBUG: After sanitization: 1837 links (removed 0)
2025-03-27 10:31:16,117 - INFO - FOLLOWING SCRAPER: DEBUG: Successfully saved 1837 links to instagram_data/followingLinks.txt
2025-03-27 10:31:16,117 - INFO - FOLLOWING SCRAPER: DEBUG: Processing link #26/49: https://www.instagram.com/angelakkk_/
2025-03-27 10:31:16,117 - INFO - FOLLOWING SCRAPER: DEBUG: Before processing - 1837 links in queue
2025-03-27 10:31:16,117 - INFO - FOLLOWING SCRAPER: DEBUG: Account angelakkk_ in progress data with rate_limited=False
2025-03-27 10:31:16,117 - INFO - FOLLOWING SCRAPER: DEBUG: Skipping already processed account: angelakkk_
2025-03-27 10:31:16,117 - INFO - FOLLOWING SCRAPER: DEBUG: Sanitizing and saving 1836 links
2025-03-27 10:31:16,117 - INFO - FOLLOWING SCRAPER: DEBUG: After sanitization: 1836 links (removed 0)
2025-03-27 10:31:16,117 - INFO - FOLLOWING SCRAPER: DEBUG: Successfully saved 1836 links to instagram_data/followingLinks.txt
2025-03-27 10:31:16,117 - INFO - FOLLOWING SCRAPER: DEBUG: Processing link #27/49: https://www.instagram.com/as_cool_as_cucumber_amber/
2025-03-27 10:31:16,117 - INFO - FOLLOWING SCRAPER: DEBUG: Before processing - 1836 links in queue
2025-03-27 10:31:16,117 - INFO - FOLLOWING SCRAPER: DEBUG: Account as_cool_as_cucumber_amber in progress data with rate_limited=False
2025-03-27 10:31:16,117 - INFO - FOLLOWING SCRAPER: DEBUG: Skipping already processed account: as_cool_as_cucumber_amber
2025-03-27 10:31:16,117 - INFO - FOLLOWING SCRAPER: DEBUG: Sanitizing and saving 1835 links
2025-03-27 10:31:16,117 - INFO - FOLLOWING SCRAPER: DEBUG: After sanitization: 1835 links (removed 0)
2025-03-27 10:31:16,117 - INFO - FOLLOWING SCRAPER: DEBUG: Successfully saved 1835 links to instagram_data/followingLinks.txt
2025-03-27 10:31:16,117 - INFO - FOLLOWING SCRAPER: DEBUG: Processing link #28/49: https://www.instagram.com/schuwii_z/
2025-03-27 10:31:16,117 - INFO - FOLLOWING SCRAPER: DEBUG: Before processing - 1835 links in queue
2025-03-27 10:31:16,117 - INFO - FOLLOWING SCRAPER: DEBUG: Account schuwii_z in progress data with rate_limited=False
2025-03-27 10:31:16,117 - INFO - FOLLOWING SCRAPER: DEBUG: Skipping already processed account: schuwii_z
2025-03-27 10:31:16,117 - INFO - FOLLOWING SCRAPER: DEBUG: Sanitizing and saving 1834 links
2025-03-27 10:31:16,117 - INFO - FOLLOWING SCRAPER: DEBUG: After sanitization: 1834 links (removed 0)
2025-03-27 10:31:16,117 - INFO - FOLLOWING SCRAPER: DEBUG: Successfully saved 1834 links to instagram_data/followingLinks.txt
2025-03-27 10:31:16,117 - INFO - FOLLOWING SCRAPER: DEBUG: Processing link #29/49: https://www.instagram.com/khriswu8/
2025-03-27 10:31:16,117 - INFO - FOLLOWING SCRAPER: DEBUG: Before processing - 1834 links in queue
2025-03-27 10:31:16,118 - INFO - FOLLOWING SCRAPER: DEBUG: Account khriswu8 in progress data with rate_limited=False
2025-03-27 10:31:16,118 - INFO - FOLLOWING SCRAPER: DEBUG: Skipping already processed account: khriswu8
2025-03-27 10:31:16,118 - INFO - FOLLOWING SCRAPER: DEBUG: Sanitizing and saving 1833 links
2025-03-27 10:31:16,118 - INFO - FOLLOWING SCRAPER: DEBUG: After sanitization: 1833 links (removed 0)
2025-03-27 10:31:16,118 - INFO - FOLLOWING SCRAPER: DEBUG: Successfully saved 1833 links to instagram_data/followingLinks.txt
2025-03-27 10:31:16,118 - INFO - FOLLOWING SCRAPER: DEBUG: Processing link #30/49: https://www.instagram.com/karena88888/
2025-03-27 10:31:16,118 - INFO - FOLLOWING SCRAPER: DEBUG: Before processing - 1833 links in queue
2025-03-27 10:31:16,118 - INFO - FOLLOWING SCRAPER: DEBUG: Account karena88888 in progress data with rate_limited=False
2025-03-27 10:31:16,118 - INFO - FOLLOWING SCRAPER: DEBUG: Skipping already processed account: karena88888
2025-03-27 10:31:16,118 - INFO - FOLLOWING SCRAPER: DEBUG: Sanitizing and saving 1832 links
2025-03-27 10:31:16,118 - INFO - FOLLOWING SCRAPER: DEBUG: After sanitization: 1832 links (removed 0)
2025-03-27 10:31:16,118 - INFO - FOLLOWING SCRAPER: DEBUG: Successfully saved 1832 links to instagram_data/followingLinks.txt
2025-03-27 10:31:16,118 - INFO - FOLLOWING SCRAPER: DEBUG: Processing link #31/49: https://www.instagram.com/donsonn/
2025-03-27 10:31:16,118 - INFO - FOLLOWING SCRAPER: DEBUG: Before processing - 1832 links in queue
2025-03-27 10:31:16,118 - INFO - FOLLOWING SCRAPER: DEBUG: Account donsonn in progress data with rate_limited=False
2025-03-27 10:31:16,118 - INFO - FOLLOWING SCRAPER: DEBUG: Skipping already processed account: donsonn
2025-03-27 10:31:16,118 - INFO - FOLLOWING SCRAPER: DEBUG: Sanitizing and saving 1831 links
2025-03-27 10:31:16,118 - INFO - FOLLOWING SCRAPER: DEBUG: After sanitization: 1831 links (removed 0)
2025-03-27 10:31:16,118 - INFO - FOLLOWING SCRAPER: DEBUG: Successfully saved 1831 links to instagram_data/followingLinks.txt
2025-03-27 10:31:16,118 - INFO - FOLLOWING SCRAPER: DEBUG: Processing link #32/49: https://www.instagram.com/chenggao1999/
2025-03-27 10:31:16,118 - INFO - FOLLOWING SCRAPER: DEBUG: Before processing - 1831 links in queue
2025-03-27 10:31:16,118 - INFO - FOLLOWING SCRAPER: DEBUG: Account chenggao1999 in progress data with rate_limited=False
2025-03-27 10:31:16,118 - INFO - FOLLOWING SCRAPER: DEBUG: Skipping already processed account: chenggao1999
2025-03-27 10:31:16,118 - INFO - FOLLOWING SCRAPER: DEBUG: Sanitizing and saving 1830 links
2025-03-27 10:31:16,118 - INFO - FOLLOWING SCRAPER: DEBUG: After sanitization: 1830 links (removed 0)
2025-03-27 10:31:16,118 - INFO - FOLLOWING SCRAPER: DEBUG: Successfully saved 1830 links to instagram_data/followingLinks.txt
2025-03-27 10:31:16,118 - INFO - FOLLOWING SCRAPER: DEBUG: Processing link #33/49: https://www.instagram.com/whitehouse/
2025-03-27 10:31:16,118 - INFO - FOLLOWING SCRAPER: DEBUG: Before processing - 1830 links in queue
2025-03-27 10:31:16,118 - INFO - FOLLOWING SCRAPER: DEBUG: Account whitehouse in progress data with rate_limited=False
2025-03-27 10:31:16,118 - INFO - FOLLOWING SCRAPER: DEBUG: Skipping already processed account: whitehouse
2025-03-27 10:31:16,118 - INFO - FOLLOWING SCRAPER: DEBUG: Sanitizing and saving 1829 links
2025-03-27 10:31:16,118 - INFO - FOLLOWING SCRAPER: DEBUG: After sanitization: 1829 links (removed 0)
2025-03-27 10:31:16,118 - INFO - FOLLOWING SCRAPER: DEBUG: Successfully saved 1829 links to instagram_data/followingLinks.txt
2025-03-27 10:31:16,118 - INFO - FOLLOWING SCRAPER: DEBUG: Processing link #34/49: https://www.instagram.com/the_sstan/
2025-03-27 10:31:16,118 - INFO - FOLLOWING SCRAPER: DEBUG: Before processing - 1829 links in queue
2025-03-27 10:31:16,118 - INFO - FOLLOWING SCRAPER: DEBUG: Account the_sstan in progress data with rate_limited=False
2025-03-27 10:31:16,118 - INFO - FOLLOWING SCRAPER: DEBUG: Skipping already processed account: the_sstan
2025-03-27 10:31:16,118 - INFO - FOLLOWING SCRAPER: DEBUG: Sanitizing and saving 1828 links
2025-03-27 10:31:16,118 - INFO - FOLLOWING SCRAPER: DEBUG: After sanitization: 1828 links (removed 0)
2025-03-27 10:31:16,118 - INFO - FOLLOWING SCRAPER: DEBUG: Successfully saved 1828 links to instagram_data/followingLinks.txt
2025-03-27 10:31:16,118 - INFO - FOLLOWING SCRAPER: DEBUG: Processing link #35/49: https://www.instagram.com/jeanne_andreaa/
2025-03-27 10:31:16,118 - INFO - FOLLOWING SCRAPER: DEBUG: Before processing - 1828 links in queue
2025-03-27 10:31:16,118 - INFO - FOLLOWING SCRAPER: DEBUG: Account jeanne_andreaa in progress data with rate_limited=False
2025-03-27 10:31:16,118 - INFO - FOLLOWING SCRAPER: DEBUG: Skipping already processed account: jeanne_andreaa
2025-03-27 10:31:16,118 - INFO - FOLLOWING SCRAPER: DEBUG: Sanitizing and saving 1827 links
2025-03-27 10:31:16,118 - INFO - FOLLOWING SCRAPER: DEBUG: After sanitization: 1827 links (removed 0)
2025-03-27 10:31:16,118 - INFO - FOLLOWING SCRAPER: DEBUG: Successfully saved 1827 links to instagram_data/followingLinks.txt
2025-03-27 10:31:16,118 - INFO - FOLLOWING SCRAPER: DEBUG: Processing link #36/49: https://www.instagram.com/xuleqi926/
2025-03-27 10:31:16,118 - INFO - FOLLOWING SCRAPER: DEBUG: Before processing - 1827 links in queue
2025-03-27 10:31:16,118 - INFO - FOLLOWING SCRAPER: DEBUG: Account xuleqi926 in progress data with rate_limited=False
2025-03-27 10:31:16,118 - INFO - FOLLOWING SCRAPER: DEBUG: Skipping already processed account: xuleqi926
2025-03-27 10:31:16,118 - INFO - FOLLOWING SCRAPER: DEBUG: Sanitizing and saving 1826 links
2025-03-27 10:31:16,118 - INFO - FOLLOWING SCRAPER: DEBUG: After sanitization: 1826 links (removed 0)
2025-03-27 10:31:16,118 - INFO - FOLLOWING SCRAPER: DEBUG: Successfully saved 1826 links to instagram_data/followingLinks.txt
2025-03-27 10:31:16,118 - INFO - FOLLOWING SCRAPER: DEBUG: Processing link #37/49: https://www.instagram.com/electronicartsintermix/
2025-03-27 10:31:16,118 - INFO - FOLLOWING SCRAPER: DEBUG: Before processing - 1826 links in queue
2025-03-27 10:31:16,118 - INFO - FOLLOWING SCRAPER: DEBUG: Account electronicartsintermix in progress data with rate_limited=False
2025-03-27 10:31:16,118 - INFO - FOLLOWING SCRAPER: DEBUG: Skipping already processed account: electronicartsintermix
2025-03-27 10:31:16,118 - INFO - FOLLOWING SCRAPER: DEBUG: Sanitizing and saving 1825 links
2025-03-27 10:31:16,118 - INFO - FOLLOWING SCRAPER: DEBUG: After sanitization: 1825 links (removed 0)
2025-03-27 10:31:16,118 - INFO - FOLLOWING SCRAPER: DEBUG: Successfully saved 1825 links to instagram_data/followingLinks.txt
2025-03-27 10:31:16,118 - INFO - FOLLOWING SCRAPER: DEBUG: Processing link #38/49: https://www.instagram.com/parissfch/
2025-03-27 10:31:16,118 - INFO - FOLLOWING SCRAPER: DEBUG: Before processing - 1825 links in queue
2025-03-27 10:31:16,119 - INFO - FOLLOWING SCRAPER: DEBUG: Account parissfch in progress data with rate_limited=False
2025-03-27 10:31:16,119 - INFO - FOLLOWING SCRAPER: DEBUG: Skipping already processed account: parissfch
2025-03-27 10:31:16,119 - INFO - FOLLOWING SCRAPER: DEBUG: Sanitizing and saving 1824 links
2025-03-27 10:31:16,119 - INFO - FOLLOWING SCRAPER: DEBUG: After sanitization: 1824 links (removed 0)
2025-03-27 10:31:16,119 - INFO - FOLLOWING SCRAPER: DEBUG: Successfully saved 1824 links to instagram_data/followingLinks.txt
2025-03-27 10:31:16,119 - INFO - FOLLOWING SCRAPER: DEBUG: Processing link #39/49: https://www.instagram.com/nytimestravel/
2025-03-27 10:31:16,119 - INFO - FOLLOWING SCRAPER: DEBUG: Before processing - 1824 links in queue
2025-03-27 10:31:16,119 - INFO - FOLLOWING SCRAPER: DEBUG: Account nytimestravel in progress data with rate_limited=False
2025-03-27 10:31:16,119 - INFO - FOLLOWING SCRAPER: DEBUG: Skipping already processed account: nytimestravel
2025-03-27 10:31:16,119 - INFO - FOLLOWING SCRAPER: DEBUG: Sanitizing and saving 1823 links
2025-03-27 10:31:16,119 - INFO - FOLLOWING SCRAPER: DEBUG: After sanitization: 1823 links (removed 0)
2025-03-27 10:31:16,119 - INFO - FOLLOWING SCRAPER: DEBUG: Successfully saved 1823 links to instagram_data/followingLinks.txt
2025-03-27 10:31:16,119 - INFO - FOLLOWING SCRAPER: DEBUG: Processing link #40/49: https://www.instagram.com/nytimes/
2025-03-27 10:31:16,119 - INFO - FOLLOWING SCRAPER: DEBUG: Before processing - 1823 links in queue
2025-03-27 10:31:16,119 - INFO - FOLLOWING SCRAPER: DEBUG: Account nytimes in progress data with rate_limited=False
2025-03-27 10:31:16,119 - INFO - FOLLOWING SCRAPER: DEBUG: Skipping already processed account: nytimes
2025-03-27 10:31:16,119 - INFO - FOLLOWING SCRAPER: DEBUG: Sanitizing and saving 1822 links
2025-03-27 10:31:16,119 - INFO - FOLLOWING SCRAPER: DEBUG: After sanitization: 1822 links (removed 0)
2025-03-27 10:31:16,119 - INFO - FOLLOWING SCRAPER: DEBUG: Successfully saved 1822 links to instagram_data/followingLinks.txt
2025-03-27 10:31:16,119 - INFO - FOLLOWING SCRAPER: DEBUG: Processing link #41/49: https://www.instagram.com/milanrecords/
2025-03-27 10:31:16,119 - INFO - FOLLOWING SCRAPER: DEBUG: Before processing - 1822 links in queue
2025-03-27 10:31:16,119 - INFO - FOLLOWING SCRAPER: DEBUG: Account milanrecords in progress data with rate_limited=False
2025-03-27 10:31:16,119 - INFO - FOLLOWING SCRAPER: Processing: https://www.instagram.com/milanrecords/
2025-03-27 10:31:16,119 - INFO - FOLLOWING SCRAPER: Account milanrecords already fully processed. Skipping.
2025-03-27 10:31:16,119 - INFO - FOLLOWING SCRAPER: DEBUG: Removing link from queue: https://www.instagram.com/milanrecords/
2025-03-27 10:31:16,119 - INFO - FOLLOWING SCRAPER: DEBUG: Link removed. Queue size now: 1821
2025-03-27 10:31:16,119 - INFO - FOLLOWING SCRAPER: DEBUG: Sanitizing and saving 1821 links
2025-03-27 10:31:16,119 - INFO - FOLLOWING SCRAPER: DEBUG: After sanitization: 1821 links (removed 0)
2025-03-27 10:31:16,119 - INFO - FOLLOWING SCRAPER: DEBUG: Successfully saved 1821 links to instagram_data/followingLinks.txt
2025-03-27 10:31:16,119 - INFO - FOLLOWING SCRAPER: DEBUG: Links saved
2025-03-27 10:31:16,119 - INFO - FOLLOWING SCRAPER: Added 0 new relationships to adjacency list (total: 25025)
2025-03-27 10:31:16,119 - INFO - FOLLOWING SCRAPER: Completed 15/49 accounts. 1821 remaining in queue.
2025-03-27 10:31:16,119 - INFO - FOLLOWING SCRAPER: Waiting 5 seconds before next account...
2025-03-27 10:31:16,119 - INFO - FOLLOWING SCRAPER: DEBUG: Processing link #42/49: https://www.instagram.com/a24/
2025-03-27 10:31:16,119 - INFO - FOLLOWING SCRAPER: DEBUG: Before processing - 1821 links in queue
2025-03-27 10:31:16,119 - INFO - FOLLOWING SCRAPER: DEBUG: Account a24 in progress data with rate_limited=False
2025-03-27 10:31:16,119 - INFO - FOLLOWING SCRAPER: DEBUG: Skipping already processed account: a24
2025-03-27 10:31:16,119 - INFO - FOLLOWING SCRAPER: DEBUG: Sanitizing and saving 1820 links
2025-03-27 10:31:16,119 - INFO - FOLLOWING SCRAPER: DEBUG: After sanitization: 1820 links (removed 0)
2025-03-27 10:31:16,119 - INFO - FOLLOWING SCRAPER: DEBUG: Successfully saved 1820 links to instagram_data/followingLinks.txt
2025-03-27 10:31:16,119 - INFO - FOLLOWING SCRAPER: DEBUG: Processing link #43/49: https://www.instagram.com/classaholic/
2025-03-27 10:31:16,119 - INFO - FOLLOWING SCRAPER: DEBUG: Before processing - 1820 links in queue
2025-03-27 10:31:16,119 - INFO - FOLLOWING SCRAPER: DEBUG: Account classaholic in progress data with rate_limited=False
2025-03-27 10:31:16,119 - INFO - FOLLOWING SCRAPER: DEBUG: Skipping already processed account: classaholic
2025-03-27 10:31:16,119 - INFO - FOLLOWING SCRAPER: DEBUG: Sanitizing and saving 1819 links
2025-03-27 10:31:16,119 - INFO - FOLLOWING SCRAPER: DEBUG: After sanitization: 1819 links (removed 0)
2025-03-27 10:31:16,119 - INFO - FOLLOWING SCRAPER: DEBUG: Successfully saved 1819 links to instagram_data/followingLinks.txt
2025-03-27 10:31:16,119 - INFO - FOLLOWING SCRAPER: DEBUG: Processing link #44/49: https://www.instagram.com/linda_linked/
2025-03-27 10:31:16,119 - INFO - FOLLOWING SCRAPER: DEBUG: Before processing - 1819 links in queue
2025-03-27 10:31:16,119 - INFO - FOLLOWING SCRAPER: DEBUG: Account linda_linked in progress data with rate_limited=False
2025-03-27 10:31:16,119 - INFO - FOLLOWING SCRAPER: DEBUG: Skipping already processed account: linda_linked
2025-03-27 10:31:16,119 - INFO - FOLLOWING SCRAPER: DEBUG: Sanitizing and saving 1818 links
2025-03-27 10:31:16,119 - INFO - FOLLOWING SCRAPER: DEBUG: After sanitization: 1818 links (removed 0)
2025-03-27 10:31:16,119 - INFO - FOLLOWING SCRAPER: DEBUG: Successfully saved 1818 links to instagram_data/followingLinks.txt
2025-03-27 10:31:16,119 - INFO - FOLLOWING SCRAPER: DEBUG: Processing link #45/49: https://www.instagram.com/ysl/
2025-03-27 10:31:16,119 - INFO - FOLLOWING SCRAPER: DEBUG: Before processing - 1818 links in queue
2025-03-27 10:31:16,119 - INFO - FOLLOWING SCRAPER: DEBUG: Account ysl in progress data with rate_limited=False
2025-03-27 10:31:16,119 - INFO - FOLLOWING SCRAPER: DEBUG: Skipping already processed account: ysl
2025-03-27 10:31:16,119 - INFO - FOLLOWING SCRAPER: DEBUG: Sanitizing and saving 1817 links
2025-03-27 10:31:16,119 - INFO - FOLLOWING SCRAPER: DEBUG: After sanitization: 1817 links (removed 0)
2025-03-27 10:31:16,119 - INFO - FOLLOWING SCRAPER: DEBUG: Successfully saved 1817 links to instagram_data/followingLinks.txt
2025-03-27 10:31:16,119 - INFO - FOLLOWING SCRAPER: DEBUG: Processing link #46/49: https://www.instagram.com/jane_chen1221/
2025-03-27 10:31:16,119 - INFO - FOLLOWING SCRAPER: DEBUG: Before processing - 1817 links in queue
2025-03-27 10:31:16,120 - INFO - FOLLOWING SCRAPER: DEBUG: Account jane_chen1221 in progress data with rate_limited=False
2025-03-27 10:31:16,120 - INFO - FOLLOWING SCRAPER: DEBUG: Skipping already processed account: jane_chen1221
2025-03-27 10:31:16,120 - INFO - FOLLOWING SCRAPER: DEBUG: Sanitizing and saving 1816 links
2025-03-27 10:31:16,120 - INFO - FOLLOWING SCRAPER: DEBUG: After sanitization: 1816 links (removed 0)
2025-03-27 10:31:16,120 - INFO - FOLLOWING SCRAPER: DEBUG: Successfully saved 1816 links to instagram_data/followingLinks.txt
2025-03-27 10:31:16,120 - INFO - FOLLOWING SCRAPER: DEBUG: Processing link #47/49: https://www.instagram.com/prophetconsulting/
2025-03-27 10:31:16,120 - INFO - FOLLOWING SCRAPER: DEBUG: Before processing - 1816 links in queue
2025-03-27 10:31:16,120 - INFO - FOLLOWING SCRAPER: DEBUG: Account prophetconsulting in progress data with rate_limited=False
2025-03-27 10:31:16,120 - INFO - FOLLOWING SCRAPER: Processing: https://www.instagram.com/prophetconsulting/
2025-03-27 10:31:16,120 - INFO - FOLLOWING SCRAPER: Account prophetconsulting already fully processed. Skipping.
2025-03-27 10:31:16,120 - INFO - FOLLOWING SCRAPER: DEBUG: Removing link from queue: https://www.instagram.com/prophetconsulting/
2025-03-27 10:31:16,120 - INFO - FOLLOWING SCRAPER: DEBUG: Link removed. Queue size now: 1815
2025-03-27 10:31:16,120 - INFO - FOLLOWING SCRAPER: DEBUG: Sanitizing and saving 1815 links
2025-03-27 10:31:16,120 - INFO - FOLLOWING SCRAPER: DEBUG: After sanitization: 1815 links (removed 0)
2025-03-27 10:31:16,120 - INFO - FOLLOWING SCRAPER: DEBUG: Successfully saved 1815 links to instagram_data/followingLinks.txt
2025-03-27 10:31:16,120 - INFO - FOLLOWING SCRAPER: DEBUG: Links saved
2025-03-27 10:31:16,120 - INFO - FOLLOWING SCRAPER: Added 0 new relationships to adjacency list (total: 25025)
2025-03-27 10:31:16,120 - INFO - FOLLOWING SCRAPER: Completed 16/49 accounts. 1815 remaining in queue.
2025-03-27 10:31:16,120 - INFO - FOLLOWING SCRAPER: Waiting 5 seconds before next account...
2025-03-27 10:31:16,120 - INFO - FOLLOWING SCRAPER: DEBUG: Processing link #48/49: https://www.instagram.com/nationalgallery/
2025-03-27 10:31:16,120 - INFO - FOLLOWING SCRAPER: DEBUG: Before processing - 1815 links in queue
2025-03-27 10:31:16,120 - INFO - FOLLOWING SCRAPER: DEBUG: Account nationalgallery in progress data with rate_limited=False
2025-03-27 10:31:16,120 - INFO - FOLLOWING SCRAPER: DEBUG: Skipping already processed account: nationalgallery
2025-03-27 10:31:16,120 - INFO - FOLLOWING SCRAPER: DEBUG: Sanitizing and saving 1814 links
2025-03-27 10:31:16,120 - INFO - FOLLOWING SCRAPER: DEBUG: After sanitization: 1814 links (removed 0)
2025-03-27 10:31:16,120 - INFO - FOLLOWING SCRAPER: DEBUG: Successfully saved 1814 links to instagram_data/followingLinks.txt
2025-03-27 10:31:16,120 - INFO - FOLLOWING SCRAPER: DEBUG: Processing link #49/49: https://www.instagram.com/chelsea.films_/
2025-03-27 10:31:16,120 - INFO - FOLLOWING SCRAPER: DEBUG: Before processing - 1814 links in queue
2025-03-27 10:31:16,120 - INFO - FOLLOWING SCRAPER: DEBUG: Account chelsea.films_ in progress data with rate_limited=False
2025-03-27 10:31:16,120 - INFO - FOLLOWING SCRAPER: DEBUG: Skipping already processed account: chelsea.films_
2025-03-27 10:31:16,120 - INFO - FOLLOWING SCRAPER: DEBUG: Sanitizing and saving 1813 links
2025-03-27 10:31:16,120 - INFO - FOLLOWING SCRAPER: DEBUG: After sanitization: 1813 links (removed 0)
2025-03-27 10:31:16,120 - INFO - FOLLOWING SCRAPER: DEBUG: Successfully saved 1813 links to instagram_data/followingLinks.txt
2025-03-27 10:31:16,120 - INFO - FOLLOWING SCRAPER: Batch complete! Processed 16 accounts (0 were rate-limited and will be retried later).
2025-03-27 10:31:16,120 - INFO - FOLLOWING SCRAPER: 1813 links remaining for future sessions.
2025-03-27 10:31:16,120 - INFO - FOLLOWING SCRAPER: Browser closed. Script complete.
2025-03-27 10:31:16,701 - INFO - DEBUG: After processing - 1813 accounts in queue (removed 49)
2025-03-27 10:31:16,701 - INFO - DEBUG: Checking for duplicates after processing
2025-03-27 10:31:16,708 - INFO - No duplicate links found in instagram_data/followingLinks.txt
2025-03-27 10:31:16,708 - INFO - remove_processed_links function is disabled to allow re-scraping of potential rate-limited accounts
2025-03-27 10:31:16,708 - INFO - Following accounts scraping session completed with result: True
2025-03-27 10:31:16,716 - INFO - Sessions completed. Waiting 0 hours and 22 minutes before next sessions...
2025-03-27 10:54:08,684 - INFO - Current counts in status file - Followers: 881, Following: 1868
2025-03-27 10:54:08,690 - INFO - Current counts in status file - Followers: 881, Following: 1868
2025-03-27 10:54:08,692 - INFO - Starting new scraping session
2025-03-27 10:54:08,692 - INFO - Current counts in status file - Followers: 881, Following: 1868
2025-03-27 10:54:08,693 - INFO - Need to collect more following accounts: 1862/1868
2025-03-27 10:54:08,693 - INFO - Need to collect more followers: 879/881
2025-03-27 10:54:08,693 - INFO - Using 5 max pages for this session
2025-03-27 10:54:41,688 - INFO - SCRAPER: Logged in using button: //button[contains(.,'Log in')]
2025-03-27 10:54:41,689 - INFO - SCRAPER: Logged in successfully!
2025-03-27 10:54:41,689 - INFO - SCRAPER: Logged in as fretin98
2025-03-27 10:54:41,689 - INFO - SCRAPER: Resuming previous session...
2025-03-27 10:54:41,689 - INFO - SCRAPER: Loaded 879 followers and 1862 following from previous session
2025-03-27 10:54:41,689 - INFO - SCRAPER: Profile Stats: {'followers': 881, 'following': 1868, 'posts': 241}
2025-03-27 10:54:41,689 - INFO - Found profile stats line
2025-03-27 10:54:41,689 - INFO - SCRAPER: Followers: 881, Following: 1868
2025-03-27 10:54:41,689 - INFO - Extracted total followers: 881
2025-03-27 10:54:41,689 - INFO - Extracted total following: 1868
2025-03-27 10:54:41,689 - INFO - SCRAPER: Scraping followers...
2025-03-27 10:54:41,689 - INFO - SCRAPER: Already collected 879/881 followers (≥95%). Skipping followers scraping.
2025-03-27 10:54:41,689 - INFO - SCRAPER: Scraping following...
2025-03-27 10:54:41,691 - INFO - SCRAPER: Already collected 1862/1868 following accounts (≥95%). Skipping following scraping.
2025-03-27 10:54:41,692 - INFO - SCRAPER: Getting links to following accounts...
2025-03-27 10:54:41,692 - INFO - SCRAPER: Created 1862 following links from usernames
2025-03-27 10:54:41,692 - INFO - SCRAPER: Updated following links file: instagram_data/followingLinks.txt
2025-03-27 10:54:41,692 - INFO - SCRAPER: Updated adjacency list file: instagram_data/adjList.txt
2025-03-27 10:54:41,692 - INFO - SCRAPER: Added 0 new relationships (total: 25025)
2025-03-27 10:54:41,692 - INFO - SCRAPER: Retrieved 1862 following links
2025-03-27 10:54:41,692 - INFO - SCRAPER: Session completed successfully!
2025-03-27 10:54:41,692 - INFO - SCRAPER: Browser closed.
2025-03-27 10:54:41,795 - INFO - Updating status with dynamic counts - Followers: 881, Following: 1868
2025-03-27 10:54:41,796 - INFO - Saved data to instagram_data/auto_scrape_status.json
2025-03-27 10:54:41,796 - INFO - Now running a session to scrape following accounts network data...
2025-03-27 10:54:41,796 - INFO - Starting following accounts scraping session
2025-03-27 10:54:41,796 - INFO - remove_processed_links function is disabled to allow re-scraping of potential rate-limited accounts
2025-03-27 10:54:41,796 - INFO - DEBUG: Checking for duplicates before processing
2025-03-27 10:54:41,797 - INFO - No duplicate links found in instagram_data/followingLinks.txt
2025-03-27 10:54:41,797 - INFO - DEBUG: Before processing - 1862 accounts in queue
2025-03-27 10:54:41,803 - INFO - Using random batch size of 46 accounts for this session
2025-03-27 10:57:36,543 - INFO - FOLLOWING SCRAPER: DEBUG MODE ENABLED
2025-03-27 10:57:36,545 - INFO - FOLLOWING SCRAPER: Loaded scraping progress: 1472 accounts processed
2025-03-27 10:57:36,545 - INFO - FOLLOWING SCRAPER: Will process 46 accounts in this session
2025-03-27 10:57:36,545 - INFO - FOLLOWING SCRAPER: Logged in using button: //button[contains(.,'Log in')]
2025-03-27 10:57:36,545 - INFO - FOLLOWING SCRAPER: Logged in successfully!
2025-03-27 10:57:36,545 - INFO - FOLLOWING SCRAPER: Rate limit statistics: 1 accounts marked as rate-limited
2025-03-27 10:57:36,545 - INFO - FOLLOWING SCRAPER: Examples of rate-limited accounts: ['benton.down']
2025-03-27 10:57:36,545 - INFO - FOLLOWING SCRAPER: Loaded 1862 links from instagram_data/followingLinks.txt
2025-03-27 10:57:36,545 - INFO - FOLLOWING SCRAPER: Loaded adjacency list from instagram_data/adjList.txt
2025-03-27 10:57:36,545 - INFO - FOLLOWING SCRAPER: Deduplicating adjacency list...
2025-03-27 10:57:36,545 - INFO - FOLLOWING SCRAPER: No duplicates found in adjList.txt
2025-03-27 10:57:36,545 - INFO - FOLLOWING SCRAPER: DEBUG: Found 6161 already processed accounts in adjList.txt
2025-03-27 10:57:36,545 - INFO - FOLLOWING SCRAPER: Found 6161 accounts that have already been processed
2025-03-27 10:57:36,545 - INFO - FOLLOWING SCRAPER: Starting batch processing of 46 accounts
2025-03-27 10:57:36,545 - INFO - FOLLOWING SCRAPER: Pre-checking accounts to prioritize ones with reasonable follower/following counts...
2025-03-27 10:57:36,545 - INFO - FOLLOWING SCRAPER: ✓ shuheisakaue: Good candidate with 18 followers, 895 following
2025-03-27 10:57:36,545 - INFO - FOLLOWING SCRAPER: ✓ catsoupai: Good candidate with 189 followers, 189 following
2025-03-27 10:57:36,545 - INFO - FOLLOWING SCRAPER: ✓ soloslop.memes: Good candidate with 70 followers, 67 following
2025-03-27 10:57:36,545 - INFO - FOLLOWING SCRAPER: ✓ phillipsauction: Good candidate with 428 followers, 434 following
2025-03-27 10:57:36,546 - INFO - FOLLOWING SCRAPER: ✓ filmmovement: Good candidate with 12 followers, 708 following
2025-03-27 10:57:36,546 - INFO - FOLLOWING SCRAPER: ✗ rubahitam_: Too many connections (48 followers, 1153 following)
2025-03-27 10:57:36,546 - INFO - FOLLOWING SCRAPER: ✗ chinatown_cowboy.mp4: Too many connections (2383 followers, 0 following)
2025-03-27 10:57:36,546 - INFO - FOLLOWING SCRAPER: ✓ asian_redbozicowboy: Good candidate with 29 followers, 250 following
2025-03-27 10:57:36,546 - INFO - FOLLOWING SCRAPER: ✓ ccpxi_8964: Good candidate with 10 followers, 97 following
2025-03-27 10:57:36,546 - INFO - FOLLOWING SCRAPER: ✓ ngr.ev: Good candidate with 114 followers, 188 following
2025-03-27 10:57:36,546 - INFO - FOLLOWING SCRAPER: ✓ cinema_nighttt: Good candidate with 401 followers, 15 following
2025-03-27 10:57:36,546 - INFO - FOLLOWING SCRAPER: ✓ thedizzyviper: Good candidate with 179 followers, 902 following
2025-03-27 10:57:36,546 - INFO - FOLLOWING SCRAPER: ✗ arabbitsfoot: Too many connections (63 followers, 1570 following)
2025-03-27 10:57:36,546 - INFO - FOLLOWING SCRAPER: ✓ laclefrevival: Good candidate with 23 followers, 503 following
2025-03-27 10:57:36,546 - INFO - FOLLOWING SCRAPER: ✓ byboyfantasy: Good candidate with 83 followers, 609 following
2025-03-27 10:57:36,546 - INFO - FOLLOWING SCRAPER: ✓ manofdutch: Good candidate with 29 followers, 55 following
2025-03-27 10:57:36,546 - INFO - FOLLOWING SCRAPER: ✗ fernandosev7n: Too many connections (235 followers, 1534 following)
2025-03-27 10:57:36,546 - INFO - FOLLOWING SCRAPER: ✓ thefineartcollective: Good candidate with 673 followers, 919 following
2025-03-27 10:57:36,546 - INFO - FOLLOWING SCRAPER: ✗ xidan_zhang: Too many connections (2743 followers, 901 following)
2025-03-27 10:57:36,546 - INFO - FOLLOWING SCRAPER: ✗ zihaosong: Too many connections (10 followers, 2448 following)
2025-03-27 10:57:36,546 - INFO - FOLLOWING SCRAPER: ✗ young.brando: Too many connections (17 followers, 2455 following)
2025-03-27 10:57:36,546 - INFO - FOLLOWING SCRAPER: ✗ gentleman.gasmask: Too many connections (364 followers, 1661 following)
2025-03-27 10:57:36,546 - INFO - FOLLOWING SCRAPER: ✗ yuukakazami0: Too many connections (1343 followers, 519 following)
2025-03-27 10:57:36,546 - INFO - FOLLOWING SCRAPER: ✗ cucny: Too many connections (2783 followers, 38 following)
2025-03-27 10:57:36,546 - INFO - FOLLOWING SCRAPER: ✗ thepennclub: Too many connections (4056 followers, 632 following)
2025-03-27 10:57:36,546 - INFO - FOLLOWING SCRAPER: ✗ lsmartfund: Too many connections (4169 followers, 586 following)
2025-03-27 10:57:36,546 - INFO - FOLLOWING SCRAPER: ✗ perpetual.passion: Too many connections (38 followers, 2352 following)
2025-03-27 10:57:36,546 - INFO - FOLLOWING SCRAPER: Found 14 accounts with reasonable follower/following counts
2025-03-27 10:57:36,546 - INFO - FOLLOWING SCRAPER: DEBUG: Sanitizing and saving 1862 links
2025-03-27 10:57:36,546 - INFO - FOLLOWING SCRAPER: DEBUG: After sanitization: 1862 links (removed 0)
2025-03-27 10:57:36,546 - INFO - FOLLOWING SCRAPER: DEBUG: Successfully saved 1862 links to instagram_data/followingLinks.txt
2025-03-27 10:57:36,546 - INFO - FOLLOWING SCRAPER: Links reordered to prioritize accounts with reasonable follower/following counts
2025-03-27 10:57:36,546 - INFO - FOLLOWING SCRAPER: DEBUG: Processing link #1/46: https://www.instagram.com/shuheisakaue/
2025-03-27 10:57:36,546 - INFO - FOLLOWING SCRAPER: DEBUG: Before processing - 1862 links in queue
2025-03-27 10:57:36,546 - INFO - FOLLOWING SCRAPER: DEBUG: Account shuheisakaue in progress data with rate_limited=False
2025-03-27 10:57:36,546 - INFO - FOLLOWING SCRAPER: Processing: https://www.instagram.com/shuheisakaue/
2025-03-27 10:57:36,546 - INFO - FOLLOWING SCRAPER: Account shuheisakaue already fully processed. Skipping.
2025-03-27 10:57:36,546 - INFO - FOLLOWING SCRAPER: DEBUG: Removing link from queue: https://www.instagram.com/shuheisakaue/
2025-03-27 10:57:36,546 - INFO - FOLLOWING SCRAPER: DEBUG: Link removed. Queue size now: 1861
2025-03-27 10:57:36,546 - INFO - FOLLOWING SCRAPER: DEBUG: Sanitizing and saving 1861 links
2025-03-27 10:57:36,546 - INFO - FOLLOWING SCRAPER: DEBUG: After sanitization: 1861 links (removed 0)
2025-03-27 10:57:36,546 - INFO - FOLLOWING SCRAPER: DEBUG: Successfully saved 1861 links to instagram_data/followingLinks.txt
2025-03-27 10:57:36,546 - INFO - FOLLOWING SCRAPER: DEBUG: Links saved
2025-03-27 10:57:36,546 - INFO - FOLLOWING SCRAPER: Added 0 new relationships to adjacency list (total: 25025)
2025-03-27 10:57:36,546 - INFO - FOLLOWING SCRAPER: Completed 1/46 accounts. 1861 remaining in queue.
2025-03-27 10:57:36,546 - INFO - FOLLOWING SCRAPER: Waiting 5 seconds before next account...
2025-03-27 10:57:36,546 - INFO - FOLLOWING SCRAPER: DEBUG: Processing link #2/46: https://www.instagram.com/catsoupai/
2025-03-27 10:57:36,546 - INFO - FOLLOWING SCRAPER: DEBUG: Before processing - 1861 links in queue
2025-03-27 10:57:36,546 - INFO - FOLLOWING SCRAPER: DEBUG: Account catsoupai in progress data with rate_limited=False
2025-03-27 10:57:36,546 - INFO - FOLLOWING SCRAPER: Processing: https://www.instagram.com/catsoupai/
2025-03-27 10:57:36,546 - INFO - FOLLOWING SCRAPER: Account catsoupai already fully processed. Skipping.
2025-03-27 10:57:36,546 - INFO - FOLLOWING SCRAPER: DEBUG: Removing link from queue: https://www.instagram.com/catsoupai/
2025-03-27 10:57:36,546 - INFO - FOLLOWING SCRAPER: DEBUG: Link removed. Queue size now: 1860
2025-03-27 10:57:36,546 - INFO - FOLLOWING SCRAPER: DEBUG: Sanitizing and saving 1860 links
2025-03-27 10:57:36,546 - INFO - FOLLOWING SCRAPER: DEBUG: After sanitization: 1860 links (removed 0)
2025-03-27 10:57:36,546 - INFO - FOLLOWING SCRAPER: DEBUG: Successfully saved 1860 links to instagram_data/followingLinks.txt
2025-03-27 10:57:36,546 - INFO - FOLLOWING SCRAPER: DEBUG: Links saved
2025-03-27 10:57:36,546 - INFO - FOLLOWING SCRAPER: Added 0 new relationships to adjacency list (total: 25025)
2025-03-27 10:57:36,546 - INFO - FOLLOWING SCRAPER: Completed 2/46 accounts. 1860 remaining in queue.
2025-03-27 10:57:36,546 - INFO - FOLLOWING SCRAPER: Waiting 5 seconds before next account...
2025-03-27 10:57:36,546 - INFO - FOLLOWING SCRAPER: DEBUG: Processing link #3/46: https://www.instagram.com/soloslop.memes/
2025-03-27 10:57:36,546 - INFO - FOLLOWING SCRAPER: DEBUG: Before processing - 1860 links in queue
2025-03-27 10:57:36,546 - INFO - FOLLOWING SCRAPER: DEBUG: Account soloslop.memes in progress data with rate_limited=False
2025-03-27 10:57:36,546 - INFO - FOLLOWING SCRAPER: Processing: https://www.instagram.com/soloslop.memes/
2025-03-27 10:57:36,546 - INFO - FOLLOWING SCRAPER: Account soloslop.memes already fully processed. Skipping.
2025-03-27 10:57:36,546 - INFO - FOLLOWING SCRAPER: DEBUG: Removing link from queue: https://www.instagram.com/soloslop.memes/
2025-03-27 10:57:36,546 - INFO - FOLLOWING SCRAPER: DEBUG: Link removed. Queue size now: 1859
2025-03-27 10:57:36,546 - INFO - FOLLOWING SCRAPER: DEBUG: Sanitizing and saving 1859 links
2025-03-27 10:57:36,546 - INFO - FOLLOWING SCRAPER: DEBUG: After sanitization: 1859 links (removed 0)
2025-03-27 10:57:36,546 - INFO - FOLLOWING SCRAPER: DEBUG: Successfully saved 1859 links to instagram_data/followingLinks.txt
2025-03-27 10:57:36,546 - INFO - FOLLOWING SCRAPER: DEBUG: Links saved
2025-03-27 10:57:36,546 - INFO - FOLLOWING SCRAPER: Added 0 new relationships to adjacency list (total: 25025)
2025-03-27 10:57:36,546 - INFO - FOLLOWING SCRAPER: Completed 3/46 accounts. 1859 remaining in queue.
2025-03-27 10:57:36,546 - INFO - FOLLOWING SCRAPER: Waiting 5 seconds before next account...
2025-03-27 10:57:36,546 - INFO - FOLLOWING SCRAPER: DEBUG: Processing link #4/46: https://www.instagram.com/phillipsauction/
2025-03-27 10:57:36,547 - INFO - FOLLOWING SCRAPER: DEBUG: Before processing - 1859 links in queue
2025-03-27 10:57:36,547 - INFO - FOLLOWING SCRAPER: DEBUG: Account phillipsauction in progress data with rate_limited=False
2025-03-27 10:57:36,547 - INFO - FOLLOWING SCRAPER: Processing: https://www.instagram.com/phillipsauction/
2025-03-27 10:57:36,547 - INFO - FOLLOWING SCRAPER: Account phillipsauction already fully processed. Skipping.
2025-03-27 10:57:36,547 - INFO - FOLLOWING SCRAPER: DEBUG: Removing link from queue: https://www.instagram.com/phillipsauction/
2025-03-27 10:57:36,547 - INFO - FOLLOWING SCRAPER: DEBUG: Link removed. Queue size now: 1858
2025-03-27 10:57:36,547 - INFO - FOLLOWING SCRAPER: DEBUG: Sanitizing and saving 1858 links
2025-03-27 10:57:36,547 - INFO - FOLLOWING SCRAPER: DEBUG: After sanitization: 1858 links (removed 0)
2025-03-27 10:57:36,547 - INFO - FOLLOWING SCRAPER: DEBUG: Successfully saved 1858 links to instagram_data/followingLinks.txt
2025-03-27 10:57:36,547 - INFO - FOLLOWING SCRAPER: DEBUG: Links saved
2025-03-27 10:57:36,547 - INFO - FOLLOWING SCRAPER: Added 0 new relationships to adjacency list (total: 25025)
2025-03-27 10:57:36,547 - INFO - FOLLOWING SCRAPER: Completed 4/46 accounts. 1858 remaining in queue.
2025-03-27 10:57:36,547 - INFO - FOLLOWING SCRAPER: Waiting 5 seconds before next account...
2025-03-27 10:57:36,547 - INFO - FOLLOWING SCRAPER: DEBUG: Processing link #5/46: https://www.instagram.com/filmmovement/
2025-03-27 10:57:36,547 - INFO - FOLLOWING SCRAPER: DEBUG: Before processing - 1858 links in queue
2025-03-27 10:57:36,547 - INFO - FOLLOWING SCRAPER: DEBUG: Account filmmovement in progress data with rate_limited=False
2025-03-27 10:57:36,547 - INFO - FOLLOWING SCRAPER: Processing: https://www.instagram.com/filmmovement/
2025-03-27 10:57:36,547 - INFO - FOLLOWING SCRAPER: Account filmmovement already fully processed. Skipping.
2025-03-27 10:57:36,547 - INFO - FOLLOWING SCRAPER: DEBUG: Removing link from queue: https://www.instagram.com/filmmovement/
2025-03-27 10:57:36,547 - INFO - FOLLOWING SCRAPER: DEBUG: Link removed. Queue size now: 1857
2025-03-27 10:57:36,547 - INFO - FOLLOWING SCRAPER: DEBUG: Sanitizing and saving 1857 links
2025-03-27 10:57:36,547 - INFO - FOLLOWING SCRAPER: DEBUG: After sanitization: 1857 links (removed 0)
2025-03-27 10:57:36,547 - INFO - FOLLOWING SCRAPER: DEBUG: Successfully saved 1857 links to instagram_data/followingLinks.txt
2025-03-27 10:57:36,547 - INFO - FOLLOWING SCRAPER: DEBUG: Links saved
2025-03-27 10:57:36,547 - INFO - FOLLOWING SCRAPER: Added 0 new relationships to adjacency list (total: 25025)
2025-03-27 10:57:36,547 - INFO - FOLLOWING SCRAPER: Completed 5/46 accounts. 1857 remaining in queue.
2025-03-27 10:57:36,547 - INFO - FOLLOWING SCRAPER: Waiting 5 seconds before next account...
2025-03-27 10:57:36,547 - INFO - FOLLOWING SCRAPER: DEBUG: Processing link #6/46: https://www.instagram.com/asian_redbozicowboy/
2025-03-27 10:57:36,547 - INFO - FOLLOWING SCRAPER: DEBUG: Before processing - 1857 links in queue
2025-03-27 10:57:36,547 - INFO - FOLLOWING SCRAPER: DEBUG: Account asian_redbozicowboy in progress data with rate_limited=False
2025-03-27 10:57:36,547 - INFO - FOLLOWING SCRAPER: Processing: https://www.instagram.com/asian_redbozicowboy/
2025-03-27 10:57:36,547 - INFO - FOLLOWING SCRAPER: Account asian_redbozicowboy already fully processed. Skipping.
2025-03-27 10:57:36,547 - INFO - FOLLOWING SCRAPER: DEBUG: Removing link from queue: https://www.instagram.com/asian_redbozicowboy/
2025-03-27 10:57:36,547 - INFO - FOLLOWING SCRAPER: DEBUG: Link removed. Queue size now: 1856
2025-03-27 10:57:36,547 - INFO - FOLLOWING SCRAPER: DEBUG: Sanitizing and saving 1856 links
2025-03-27 10:57:36,547 - INFO - FOLLOWING SCRAPER: DEBUG: After sanitization: 1856 links (removed 0)
2025-03-27 10:57:36,547 - INFO - FOLLOWING SCRAPER: DEBUG: Successfully saved 1856 links to instagram_data/followingLinks.txt
2025-03-27 10:57:36,547 - INFO - FOLLOWING SCRAPER: DEBUG: Links saved
2025-03-27 10:57:36,547 - INFO - FOLLOWING SCRAPER: Added 0 new relationships to adjacency list (total: 25025)
2025-03-27 10:57:36,547 - INFO - FOLLOWING SCRAPER: Completed 6/46 accounts. 1856 remaining in queue.
2025-03-27 10:57:36,547 - INFO - FOLLOWING SCRAPER: Waiting 5 seconds before next account...
2025-03-27 10:57:36,547 - INFO - FOLLOWING SCRAPER: DEBUG: Processing link #7/46: https://www.instagram.com/ccpxi_8964/
2025-03-27 10:57:36,547 - INFO - FOLLOWING SCRAPER: DEBUG: Before processing - 1856 links in queue
2025-03-27 10:57:36,547 - INFO - FOLLOWING SCRAPER: DEBUG: Account ccpxi_8964 in progress data with rate_limited=False
2025-03-27 10:57:36,547 - INFO - FOLLOWING SCRAPER: Processing: https://www.instagram.com/ccpxi_8964/
2025-03-27 10:57:36,547 - INFO - FOLLOWING SCRAPER: Account ccpxi_8964 already fully processed. Skipping.
2025-03-27 10:57:36,547 - INFO - FOLLOWING SCRAPER: DEBUG: Removing link from queue: https://www.instagram.com/ccpxi_8964/
2025-03-27 10:57:36,547 - INFO - FOLLOWING SCRAPER: DEBUG: Link removed. Queue size now: 1855
2025-03-27 10:57:36,547 - INFO - FOLLOWING SCRAPER: DEBUG: Sanitizing and saving 1855 links
2025-03-27 10:57:36,547 - INFO - FOLLOWING SCRAPER: DEBUG: After sanitization: 1855 links (removed 0)
2025-03-27 10:57:36,547 - INFO - FOLLOWING SCRAPER: DEBUG: Successfully saved 1855 links to instagram_data/followingLinks.txt
2025-03-27 10:57:36,547 - INFO - FOLLOWING SCRAPER: DEBUG: Links saved
2025-03-27 10:57:36,547 - INFO - FOLLOWING SCRAPER: Added 0 new relationships to adjacency list (total: 25025)
2025-03-27 10:57:36,547 - INFO - FOLLOWING SCRAPER: Completed 7/46 accounts. 1855 remaining in queue.
2025-03-27 10:57:36,547 - INFO - FOLLOWING SCRAPER: Waiting 5 seconds before next account...
2025-03-27 10:57:36,547 - INFO - FOLLOWING SCRAPER: DEBUG: Processing link #8/46: https://www.instagram.com/ngr.ev/
2025-03-27 10:57:36,547 - INFO - FOLLOWING SCRAPER: DEBUG: Before processing - 1855 links in queue
2025-03-27 10:57:36,547 - INFO - FOLLOWING SCRAPER: DEBUG: Account ngr.ev in progress data with rate_limited=False
2025-03-27 10:57:36,547 - INFO - FOLLOWING SCRAPER: Processing: https://www.instagram.com/ngr.ev/
2025-03-27 10:57:36,547 - INFO - FOLLOWING SCRAPER: Account ngr.ev already fully processed. Skipping.
2025-03-27 10:57:36,547 - INFO - FOLLOWING SCRAPER: DEBUG: Removing link from queue: https://www.instagram.com/ngr.ev/
2025-03-27 10:57:36,547 - INFO - FOLLOWING SCRAPER: DEBUG: Link removed. Queue size now: 1854
2025-03-27 10:57:36,547 - INFO - FOLLOWING SCRAPER: DEBUG: Sanitizing and saving 1854 links
2025-03-27 10:57:36,547 - INFO - FOLLOWING SCRAPER: DEBUG: After sanitization: 1854 links (removed 0)
2025-03-27 10:57:36,547 - INFO - FOLLOWING SCRAPER: DEBUG: Successfully saved 1854 links to instagram_data/followingLinks.txt
2025-03-27 10:57:36,547 - INFO - FOLLOWING SCRAPER: DEBUG: Links saved
2025-03-27 10:57:36,547 - INFO - FOLLOWING SCRAPER: Added 0 new relationships to adjacency list (total: 25025)
2025-03-27 10:57:36,547 - INFO - FOLLOWING SCRAPER: Completed 8/46 accounts. 1854 remaining in queue.
2025-03-27 10:57:36,547 - INFO - FOLLOWING SCRAPER: Waiting 5 seconds before next account...
2025-03-27 10:57:36,547 - INFO - FOLLOWING SCRAPER: DEBUG: Processing link #9/46: https://www.instagram.com/cinema_nighttt/
2025-03-27 10:57:36,547 - INFO - FOLLOWING SCRAPER: DEBUG: Before processing - 1854 links in queue
2025-03-27 10:57:36,547 - INFO - FOLLOWING SCRAPER: DEBUG: Account cinema_nighttt in progress data with rate_limited=False
2025-03-27 10:57:36,547 - INFO - FOLLOWING SCRAPER: Processing: https://www.instagram.com/cinema_nighttt/
2025-03-27 10:57:36,548 - INFO - FOLLOWING SCRAPER: Account cinema_nighttt already fully processed. Skipping.
2025-03-27 10:57:36,548 - INFO - FOLLOWING SCRAPER: DEBUG: Removing link from queue: https://www.instagram.com/cinema_nighttt/
2025-03-27 10:57:36,548 - INFO - FOLLOWING SCRAPER: DEBUG: Link removed. Queue size now: 1853
2025-03-27 10:57:36,548 - INFO - FOLLOWING SCRAPER: DEBUG: Sanitizing and saving 1853 links
2025-03-27 10:57:36,548 - INFO - FOLLOWING SCRAPER: DEBUG: After sanitization: 1853 links (removed 0)
2025-03-27 10:57:36,548 - INFO - FOLLOWING SCRAPER: DEBUG: Successfully saved 1853 links to instagram_data/followingLinks.txt
2025-03-27 10:57:36,548 - INFO - FOLLOWING SCRAPER: DEBUG: Links saved
2025-03-27 10:57:36,548 - INFO - FOLLOWING SCRAPER: Added 0 new relationships to adjacency list (total: 25025)
2025-03-27 10:57:36,548 - INFO - FOLLOWING SCRAPER: Completed 9/46 accounts. 1853 remaining in queue.
2025-03-27 10:57:36,548 - INFO - FOLLOWING SCRAPER: Waiting 5 seconds before next account...
2025-03-27 10:57:36,548 - INFO - FOLLOWING SCRAPER: DEBUG: Processing link #10/46: https://www.instagram.com/thedizzyviper/
2025-03-27 10:57:36,548 - INFO - FOLLOWING SCRAPER: DEBUG: Before processing - 1853 links in queue
2025-03-27 10:57:36,548 - INFO - FOLLOWING SCRAPER: DEBUG: Account thedizzyviper in progress data with rate_limited=False
2025-03-27 10:57:36,548 - INFO - FOLLOWING SCRAPER: Processing: https://www.instagram.com/thedizzyviper/
2025-03-27 10:57:36,548 - INFO - FOLLOWING SCRAPER: Account thedizzyviper already fully processed. Skipping.
2025-03-27 10:57:36,548 - INFO - FOLLOWING SCRAPER: DEBUG: Removing link from queue: https://www.instagram.com/thedizzyviper/
2025-03-27 10:57:36,548 - INFO - FOLLOWING SCRAPER: DEBUG: Link removed. Queue size now: 1852
2025-03-27 10:57:36,548 - INFO - FOLLOWING SCRAPER: DEBUG: Sanitizing and saving 1852 links
2025-03-27 10:57:36,548 - INFO - FOLLOWING SCRAPER: DEBUG: After sanitization: 1852 links (removed 0)
2025-03-27 10:57:36,548 - INFO - FOLLOWING SCRAPER: DEBUG: Successfully saved 1852 links to instagram_data/followingLinks.txt
2025-03-27 10:57:36,548 - INFO - FOLLOWING SCRAPER: DEBUG: Links saved
2025-03-27 10:57:36,548 - INFO - FOLLOWING SCRAPER: Added 0 new relationships to adjacency list (total: 25025)
2025-03-27 10:57:36,548 - INFO - FOLLOWING SCRAPER: Completed 10/46 accounts. 1852 remaining in queue.
2025-03-27 10:57:36,548 - INFO - FOLLOWING SCRAPER: Waiting 5 seconds before next account...
2025-03-27 10:57:36,548 - INFO - FOLLOWING SCRAPER: DEBUG: Processing link #11/46: https://www.instagram.com/laclefrevival/
2025-03-27 10:57:36,548 - INFO - FOLLOWING SCRAPER: DEBUG: Before processing - 1852 links in queue
2025-03-27 10:57:36,548 - INFO - FOLLOWING SCRAPER: DEBUG: Account laclefrevival in progress data with rate_limited=False
2025-03-27 10:57:36,548 - INFO - FOLLOWING SCRAPER: Processing: https://www.instagram.com/laclefrevival/
2025-03-27 10:57:36,548 - INFO - FOLLOWING SCRAPER: Account laclefrevival already fully processed. Skipping.
2025-03-27 10:57:36,548 - INFO - FOLLOWING SCRAPER: DEBUG: Removing link from queue: https://www.instagram.com/laclefrevival/
2025-03-27 10:57:36,548 - INFO - FOLLOWING SCRAPER: DEBUG: Link removed. Queue size now: 1851
2025-03-27 10:57:36,548 - INFO - FOLLOWING SCRAPER: DEBUG: Sanitizing and saving 1851 links
2025-03-27 10:57:36,548 - INFO - FOLLOWING SCRAPER: DEBUG: After sanitization: 1851 links (removed 0)
2025-03-27 10:57:36,548 - INFO - FOLLOWING SCRAPER: DEBUG: Successfully saved 1851 links to instagram_data/followingLinks.txt
2025-03-27 10:57:36,548 - INFO - FOLLOWING SCRAPER: DEBUG: Links saved
2025-03-27 10:57:36,548 - INFO - FOLLOWING SCRAPER: Added 0 new relationships to adjacency list (total: 25025)
2025-03-27 10:57:36,548 - INFO - FOLLOWING SCRAPER: Completed 11/46 accounts. 1851 remaining in queue.
2025-03-27 10:57:36,548 - INFO - FOLLOWING SCRAPER: Waiting 5 seconds before next account...
2025-03-27 10:57:36,548 - INFO - FOLLOWING SCRAPER: DEBUG: Processing link #12/46: https://www.instagram.com/byboyfantasy/
2025-03-27 10:57:36,548 - INFO - FOLLOWING SCRAPER: DEBUG: Before processing - 1851 links in queue
2025-03-27 10:57:36,548 - INFO - FOLLOWING SCRAPER: DEBUG: Account byboyfantasy in progress data with rate_limited=False
2025-03-27 10:57:36,548 - INFO - FOLLOWING SCRAPER: Processing: https://www.instagram.com/byboyfantasy/
2025-03-27 10:57:36,548 - INFO - FOLLOWING SCRAPER: Account byboyfantasy already fully processed. Skipping.
2025-03-27 10:57:36,548 - INFO - FOLLOWING SCRAPER: DEBUG: Removing link from queue: https://www.instagram.com/byboyfantasy/
2025-03-27 10:57:36,548 - INFO - FOLLOWING SCRAPER: DEBUG: Link removed. Queue size now: 1850
2025-03-27 10:57:36,548 - INFO - FOLLOWING SCRAPER: DEBUG: Sanitizing and saving 1850 links
2025-03-27 10:57:36,548 - INFO - FOLLOWING SCRAPER: DEBUG: After sanitization: 1850 links (removed 0)
2025-03-27 10:57:36,548 - INFO - FOLLOWING SCRAPER: DEBUG: Successfully saved 1850 links to instagram_data/followingLinks.txt
2025-03-27 10:57:36,548 - INFO - FOLLOWING SCRAPER: DEBUG: Links saved
2025-03-27 10:57:36,548 - INFO - FOLLOWING SCRAPER: Added 0 new relationships to adjacency list (total: 25025)
2025-03-27 10:57:36,548 - INFO - FOLLOWING SCRAPER: Completed 12/46 accounts. 1850 remaining in queue.
2025-03-27 10:57:36,548 - INFO - FOLLOWING SCRAPER: Waiting 5 seconds before next account...
2025-03-27 10:57:36,548 - INFO - FOLLOWING SCRAPER: DEBUG: Processing link #13/46: https://www.instagram.com/manofdutch/
2025-03-27 10:57:36,548 - INFO - FOLLOWING SCRAPER: DEBUG: Before processing - 1850 links in queue
2025-03-27 10:57:36,548 - INFO - FOLLOWING SCRAPER: DEBUG: Account manofdutch in progress data with rate_limited=False
2025-03-27 10:57:36,548 - INFO - FOLLOWING SCRAPER: Processing: https://www.instagram.com/manofdutch/
2025-03-27 10:57:36,548 - INFO - FOLLOWING SCRAPER: Account manofdutch already fully processed. Skipping.
2025-03-27 10:57:36,548 - INFO - FOLLOWING SCRAPER: DEBUG: Removing link from queue: https://www.instagram.com/manofdutch/
2025-03-27 10:57:36,548 - INFO - FOLLOWING SCRAPER: DEBUG: Link removed. Queue size now: 1849
2025-03-27 10:57:36,548 - INFO - FOLLOWING SCRAPER: DEBUG: Sanitizing and saving 1849 links
2025-03-27 10:57:36,548 - INFO - FOLLOWING SCRAPER: DEBUG: After sanitization: 1849 links (removed 0)
2025-03-27 10:57:36,548 - INFO - FOLLOWING SCRAPER: DEBUG: Successfully saved 1849 links to instagram_data/followingLinks.txt
2025-03-27 10:57:36,548 - INFO - FOLLOWING SCRAPER: DEBUG: Links saved
2025-03-27 10:57:36,548 - INFO - FOLLOWING SCRAPER: Added 0 new relationships to adjacency list (total: 25025)
2025-03-27 10:57:36,548 - INFO - FOLLOWING SCRAPER: Completed 13/46 accounts. 1849 remaining in queue.
2025-03-27 10:57:36,548 - INFO - FOLLOWING SCRAPER: Waiting 5 seconds before next account...
2025-03-27 10:57:36,548 - INFO - FOLLOWING SCRAPER: DEBUG: Processing link #14/46: https://www.instagram.com/thefineartcollective/
2025-03-27 10:57:36,548 - INFO - FOLLOWING SCRAPER: DEBUG: Before processing - 1849 links in queue
2025-03-27 10:57:36,548 - INFO - FOLLOWING SCRAPER: DEBUG: Account thefineartcollective in progress data with rate_limited=False
2025-03-27 10:57:36,548 - INFO - FOLLOWING SCRAPER: Processing: https://www.instagram.com/thefineartcollective/
2025-03-27 10:57:36,548 - INFO - FOLLOWING SCRAPER: Account thefineartcollective already fully processed. Skipping.
2025-03-27 10:57:36,548 - INFO - FOLLOWING SCRAPER: DEBUG: Removing link from queue: https://www.instagram.com/thefineartcollective/
2025-03-27 10:57:36,548 - INFO - FOLLOWING SCRAPER: DEBUG: Link removed. Queue size now: 1848
2025-03-27 10:57:36,548 - INFO - FOLLOWING SCRAPER: DEBUG: Sanitizing and saving 1848 links
2025-03-27 10:57:36,548 - INFO - FOLLOWING SCRAPER: DEBUG: After sanitization: 1848 links (removed 0)
2025-03-27 10:57:36,548 - INFO - FOLLOWING SCRAPER: DEBUG: Successfully saved 1848 links to instagram_data/followingLinks.txt
2025-03-27 10:57:36,548 - INFO - FOLLOWING SCRAPER: DEBUG: Links saved
2025-03-27 10:57:36,548 - INFO - FOLLOWING SCRAPER: Added 0 new relationships to adjacency list (total: 25025)
2025-03-27 10:57:36,548 - INFO - FOLLOWING SCRAPER: Completed 14/46 accounts. 1848 remaining in queue.
2025-03-27 10:57:36,549 - INFO - FOLLOWING SCRAPER: Waiting 5 seconds before next account...
2025-03-27 10:57:36,549 - INFO - FOLLOWING SCRAPER: DEBUG: Processing link #15/46: https://www.instagram.com/ccclare_/
2025-03-27 10:57:36,549 - INFO - FOLLOWING SCRAPER: DEBUG: Before processing - 1848 links in queue
2025-03-27 10:57:36,549 - INFO - FOLLOWING SCRAPER: DEBUG: Account ccclare_ in progress data with rate_limited=False
2025-03-27 10:57:36,549 - INFO - FOLLOWING SCRAPER: DEBUG: Skipping already processed account: ccclare_
2025-03-27 10:57:36,549 - INFO - FOLLOWING SCRAPER: DEBUG: Sanitizing and saving 1847 links
2025-03-27 10:57:36,549 - INFO - FOLLOWING SCRAPER: DEBUG: After sanitization: 1847 links (removed 0)
2025-03-27 10:57:36,549 - INFO - FOLLOWING SCRAPER: DEBUG: Successfully saved 1847 links to instagram_data/followingLinks.txt
2025-03-27 10:57:36,549 - INFO - FOLLOWING SCRAPER: DEBUG: Processing link #16/46: https://www.instagram.com/rubyyyyyying/
2025-03-27 10:57:36,549 - INFO - FOLLOWING SCRAPER: DEBUG: Before processing - 1847 links in queue
2025-03-27 10:57:36,549 - INFO - FOLLOWING SCRAPER: DEBUG: Account rubyyyyyying in progress data with rate_limited=False
2025-03-27 10:57:36,549 - INFO - FOLLOWING SCRAPER: DEBUG: Skipping already processed account: rubyyyyyying
2025-03-27 10:57:36,549 - INFO - FOLLOWING SCRAPER: DEBUG: Sanitizing and saving 1846 links
2025-03-27 10:57:36,549 - INFO - FOLLOWING SCRAPER: DEBUG: After sanitization: 1846 links (removed 0)
2025-03-27 10:57:36,549 - INFO - FOLLOWING SCRAPER: DEBUG: Successfully saved 1846 links to instagram_data/followingLinks.txt
2025-03-27 10:57:36,549 - INFO - FOLLOWING SCRAPER: DEBUG: Processing link #17/46: https://www.instagram.com/yitingzhang/
2025-03-27 10:57:36,549 - INFO - FOLLOWING SCRAPER: DEBUG: Before processing - 1846 links in queue
2025-03-27 10:57:36,549 - INFO - FOLLOWING SCRAPER: DEBUG: Account yitingzhang in progress data with rate_limited=False
2025-03-27 10:57:36,549 - INFO - FOLLOWING SCRAPER: DEBUG: Skipping already processed account: yitingzhang
2025-03-27 10:57:36,549 - INFO - FOLLOWING SCRAPER: DEBUG: Sanitizing and saving 1845 links
2025-03-27 10:57:36,549 - INFO - FOLLOWING SCRAPER: DEBUG: After sanitization: 1845 links (removed 0)
2025-03-27 10:57:36,549 - INFO - FOLLOWING SCRAPER: DEBUG: Successfully saved 1845 links to instagram_data/followingLinks.txt
2025-03-27 10:57:36,549 - INFO - FOLLOWING SCRAPER: DEBUG: Processing link #18/46: https://www.instagram.com/claire.qiu_/
2025-03-27 10:57:36,549 - INFO - FOLLOWING SCRAPER: DEBUG: Before processing - 1845 links in queue
2025-03-27 10:57:36,549 - INFO - FOLLOWING SCRAPER: DEBUG: Account claire.qiu_ in progress data with rate_limited=False
2025-03-27 10:57:36,549 - INFO - FOLLOWING SCRAPER: DEBUG: Skipping already processed account: claire.qiu_
2025-03-27 10:57:36,549 - INFO - FOLLOWING SCRAPER: DEBUG: Sanitizing and saving 1844 links
2025-03-27 10:57:36,549 - INFO - FOLLOWING SCRAPER: DEBUG: After sanitization: 1844 links (removed 0)
2025-03-27 10:57:36,549 - INFO - FOLLOWING SCRAPER: DEBUG: Successfully saved 1844 links to instagram_data/followingLinks.txt
2025-03-27 10:57:36,549 - INFO - FOLLOWING SCRAPER: DEBUG: Processing link #19/46: https://www.instagram.com/jialuu__/
2025-03-27 10:57:36,549 - INFO - FOLLOWING SCRAPER: DEBUG: Before processing - 1844 links in queue
2025-03-27 10:57:36,549 - INFO - FOLLOWING SCRAPER: DEBUG: Account jialuu__ in progress data with rate_limited=False
2025-03-27 10:57:36,549 - INFO - FOLLOWING SCRAPER: DEBUG: Skipping already processed account: jialuu__
2025-03-27 10:57:36,549 - INFO - FOLLOWING SCRAPER: DEBUG: Sanitizing and saving 1843 links
2025-03-27 10:57:36,549 - INFO - FOLLOWING SCRAPER: DEBUG: After sanitization: 1843 links (removed 0)
2025-03-27 10:57:36,549 - INFO - FOLLOWING SCRAPER: DEBUG: Successfully saved 1843 links to instagram_data/followingLinks.txt
2025-03-27 10:57:36,549 - INFO - FOLLOWING SCRAPER: DEBUG: Processing link #20/46: https://www.instagram.com/dawn_rz_/
2025-03-27 10:57:36,549 - INFO - FOLLOWING SCRAPER: DEBUG: Before processing - 1843 links in queue
2025-03-27 10:57:36,549 - INFO - FOLLOWING SCRAPER: DEBUG: Account dawn_rz_ in progress data with rate_limited=False
2025-03-27 10:57:36,549 - INFO - FOLLOWING SCRAPER: DEBUG: Skipping already processed account: dawn_rz_
2025-03-27 10:57:36,549 - INFO - FOLLOWING SCRAPER: DEBUG: Sanitizing and saving 1842 links
2025-03-27 10:57:36,549 - INFO - FOLLOWING SCRAPER: DEBUG: After sanitization: 1842 links (removed 0)
2025-03-27 10:57:36,549 - INFO - FOLLOWING SCRAPER: DEBUG: Successfully saved 1842 links to instagram_data/followingLinks.txt
2025-03-27 10:57:36,549 - INFO - FOLLOWING SCRAPER: DEBUG: Processing link #21/46: https://www.instagram.com/archer222arc/
2025-03-27 10:57:36,549 - INFO - FOLLOWING SCRAPER: DEBUG: Before processing - 1842 links in queue
2025-03-27 10:57:36,549 - INFO - FOLLOWING SCRAPER: DEBUG: Account archer222arc in progress data with rate_limited=False
2025-03-27 10:57:36,549 - INFO - FOLLOWING SCRAPER: DEBUG: Skipping already processed account: archer222arc
2025-03-27 10:57:36,549 - INFO - FOLLOWING SCRAPER: DEBUG: Sanitizing and saving 1841 links
2025-03-27 10:57:36,549 - INFO - FOLLOWING SCRAPER: DEBUG: After sanitization: 1841 links (removed 0)
2025-03-27 10:57:36,549 - INFO - FOLLOWING SCRAPER: DEBUG: Successfully saved 1841 links to instagram_data/followingLinks.txt
2025-03-27 10:57:36,549 - INFO - FOLLOWING SCRAPER: DEBUG: Processing link #22/46: https://www.instagram.com/aaannie_wang/
2025-03-27 10:57:36,549 - INFO - FOLLOWING SCRAPER: DEBUG: Before processing - 1841 links in queue
2025-03-27 10:57:36,549 - INFO - FOLLOWING SCRAPER: DEBUG: Account aaannie_wang in progress data with rate_limited=False
2025-03-27 10:57:41,660 - INFO - FOLLOWING SCRAPER: DEBUG: Skipping already processed account: aaannie_wang
2025-03-27 10:57:41,660 - INFO - FOLLOWING SCRAPER: DEBUG: Sanitizing and saving 1840 links
2025-03-27 10:57:41,660 - INFO - FOLLOWING SCRAPER: DEBUG: After sanitization: 1840 links (removed 0)
2025-03-27 10:57:41,660 - INFO - FOLLOWING SCRAPER: DEBUG: Successfully saved 1840 links to instagram_data/followingLinks.txt
2025-03-27 10:57:41,660 - INFO - FOLLOWING SCRAPER: DEBUG: Processing link #23/46: https://www.instagram.com/ivyyyl_/
2025-03-27 10:57:41,660 - INFO - FOLLOWING SCRAPER: DEBUG: Before processing - 1840 links in queue
2025-03-27 10:57:41,660 - INFO - FOLLOWING SCRAPER: DEBUG: Account ivyyyl_ in progress data with rate_limited=False
2025-03-27 10:57:41,660 - INFO - FOLLOWING SCRAPER: DEBUG: Skipping already processed account: ivyyyl_
2025-03-27 10:57:41,660 - INFO - FOLLOWING SCRAPER: DEBUG: Sanitizing and saving 1839 links
2025-03-27 10:57:41,660 - INFO - FOLLOWING SCRAPER: DEBUG: After sanitization: 1839 links (removed 0)
2025-03-27 10:57:41,660 - INFO - FOLLOWING SCRAPER: DEBUG: Successfully saved 1839 links to instagram_data/followingLinks.txt
2025-03-27 10:57:41,660 - INFO - FOLLOWING SCRAPER: DEBUG: Processing link #24/46: https://www.instagram.com/yezirong/
2025-03-27 10:57:41,660 - INFO - FOLLOWING SCRAPER: DEBUG: Before processing - 1839 links in queue
2025-03-27 10:57:41,660 - INFO - FOLLOWING SCRAPER: DEBUG: Account yezirong in progress data with rate_limited=False
2025-03-27 10:57:41,660 - INFO - FOLLOWING SCRAPER: DEBUG: Skipping already processed account: yezirong
2025-03-27 10:57:41,660 - INFO - FOLLOWING SCRAPER: DEBUG: Sanitizing and saving 1838 links
2025-03-27 10:57:41,660 - INFO - FOLLOWING SCRAPER: DEBUG: After sanitization: 1838 links (removed 0)
2025-03-27 10:57:41,660 - INFO - FOLLOWING SCRAPER: DEBUG: Successfully saved 1838 links to instagram_data/followingLinks.txt
2025-03-27 10:57:41,660 - INFO - FOLLOWING SCRAPER: DEBUG: Processing link #25/46: https://www.instagram.com/hesens05/
2025-03-27 10:57:41,660 - INFO - FOLLOWING SCRAPER: DEBUG: Before processing - 1838 links in queue
2025-03-27 10:57:41,660 - INFO - FOLLOWING SCRAPER: DEBUG: Account hesens05 in progress data with rate_limited=False
2025-03-27 10:57:41,660 - INFO - FOLLOWING SCRAPER: DEBUG: Skipping already processed account: hesens05
2025-03-27 10:57:41,660 - INFO - FOLLOWING SCRAPER: DEBUG: Sanitizing and saving 1837 links
2025-03-27 10:57:41,660 - INFO - FOLLOWING SCRAPER: DEBUG: After sanitization: 1837 links (removed 0)
2025-03-27 10:57:41,660 - INFO - FOLLOWING SCRAPER: DEBUG: Successfully saved 1837 links to instagram_data/followingLinks.txt
2025-03-27 10:57:41,660 - INFO - FOLLOWING SCRAPER: DEBUG: Processing link #26/46: https://www.instagram.com/angelakkk_/
2025-03-27 10:57:41,660 - INFO - FOLLOWING SCRAPER: DEBUG: Before processing - 1837 links in queue
2025-03-27 10:57:41,660 - INFO - FOLLOWING SCRAPER: DEBUG: Account angelakkk_ in progress data with rate_limited=False
2025-03-27 10:57:41,660 - INFO - FOLLOWING SCRAPER: DEBUG: Skipping already processed account: angelakkk_
2025-03-27 10:57:41,661 - INFO - FOLLOWING SCRAPER: DEBUG: Sanitizing and saving 1836 links
2025-03-27 10:57:41,661 - INFO - FOLLOWING SCRAPER: DEBUG: After sanitization: 1836 links (removed 0)
2025-03-27 10:57:41,661 - INFO - FOLLOWING SCRAPER: DEBUG: Successfully saved 1836 links to instagram_data/followingLinks.txt
2025-03-27 10:57:41,661 - INFO - FOLLOWING SCRAPER: DEBUG: Processing link #27/46: https://www.instagram.com/as_cool_as_cucumber_amber/
2025-03-27 10:57:41,661 - INFO - FOLLOWING SCRAPER: DEBUG: Before processing - 1836 links in queue
2025-03-27 10:57:41,661 - INFO - FOLLOWING SCRAPER: DEBUG: Account as_cool_as_cucumber_amber in progress data with rate_limited=False
2025-03-27 10:57:41,661 - INFO - FOLLOWING SCRAPER: DEBUG: Skipping already processed account: as_cool_as_cucumber_amber
2025-03-27 10:57:41,661 - INFO - FOLLOWING SCRAPER: DEBUG: Sanitizing and saving 1835 links
2025-03-27 10:57:41,661 - INFO - FOLLOWING SCRAPER: DEBUG: After sanitization: 1835 links (removed 0)
2025-03-27 10:57:41,661 - INFO - FOLLOWING SCRAPER: DEBUG: Successfully saved 1835 links to instagram_data/followingLinks.txt
2025-03-27 10:57:41,661 - INFO - FOLLOWING SCRAPER: DEBUG: Processing link #28/46: https://www.instagram.com/schuwii_z/
2025-03-27 10:57:41,661 - INFO - FOLLOWING SCRAPER: DEBUG: Before processing - 1835 links in queue
2025-03-27 10:57:41,661 - INFO - FOLLOWING SCRAPER: DEBUG: Account schuwii_z in progress data with rate_limited=False
2025-03-27 10:57:41,661 - INFO - FOLLOWING SCRAPER: DEBUG: Skipping already processed account: schuwii_z
2025-03-27 10:57:41,661 - INFO - FOLLOWING SCRAPER: DEBUG: Sanitizing and saving 1834 links
2025-03-27 10:57:41,661 - INFO - FOLLOWING SCRAPER: DEBUG: After sanitization: 1834 links (removed 0)
2025-03-27 10:57:41,661 - INFO - FOLLOWING SCRAPER: DEBUG: Successfully saved 1834 links to instagram_data/followingLinks.txt
2025-03-27 10:57:41,661 - INFO - FOLLOWING SCRAPER: DEBUG: Processing link #29/46: https://www.instagram.com/khriswu8/
2025-03-27 10:57:41,661 - INFO - FOLLOWING SCRAPER: DEBUG: Before processing - 1834 links in queue
2025-03-27 10:57:41,661 - INFO - FOLLOWING SCRAPER: DEBUG: Account khriswu8 in progress data with rate_limited=False
2025-03-27 10:57:41,661 - INFO - FOLLOWING SCRAPER: DEBUG: Skipping already processed account: khriswu8
2025-03-27 10:57:41,661 - INFO - FOLLOWING SCRAPER: DEBUG: Sanitizing and saving 1833 links
2025-03-27 10:57:41,661 - INFO - FOLLOWING SCRAPER: DEBUG: After sanitization: 1833 links (removed 0)
2025-03-27 10:57:41,661 - INFO - FOLLOWING SCRAPER: DEBUG: Successfully saved 1833 links to instagram_data/followingLinks.txt
2025-03-27 10:57:41,661 - INFO - FOLLOWING SCRAPER: DEBUG: Processing link #30/46: https://www.instagram.com/karena88888/
2025-03-27 10:57:41,661 - INFO - FOLLOWING SCRAPER: DEBUG: Before processing - 1833 links in queue
2025-03-27 10:57:41,661 - INFO - FOLLOWING SCRAPER: DEBUG: Account karena88888 in progress data with rate_limited=False
2025-03-27 10:57:41,661 - INFO - FOLLOWING SCRAPER: DEBUG: Skipping already processed account: karena88888
2025-03-27 10:57:41,661 - INFO - FOLLOWING SCRAPER: DEBUG: Sanitizing and saving 1832 links
2025-03-27 10:57:41,661 - INFO - FOLLOWING SCRAPER: DEBUG: After sanitization: 1832 links (removed 0)
2025-03-27 10:57:41,661 - INFO - FOLLOWING SCRAPER: DEBUG: Successfully saved 1832 links to instagram_data/followingLinks.txt
2025-03-27 10:57:41,661 - INFO - FOLLOWING SCRAPER: DEBUG: Processing link #31/46: https://www.instagram.com/donsonn/
2025-03-27 10:57:41,661 - INFO - FOLLOWING SCRAPER: DEBUG: Before processing - 1832 links in queue
2025-03-27 10:57:41,661 - INFO - FOLLOWING SCRAPER: DEBUG: Account donsonn in progress data with rate_limited=False
2025-03-27 10:57:41,661 - INFO - FOLLOWING SCRAPER: DEBUG: Skipping already processed account: donsonn
2025-03-27 10:57:41,661 - INFO - FOLLOWING SCRAPER: DEBUG: Sanitizing and saving 1831 links
2025-03-27 10:57:41,661 - INFO - FOLLOWING SCRAPER: DEBUG: After sanitization: 1831 links (removed 0)
2025-03-27 10:57:41,661 - INFO - FOLLOWING SCRAPER: DEBUG: Successfully saved 1831 links to instagram_data/followingLinks.txt
2025-03-27 10:57:41,661 - INFO - FOLLOWING SCRAPER: DEBUG: Processing link #32/46: https://www.instagram.com/chenggao1999/
2025-03-27 10:57:41,661 - INFO - FOLLOWING SCRAPER: DEBUG: Before processing - 1831 links in queue
2025-03-27 10:57:41,661 - INFO - FOLLOWING SCRAPER: DEBUG: Account chenggao1999 in progress data with rate_limited=False
2025-03-27 10:57:41,661 - INFO - FOLLOWING SCRAPER: DEBUG: Skipping already processed account: chenggao1999
2025-03-27 10:57:41,661 - INFO - FOLLOWING SCRAPER: DEBUG: Sanitizing and saving 1830 links
2025-03-27 10:57:41,661 - INFO - FOLLOWING SCRAPER: DEBUG: After sanitization: 1830 links (removed 0)
2025-03-27 10:57:41,661 - INFO - FOLLOWING SCRAPER: DEBUG: Successfully saved 1830 links to instagram_data/followingLinks.txt
2025-03-27 10:57:41,661 - INFO - FOLLOWING SCRAPER: DEBUG: Processing link #33/46: https://www.instagram.com/whitehouse/
2025-03-27 10:57:41,661 - INFO - FOLLOWING SCRAPER: DEBUG: Before processing - 1830 links in queue
2025-03-27 10:57:41,661 - INFO - FOLLOWING SCRAPER: DEBUG: Account whitehouse in progress data with rate_limited=False
2025-03-27 10:57:41,661 - INFO - FOLLOWING SCRAPER: DEBUG: Skipping already processed account: whitehouse
2025-03-27 10:57:41,661 - INFO - FOLLOWING SCRAPER: DEBUG: Sanitizing and saving 1829 links
2025-03-27 10:57:41,661 - INFO - FOLLOWING SCRAPER: DEBUG: After sanitization: 1829 links (removed 0)
2025-03-27 10:57:41,661 - INFO - FOLLOWING SCRAPER: DEBUG: Successfully saved 1829 links to instagram_data/followingLinks.txt
2025-03-27 10:57:41,661 - INFO - FOLLOWING SCRAPER: DEBUG: Processing link #34/46: https://www.instagram.com/the_sstan/
2025-03-27 10:57:41,661 - INFO - FOLLOWING SCRAPER: DEBUG: Before processing - 1829 links in queue
2025-03-27 10:57:41,661 - INFO - FOLLOWING SCRAPER: DEBUG: Account the_sstan in progress data with rate_limited=False
2025-03-27 10:57:41,661 - INFO - FOLLOWING SCRAPER: DEBUG: Skipping already processed account: the_sstan
2025-03-27 10:57:41,662 - INFO - FOLLOWING SCRAPER: DEBUG: Sanitizing and saving 1828 links
2025-03-27 10:57:41,662 - INFO - FOLLOWING SCRAPER: DEBUG: After sanitization: 1828 links (removed 0)
2025-03-27 10:57:41,662 - INFO - FOLLOWING SCRAPER: DEBUG: Successfully saved 1828 links to instagram_data/followingLinks.txt
2025-03-27 10:57:41,662 - INFO - FOLLOWING SCRAPER: DEBUG: Processing link #35/46: https://www.instagram.com/jeanne_andreaa/
2025-03-27 10:57:41,662 - INFO - FOLLOWING SCRAPER: DEBUG: Before processing - 1828 links in queue
2025-03-27 10:57:41,662 - INFO - FOLLOWING SCRAPER: DEBUG: Account jeanne_andreaa in progress data with rate_limited=False
2025-03-27 10:57:41,662 - INFO - FOLLOWING SCRAPER: DEBUG: Skipping already processed account: jeanne_andreaa
2025-03-27 10:57:41,662 - INFO - FOLLOWING SCRAPER: DEBUG: Sanitizing and saving 1827 links
2025-03-27 10:57:41,662 - INFO - FOLLOWING SCRAPER: DEBUG: After sanitization: 1827 links (removed 0)
2025-03-27 10:57:41,662 - INFO - FOLLOWING SCRAPER: DEBUG: Successfully saved 1827 links to instagram_data/followingLinks.txt
2025-03-27 10:57:41,662 - INFO - FOLLOWING SCRAPER: DEBUG: Processing link #36/46: https://www.instagram.com/xuleqi926/
2025-03-27 10:57:41,662 - INFO - FOLLOWING SCRAPER: DEBUG: Before processing - 1827 links in queue
2025-03-27 10:57:41,662 - INFO - FOLLOWING SCRAPER: DEBUG: Account xuleqi926 in progress data with rate_limited=False
2025-03-27 10:57:41,662 - INFO - FOLLOWING SCRAPER: DEBUG: Skipping already processed account: xuleqi926
2025-03-27 10:57:41,662 - INFO - FOLLOWING SCRAPER: DEBUG: Sanitizing and saving 1826 links
2025-03-27 10:57:41,662 - INFO - FOLLOWING SCRAPER: DEBUG: After sanitization: 1826 links (removed 0)
2025-03-27 10:57:41,662 - INFO - FOLLOWING SCRAPER: DEBUG: Successfully saved 1826 links to instagram_data/followingLinks.txt
2025-03-27 10:57:41,662 - INFO - FOLLOWING SCRAPER: DEBUG: Processing link #37/46: https://www.instagram.com/electronicartsintermix/
2025-03-27 10:57:41,662 - INFO - FOLLOWING SCRAPER: DEBUG: Before processing - 1826 links in queue
2025-03-27 10:57:41,662 - INFO - FOLLOWING SCRAPER: DEBUG: Account electronicartsintermix in progress data with rate_limited=False
2025-03-27 10:57:41,662 - INFO - FOLLOWING SCRAPER: DEBUG: Skipping already processed account: electronicartsintermix
2025-03-27 10:57:41,662 - INFO - FOLLOWING SCRAPER: DEBUG: Sanitizing and saving 1825 links
2025-03-27 10:57:41,662 - INFO - FOLLOWING SCRAPER: DEBUG: After sanitization: 1825 links (removed 0)
2025-03-27 10:57:41,662 - INFO - FOLLOWING SCRAPER: DEBUG: Successfully saved 1825 links to instagram_data/followingLinks.txt
2025-03-27 10:57:41,662 - INFO - FOLLOWING SCRAPER: DEBUG: Processing link #38/46: https://www.instagram.com/parissfch/
2025-03-27 10:57:41,662 - INFO - FOLLOWING SCRAPER: DEBUG: Before processing - 1825 links in queue
2025-03-27 10:57:41,662 - INFO - FOLLOWING SCRAPER: DEBUG: Account parissfch in progress data with rate_limited=False
2025-03-27 10:57:41,662 - INFO - FOLLOWING SCRAPER: DEBUG: Skipping already processed account: parissfch
2025-03-27 10:57:41,662 - INFO - FOLLOWING SCRAPER: DEBUG: Sanitizing and saving 1824 links
2025-03-27 10:57:41,662 - INFO - FOLLOWING SCRAPER: DEBUG: After sanitization: 1824 links (removed 0)
2025-03-27 10:57:41,662 - INFO - FOLLOWING SCRAPER: DEBUG: Successfully saved 1824 links to instagram_data/followingLinks.txt
2025-03-27 10:57:41,662 - INFO - FOLLOWING SCRAPER: DEBUG: Processing link #39/46: https://www.instagram.com/nytimestravel/
2025-03-27 10:57:41,662 - INFO - FOLLOWING SCRAPER: DEBUG: Before processing - 1824 links in queue
2025-03-27 10:57:41,662 - INFO - FOLLOWING SCRAPER: DEBUG: Account nytimestravel in progress data with rate_limited=False
2025-03-27 10:57:41,662 - INFO - FOLLOWING SCRAPER: DEBUG: Skipping already processed account: nytimestravel
2025-03-27 10:57:41,662 - INFO - FOLLOWING SCRAPER: DEBUG: Sanitizing and saving 1823 links
2025-03-27 10:57:41,662 - INFO - FOLLOWING SCRAPER: DEBUG: After sanitization: 1823 links (removed 0)
2025-03-27 10:57:41,662 - INFO - FOLLOWING SCRAPER: DEBUG: Successfully saved 1823 links to instagram_data/followingLinks.txt
2025-03-27 10:57:41,662 - INFO - FOLLOWING SCRAPER: DEBUG: Processing link #40/46: https://www.instagram.com/nytimes/
2025-03-27 10:57:41,662 - INFO - FOLLOWING SCRAPER: DEBUG: Before processing - 1823 links in queue
2025-03-27 10:57:41,662 - INFO - FOLLOWING SCRAPER: DEBUG: Account nytimes in progress data with rate_limited=False
2025-03-27 10:57:41,662 - INFO - FOLLOWING SCRAPER: DEBUG: Skipping already processed account: nytimes
2025-03-27 10:57:41,662 - INFO - FOLLOWING SCRAPER: DEBUG: Sanitizing and saving 1822 links
2025-03-27 10:57:41,662 - INFO - FOLLOWING SCRAPER: DEBUG: After sanitization: 1822 links (removed 0)
2025-03-27 10:57:41,662 - INFO - FOLLOWING SCRAPER: DEBUG: Successfully saved 1822 links to instagram_data/followingLinks.txt
2025-03-27 10:57:41,662 - INFO - FOLLOWING SCRAPER: DEBUG: Processing link #41/46: https://www.instagram.com/milanrecords/
2025-03-27 10:57:41,662 - INFO - FOLLOWING SCRAPER: DEBUG: Before processing - 1822 links in queue
2025-03-27 10:57:41,662 - INFO - FOLLOWING SCRAPER: DEBUG: Account milanrecords in progress data with rate_limited=False
2025-03-27 10:57:41,662 - INFO - FOLLOWING SCRAPER: Processing: https://www.instagram.com/milanrecords/
2025-03-27 10:57:41,662 - INFO - FOLLOWING SCRAPER: Account milanrecords already fully processed. Skipping.
2025-03-27 10:57:41,662 - INFO - FOLLOWING SCRAPER: DEBUG: Removing link from queue: https://www.instagram.com/milanrecords/
2025-03-27 10:57:41,662 - INFO - FOLLOWING SCRAPER: DEBUG: Link removed. Queue size now: 1821
2025-03-27 10:57:41,662 - INFO - FOLLOWING SCRAPER: DEBUG: Sanitizing and saving 1821 links
2025-03-27 10:57:41,662 - INFO - FOLLOWING SCRAPER: DEBUG: After sanitization: 1821 links (removed 0)
2025-03-27 10:57:41,662 - INFO - FOLLOWING SCRAPER: DEBUG: Successfully saved 1821 links to instagram_data/followingLinks.txt
2025-03-27 10:57:41,662 - INFO - FOLLOWING SCRAPER: DEBUG: Links saved
2025-03-27 10:57:41,662 - INFO - FOLLOWING SCRAPER: Added 0 new relationships to adjacency list (total: 25025)
2025-03-27 10:57:41,662 - INFO - FOLLOWING SCRAPER: Completed 15/46 accounts. 1821 remaining in queue.
2025-03-27 10:57:41,662 - INFO - FOLLOWING SCRAPER: Waiting 5 seconds before next account...
2025-03-27 10:57:41,662 - INFO - FOLLOWING SCRAPER: DEBUG: Processing link #42/46: https://www.instagram.com/a24/
2025-03-27 10:57:41,662 - INFO - FOLLOWING SCRAPER: DEBUG: Before processing - 1821 links in queue
2025-03-27 10:57:41,662 - INFO - FOLLOWING SCRAPER: DEBUG: Account a24 in progress data with rate_limited=False
2025-03-27 10:57:41,662 - INFO - FOLLOWING SCRAPER: DEBUG: Skipping already processed account: a24
2025-03-27 10:57:41,662 - INFO - FOLLOWING SCRAPER: DEBUG: Sanitizing and saving 1820 links
2025-03-27 10:57:41,662 - INFO - FOLLOWING SCRAPER: DEBUG: After sanitization: 1820 links (removed 0)
2025-03-27 10:57:41,662 - INFO - FOLLOWING SCRAPER: DEBUG: Successfully saved 1820 links to instagram_data/followingLinks.txt
2025-03-27 10:57:41,663 - INFO - FOLLOWING SCRAPER: DEBUG: Processing link #43/46: https://www.instagram.com/classaholic/
2025-03-27 10:57:41,663 - INFO - FOLLOWING SCRAPER: DEBUG: Before processing - 1820 links in queue
2025-03-27 10:57:41,663 - INFO - FOLLOWING SCRAPER: DEBUG: Account classaholic in progress data with rate_limited=False
2025-03-27 10:57:41,663 - INFO - FOLLOWING SCRAPER: DEBUG: Skipping already processed account: classaholic
2025-03-27 10:57:41,663 - INFO - FOLLOWING SCRAPER: DEBUG: Sanitizing and saving 1819 links
2025-03-27 10:57:41,663 - INFO - FOLLOWING SCRAPER: DEBUG: After sanitization: 1819 links (removed 0)
2025-03-27 10:57:41,663 - INFO - FOLLOWING SCRAPER: DEBUG: Successfully saved 1819 links to instagram_data/followingLinks.txt
2025-03-27 10:57:41,663 - INFO - FOLLOWING SCRAPER: DEBUG: Processing link #44/46: https://www.instagram.com/linda_linked/
2025-03-27 10:57:41,663 - INFO - FOLLOWING SCRAPER: DEBUG: Before processing - 1819 links in queue
2025-03-27 10:57:41,663 - INFO - FOLLOWING SCRAPER: DEBUG: Account linda_linked in progress data with rate_limited=False
2025-03-27 10:57:41,663 - INFO - FOLLOWING SCRAPER: DEBUG: Skipping already processed account: linda_linked
2025-03-27 10:57:41,663 - INFO - FOLLOWING SCRAPER: DEBUG: Sanitizing and saving 1818 links
2025-03-27 10:57:41,663 - INFO - FOLLOWING SCRAPER: DEBUG: After sanitization: 1818 links (removed 0)
2025-03-27 10:57:41,663 - INFO - FOLLOWING SCRAPER: DEBUG: Successfully saved 1818 links to instagram_data/followingLinks.txt
2025-03-27 10:57:41,663 - INFO - FOLLOWING SCRAPER: DEBUG: Processing link #45/46: https://www.instagram.com/ysl/
2025-03-27 10:57:41,663 - INFO - FOLLOWING SCRAPER: DEBUG: Before processing - 1818 links in queue
2025-03-27 10:57:41,663 - INFO - FOLLOWING SCRAPER: DEBUG: Account ysl in progress data with rate_limited=False
2025-03-27 10:57:41,663 - INFO - FOLLOWING SCRAPER: DEBUG: Skipping already processed account: ysl
2025-03-27 10:57:41,663 - INFO - FOLLOWING SCRAPER: DEBUG: Sanitizing and saving 1817 links
2025-03-27 10:57:41,663 - INFO - FOLLOWING SCRAPER: DEBUG: After sanitization: 1817 links (removed 0)
2025-03-27 10:57:41,663 - INFO - FOLLOWING SCRAPER: DEBUG: Successfully saved 1817 links to instagram_data/followingLinks.txt
2025-03-27 10:57:41,663 - INFO - FOLLOWING SCRAPER: DEBUG: Processing link #46/46: https://www.instagram.com/jane_chen1221/
2025-03-27 10:57:41,663 - INFO - FOLLOWING SCRAPER: DEBUG: Before processing - 1817 links in queue
2025-03-27 10:57:41,663 - INFO - FOLLOWING SCRAPER: DEBUG: Account jane_chen1221 in progress data with rate_limited=False
2025-03-27 10:57:41,663 - INFO - FOLLOWING SCRAPER: DEBUG: Skipping already processed account: jane_chen1221
2025-03-27 10:57:41,663 - INFO - FOLLOWING SCRAPER: DEBUG: Sanitizing and saving 1816 links
2025-03-27 10:57:41,663 - INFO - FOLLOWING SCRAPER: DEBUG: After sanitization: 1816 links (removed 0)
2025-03-27 10:57:41,663 - INFO - FOLLOWING SCRAPER: DEBUG: Successfully saved 1816 links to instagram_data/followingLinks.txt
2025-03-27 10:57:41,663 - INFO - FOLLOWING SCRAPER: Batch complete! Processed 15 accounts (0 were rate-limited and will be retried later).
2025-03-27 10:57:41,663 - INFO - FOLLOWING SCRAPER: 1816 links remaining for future sessions.
2025-03-27 10:57:41,663 - INFO - FOLLOWING SCRAPER: Browser closed. Script complete.
2025-03-27 10:57:42,038 - INFO - DEBUG: After processing - 1816 accounts in queue (removed 46)
2025-03-27 10:57:42,038 - INFO - DEBUG: Checking for duplicates after processing
2025-03-27 10:57:42,039 - INFO - No duplicate links found in instagram_data/followingLinks.txt
2025-03-27 10:57:42,039 - INFO - remove_processed_links function is disabled to allow re-scraping of potential rate-limited accounts
2025-03-27 10:57:42,039 - INFO - Following accounts scraping session completed with result: True
2025-03-27 10:57:42,039 - INFO - Sessions completed. Waiting 0 hours and 33 minutes before next sessions...
2025-03-27 11:31:32,077 - INFO - Current counts in status file - Followers: 881, Following: 1868
2025-03-27 11:31:32,078 - INFO - Current counts in status file - Followers: 881, Following: 1868
2025-03-27 11:31:32,079 - INFO - Starting new scraping session
2025-03-27 11:31:32,079 - INFO - Current counts in status file - Followers: 881, Following: 1868
2025-03-27 11:31:32,079 - INFO - Need to collect more following accounts: 1862/1868
2025-03-27 11:31:32,079 - INFO - Need to collect more followers: 879/881
2025-03-27 11:31:32,079 - INFO - Using 8 max pages for this session
2025-03-27 11:32:04,829 - INFO - SCRAPER: Logged in using button: //button[contains(.,'Log in')]
2025-03-27 11:32:04,830 - INFO - SCRAPER: Logged in successfully!
2025-03-27 11:32:04,830 - INFO - SCRAPER: Logged in as fretin98
2025-03-27 11:32:04,830 - INFO - SCRAPER: Resuming previous session...
2025-03-27 11:32:04,830 - INFO - SCRAPER: Loaded 879 followers and 1862 following from previous session
2025-03-27 11:32:04,830 - INFO - SCRAPER: Profile Stats: {'followers': 881, 'following': 1868, 'posts': 242}
2025-03-27 11:32:04,830 - INFO - Found profile stats line
2025-03-27 11:32:04,830 - INFO - SCRAPER: Followers: 881, Following: 1868
2025-03-27 11:32:04,830 - INFO - Extracted total followers: 881
2025-03-27 11:32:04,830 - INFO - Extracted total following: 1868
2025-03-27 11:32:04,830 - INFO - SCRAPER: Scraping followers...
2025-03-27 11:32:04,830 - INFO - SCRAPER: Already collected 879/881 followers (≥95%). Skipping followers scraping.
2025-03-27 11:32:04,830 - INFO - SCRAPER: Scraping following...
2025-03-27 11:32:04,830 - INFO - SCRAPER: Already collected 1862/1868 following accounts (≥95%). Skipping following scraping.
2025-03-27 11:32:04,830 - INFO - SCRAPER: Getting links to following accounts...
2025-03-27 11:32:04,830 - INFO - SCRAPER: Created 1862 following links from usernames
2025-03-27 11:32:04,831 - INFO - SCRAPER: Updated following links file: instagram_data/followingLinks.txt
2025-03-27 11:32:04,831 - INFO - SCRAPER: Updated adjacency list file: instagram_data/adjList.txt
2025-03-27 11:32:04,831 - INFO - SCRAPER: Added 0 new relationships (total: 25025)
2025-03-27 11:32:04,831 - INFO - SCRAPER: Retrieved 1862 following links
2025-03-27 11:32:04,831 - INFO - SCRAPER: Session completed successfully!
2025-03-27 11:32:04,831 - INFO - SCRAPER: Browser closed.
2025-03-27 11:32:04,897 - INFO - Updating status with dynamic counts - Followers: 881, Following: 1868
2025-03-27 11:32:04,898 - INFO - Saved data to instagram_data/auto_scrape_status.json
2025-03-27 11:32:04,898 - INFO - Now running a session to scrape following accounts network data...
2025-03-27 11:32:04,898 - INFO - Starting following accounts scraping session
2025-03-27 11:32:04,898 - INFO - remove_processed_links function is disabled to allow re-scraping of potential rate-limited accounts
2025-03-27 11:32:04,898 - INFO - DEBUG: Checking for duplicates before processing
2025-03-27 11:32:04,899 - INFO - No duplicate links found in instagram_data/followingLinks.txt
2025-03-27 11:32:04,899 - INFO - DEBUG: Before processing - 1862 accounts in queue
2025-03-27 11:32:04,920 - INFO - Using random batch size of 49 accounts for this session
2025-03-27 11:33:42,025 - INFO - FOLLOWING SCRAPER: DEBUG MODE ENABLED
2025-03-27 11:33:42,026 - INFO - FOLLOWING SCRAPER: Loaded scraping progress: 1472 accounts processed
2025-03-27 11:33:42,026 - INFO - FOLLOWING SCRAPER: Will process 49 accounts in this session
2025-03-27 11:33:42,026 - INFO - FOLLOWING SCRAPER: Logged in using button: //button[contains(.,'Log in')]
2025-03-27 11:33:42,026 - INFO - FOLLOWING SCRAPER: Logged in successfully!
2025-03-27 11:33:42,026 - INFO - FOLLOWING SCRAPER: Rate limit statistics: 1 accounts marked as rate-limited
2025-03-27 11:33:42,026 - INFO - FOLLOWING SCRAPER: Examples of rate-limited accounts: ['benton.down']
2025-03-27 11:33:42,026 - INFO - FOLLOWING SCRAPER: Loaded 1862 links from instagram_data/followingLinks.txt
2025-03-27 11:33:42,026 - INFO - FOLLOWING SCRAPER: Loaded adjacency list from instagram_data/adjList.txt
2025-03-27 11:33:42,026 - INFO - FOLLOWING SCRAPER: Deduplicating adjacency list...
2025-03-27 11:33:42,026 - INFO - FOLLOWING SCRAPER: No duplicates found in adjList.txt
2025-03-27 11:33:42,026 - INFO - FOLLOWING SCRAPER: DEBUG: Found 6161 already processed accounts in adjList.txt
2025-03-27 11:33:42,026 - INFO - FOLLOWING SCRAPER: Found 6161 accounts that have already been processed
2025-03-27 11:33:42,026 - INFO - FOLLOWING SCRAPER: Starting batch processing of 49 accounts
2025-03-27 11:33:42,026 - INFO - FOLLOWING SCRAPER: Pre-checking accounts to prioritize ones with reasonable follower/following counts...
2025-03-27 11:33:42,026 - INFO - FOLLOWING SCRAPER: ✓ shuheisakaue: Good candidate with 0 followers, 0 following
2025-03-27 11:33:42,026 - INFO - FOLLOWING SCRAPER: ✓ catsoupai: Good candidate with 189 followers, 189 following
2025-03-27 11:33:42,026 - INFO - FOLLOWING SCRAPER: ✓ soloslop.memes: Good candidate with 70 followers, 67 following
2025-03-27 11:33:42,026 - INFO - FOLLOWING SCRAPER: ✓ phillipsauction: Good candidate with 0 followers, 0 following
2025-03-27 11:33:42,026 - INFO - FOLLOWING SCRAPER: ✓ filmmovement: Good candidate with 12 followers, 708 following
2025-03-27 11:33:42,026 - INFO - FOLLOWING SCRAPER: ✓ rubahitam_: Good candidate with 0 followers, 0 following
2025-03-27 11:33:42,026 - INFO - FOLLOWING SCRAPER: ✓ chinatown_cowboy.mp4: Good candidate with 0 followers, 0 following
2025-03-27 11:33:42,026 - INFO - FOLLOWING SCRAPER: ✓ asian_redbozicowboy: Good candidate with 0 followers, 0 following
2025-03-27 11:33:42,026 - INFO - FOLLOWING SCRAPER: ✓ ccpxi_8964: Good candidate with 10 followers, 97 following
2025-03-27 11:33:42,027 - INFO - FOLLOWING SCRAPER: ✓ ngr.ev: Good candidate with 0 followers, 0 following
2025-03-27 11:33:42,027 - INFO - FOLLOWING SCRAPER: ✓ cinema_nighttt: Good candidate with 0 followers, 0 following
2025-03-27 11:33:42,027 - INFO - FOLLOWING SCRAPER: ✓ thedizzyviper: Good candidate with 179 followers, 902 following
2025-03-27 11:33:42,027 - INFO - FOLLOWING SCRAPER: ✓ arabbitsfoot: Good candidate with 0 followers, 0 following
2025-03-27 11:33:42,027 - INFO - FOLLOWING SCRAPER: ✓ laclefrevival: Good candidate with 0 followers, 0 following
2025-03-27 11:33:42,027 - INFO - FOLLOWING SCRAPER: ✓ byboyfantasy: Good candidate with 0 followers, 0 following
2025-03-27 11:33:42,027 - INFO - FOLLOWING SCRAPER: ✓ manofdutch: Good candidate with 0 followers, 0 following
2025-03-27 11:33:42,027 - INFO - FOLLOWING SCRAPER: ✗ fernandosev7n: Too many connections (235 followers, 1534 following)
2025-03-27 11:33:42,027 - INFO - FOLLOWING SCRAPER: ✓ thefineartcollective: Good candidate with 0 followers, 0 following
2025-03-27 11:33:42,027 - INFO - FOLLOWING SCRAPER: ✗ xidan_zhang: Too many connections (2743 followers, 901 following)
2025-03-27 11:33:42,027 - INFO - FOLLOWING SCRAPER: ✓ zihaosong: Good candidate with 0 followers, 0 following
2025-03-27 11:33:42,027 - INFO - FOLLOWING SCRAPER: ✗ young.brando: Too many connections (17 followers, 2455 following)
2025-03-27 11:33:42,027 - INFO - FOLLOWING SCRAPER: ✓ gentleman.gasmask: Good candidate with 0 followers, 0 following
2025-03-27 11:33:42,027 - INFO - FOLLOWING SCRAPER: ✗ yuukakazami0: Too many connections (1343 followers, 519 following)
2025-03-27 11:33:42,027 - INFO - FOLLOWING SCRAPER: ✗ cucny: Too many connections (2783 followers, 38 following)
2025-03-27 11:33:42,027 - INFO - FOLLOWING SCRAPER: ✓ thepennclub: Good candidate with 0 followers, 0 following
2025-03-27 11:33:42,027 - INFO - FOLLOWING SCRAPER: ✓ lsmartfund: Good candidate with 0 followers, 0 following
2025-03-27 11:33:42,027 - INFO - FOLLOWING SCRAPER: ✓ perpetual.passion: Good candidate with 0 followers, 0 following
2025-03-27 11:33:42,027 - INFO - FOLLOWING SCRAPER: Found 22 accounts with reasonable follower/following counts
2025-03-27 11:33:42,027 - INFO - FOLLOWING SCRAPER: DEBUG: Sanitizing and saving 1862 links
2025-03-27 11:33:42,027 - INFO - FOLLOWING SCRAPER: DEBUG: After sanitization: 1862 links (removed 0)
2025-03-27 11:33:42,027 - INFO - FOLLOWING SCRAPER: DEBUG: Successfully saved 1862 links to instagram_data/followingLinks.txt
2025-03-27 11:33:42,027 - INFO - FOLLOWING SCRAPER: Links reordered to prioritize accounts with reasonable follower/following counts
2025-03-27 11:33:42,027 - INFO - FOLLOWING SCRAPER: Randomly selecting 49 accounts from 1862 available accounts
2025-03-27 11:33:42,027 - INFO - FOLLOWING SCRAPER: DEBUG: Processing randomly selected link #472/1862: https://www.instagram.com/chuuuuuuuu_____/
2025-03-27 11:33:42,027 - INFO - FOLLOWING SCRAPER: DEBUG: Before processing - 1862 links in queue
2025-03-27 11:33:42,027 - INFO - FOLLOWING SCRAPER: DEBUG: Skipping already processed account: chuuuuuuuu_____
2025-03-27 11:33:42,027 - INFO - FOLLOWING SCRAPER: Error during batch processing: list.remove(x): x not in list
2025-03-27 11:33:42,027 - INFO - FOLLOWING SCRAPER: Browser closed. Script complete.
2025-03-27 11:33:42,267 - ERROR - DEBUG: ISSUE DETECTED - Queue size didn't decrease. Before: 1862, After: 1862, Diff: 0
2025-03-27 11:33:42,267 - INFO - DEBUG: Checking for duplicates after processing
2025-03-27 11:33:42,268 - INFO - No duplicate links found in instagram_data/followingLinks.txt
2025-03-27 11:33:42,268 - INFO - remove_processed_links function is disabled to allow re-scraping of potential rate-limited accounts
2025-03-27 11:33:42,268 - INFO - Following accounts scraping session completed with result: True
2025-03-27 11:33:42,268 - INFO - Sessions completed. Waiting 0 hours and 29 minutes before next sessions...
2025-03-27 11:36:20,134 - INFO - Scraper interrupted by user
2025-03-27 11:36:20,136 - INFO - Auto-scraper script ended
